Iteration	Posterior	Likelihood	Prior	rate_log_sd	rate_neo	root_freqs[1]	root_freqs[2]	tree_length
0	-1488.709	-1582.787	94.07754	0.6283822	0.5361232	0.384081	0.615919	5.547564
6	-1484.317	-1578.319	94.00214	0.6196896	0.4602393	0.520437	0.479563	5.662857
12	-1485.589	-1580.662	95.07273	0.5616974	0.7350251	0.560599	0.439401	4.879775
18	-1487.061	-1582.816	95.75522	0.5616974	0.7599872	0.531239	0.468761	4.480349
24	-1481.974	-1577.64	95.6664	0.8855335	0.697236	0.395747	0.604253	4.392624
30	-1478.744	-1576.331	97.58717	0.8550951	0.5506186	0.446945	0.553055	3.427296
36	-1477.319	-1572.704	95.38517	0.8550951	0.4320299	0.4324	0.5676	4.795784
42	-1479.881	-1574.107	94.22668	0.4693915	0.5774273	0.4324	0.5676	5.518161
48	-1485.608	-1579.546	93.93785	0.446725	0.5774273	0.511109	0.488891	5.68917
54	-1486.173	-1580.258	94.08482	0.4318772	0.5774273	0.600938	0.399062	5.616699
60	-1480.003	-1575.045	95.04162	0.5890458	0.5428883	0.352869	0.647131	5.031023
66	-1477.589	-1572.035	94.44619	0.6713646	0.4414857	0.340593	0.659407	5.40869
72	-1492.6	-1589.056	96.45653	0.785474	0.5970492	0.389885	0.610115	4.079704
78	-1495.427	-1592.169	96.74197	0.9362576	0.444066	0.432747	0.567253	3.971618
84	-1486.302	-1582.015	95.71284	0.699018	0.6071705	0.523699	0.476301	4.540999
90	-1473.283	-1567.584	94.30124	0.8118524	0.7103368	0.435925	0.564075	5.18663
96	-1480.021	-1576.383	96.3618	0.9886624	0.7537132	0.409102	0.590898	3.897787
102	-1486.858	-1583.405	96.54655	0.9383028	0.6503226	0.277672	0.722328	3.897787
108	-1502.669	-1597.708	95.03957	0.7375773	0.6235201	0.404825	0.595175	4.882985
114	-1484.474	-1580.281	95.80716	0.7542566	0.6235201	0.404825	0.595175	4.443719
120	-1514.759	-1606.812	92.05283	0.4155549	0.8213511	0.428355	0.571645	6.558619
126	-1488.494	-1583.917	95.42321	0.5920332	0.4065603	0.454208	0.545792	4.947658
132	-1493.956	-1588.971	95.01503	0.7355823	0.6941642	0.552984	0.447016	4.844223
138	-1490.38	-1584.179	93.79851	0.7355823	0.4671931	0.45546	0.54454	5.704312
144	-1490.412	-1585.396	94.98426	0.6315211	0.5007717	0.581487	0.418513	5.076799
150	-1477.553	-1573.513	95.96006	0.7661718	0.616457	0.607547	0.392453	4.356401
156	-1486.227	-1581.691	95.46369	0.7661718	0.616457	0.507486	0.492514	4.635654
162	-1485.159	-1581.041	95.88132	0.8602534	0.3249121	0.535339	0.464661	4.635654
168	-1486.943	-1582.242	95.29938	0.7029484	0.6239925	0.395984	0.604016	4.756989
174	-1476.546	-1571.879	95.3329	0.6166354	0.6621494	0.436892	0.563108	4.756989
180	-1481.921	-1575.816	93.89475	0.6631571	0.6577355	0.436892	0.563108	5.531196
186	-1482.736	-1576.45	93.71439	0.8949389	0.6049477	0.524161	0.475839	5.543617
192	-1485.357	-1581.135	95.77868	0.8984955	0.8070386	0.46397	0.53603	4.245049
198	-1484.208	-1580.055	95.84657	0.7677225	0.5300072	0.378791	0.621209	4.492766
204	-1490.709	-1588.096	97.38707	0.9942445	0.6225835	0.466601	0.533399	3.400674
210	-1483.47	-1578.577	95.10718	0.5668061	0.5339747	0.331894	0.668106	5.014737
216	-1480.652	-1577.088	96.43569	0.8472222	0.5339747	0.537164	0.462836	4.110908
222	-1485.994	-1582.914	96.92017	0.7633524	0.4682567	0.553457	0.446543	3.944189
228	-1479.328	-1574.92	95.59141	0.835949	0.6314806	0.295986	0.704014	4.512864
234	-1473.323	-1568.916	95.59334	1.021052	0.6018094	0.429342	0.570658	4.43139
240	-1473.277	-1569.598	96.32134	1.021052	0.5324575	0.521786	0.478214	4.078395
246	-1475.5	-1571.995	96.49524	1.021052	0.6269283	0.446447	0.553553	3.898414
252	-1482.111	-1576.418	94.3071	0.7315455	0.774256	0.568579	0.431421	5.183709
258	-1480.878	-1574.77	93.8918	0.6937815	0.5429413	0.441661	0.558339	5.607792
264	-1476.225	-1568.599	92.37457	0.6039573	0.6474135	0.556114	0.443886	6.400973
270	-1480.007	-1573.951	93.94493	0.4637435	0.4980109	0.502529	0.497471	5.744406
276	-1492.945	-1588.011	95.06564	0.3911616	0.7297861	0.541933	0.458067	4.982284
282	-1486.542	-1582.649	96.10722	0.5704176	0.5756005	0.541933	0.458067	4.417511
288	-1487.219	-1580.298	93.07893	0.6408269	0.5777387	0.493838	0.506162	6.052283
294	-1484.141	-1579.884	95.7427	0.7079707	0.703845	0.45325	0.54675	4.444869
300	-1500.332	-1594.903	94.5713	0.7719498	0.6647078	0.618248	0.381752	5.092473
306	-1483.431	-1579.287	95.85682	0.6407868	0.4197886	0.495454	0.504546	4.664541
312	-1491.248	-1587.687	96.43932	0.7949212	0.5422207	0.489379	0.510621	4.131235
318	-1491.863	-1585.642	93.77875	0.6009581	0.9707015	0.496576	0.503424	5.427099
324	-1484.611	-1580.013	95.40183	0.6488377	0.6846155	0.356663	0.643337	4.683619
330	-1478.821	-1573.166	94.3458	0.5034661	0.5032387	0.558105	0.441895	5.497861
336	-1480.481	-1575.643	95.16207	0.7492879	0.6324574	0.358434	0.641566	4.801137
342	-1485.45	-1581.811	96.36006	0.6759366	0.5581996	0.526295	0.473705	4.229792
348	-1493.898	-1587.751	93.85297	0.6552898	0.7806378	0.484989	0.515011	5.47213
354	-1485.59	-1580.042	94.45159	0.5599736	0.4363863	0.46933	0.53067	5.47213
360	-1505.833	-1600.342	94.50838	0.6943349	0.3394886	0.322979	0.677021	5.47213
366	-1502.475	-1597.279	94.80345	0.7632417	0.7255965	0.657756	0.342244	4.924118
372	-1496.539	-1591.804	95.26569	0.7783606	0.7255965	0.657756	0.342244	4.657615
378	-1499.967	-1595.395	95.42781	0.7158739	0.6500419	0.332145	0.667855	4.657615
384	-1508.797	-1603.674	94.87716	0.4635229	0.709326	0.552161	0.447839	5.061254
390	-1481.738	-1575.625	93.88672	0.5944254	0.6371119	0.552161	0.447839	5.588968
396	-1489.549	-1581.903	92.35409	0.3850947	0.6371119	0.385683	0.614317	6.538398
402	-1484.67	-1578.461	93.79091	0.3797483	0.4409377	0.385683	0.614317	5.928514
408	-1487.011	-1579.958	92.94657	0.3612711	0.5059041	0.536419	0.463581	6.337442
414	-1487.206	-1580.164	92.95788	0.3036345	0.5347054	0.536419	0.463581	6.337442
420	-1503.657	-1598.322	94.66576	0.4795408	0.648485	0.513701	0.486299	5.214328
426	-1494.795	-1589.664	94.86892	0.6034259	0.4400066	0.462666	0.537334	5.214328
432	-1488.94	-1583.125	94.18501	0.5664018	0.7675404	0.386522	0.613478	5.346899
438	-1482	-1575.115	93.11516	0.5178423	0.6890535	0.496366	0.503634	6.01458
444	-1483.439	-1578.849	95.41045	0.6174542	0.504608	0.482159	0.517841	4.84412
450	-1485.86	-1581.225	95.36447	0.5576212	0.5818877	0.321046	0.678954	4.835834
456	-1485.687	-1581.737	96.04979	0.5981666	0.6744969	0.360864	0.639136	4.355369
462	-1490.153	-1584.188	94.03472	0.6231923	0.6662402	0.533661	0.466339	5.469854
468	-1495.549	-1592.248	96.69864	0.932999	0.3861936	0.533661	0.466339	4.060395
474	-1504.11	-1600.443	96.33344	0.8278316	0.5124668	0.402328	0.597672	4.199627
480	-1483.843	-1578.974	95.13144	0.6530614	0.486834	0.402328	0.597672	4.996044
486	-1488.396	-1583.65	95.25371	0.5782538	0.4832351	0.38272	0.61728	4.973045
492	-1492.196	-1587.105	94.9088	0.6931828	0.6329912	0.499883	0.500117	4.973045
498	-1484.992	-1579.345	94.35322	0.4323274	0.6622063	0.482272	0.517728	5.402576
504	-1490.343	-1585.402	95.05857	0.5662285	0.6391644	0.467362	0.532638	4.955571
510	-1489.887	-1584.855	94.96777	0.6427601	0.4027832	0.467362	0.532638	5.176205
516	-1481.205	-1576.787	95.58176	0.6330549	0.6252933	0.467362	0.532638	4.637061
522	-1486.811	-1583.124	96.3133	0.7305431	0.4637444	0.467362	0.532638	4.312594
528	-1486.059	-1580.17	94.1107	0.6325431	0.3771639	0.420934	0.579066	5.681541
534	-1486.906	-1583.252	96.3464	0.8118236	0.421287	0.460666	0.539334	4.291116
540	-1493.937	-1589.61	95.67288	0.7559078	0.5268357	0.472865	0.527135	4.599819
546	-1488.919	-1583.267	94.34885	0.5691393	0.4498609	0.472865	0.527135	5.510278
552	-1489.161	-1583.116	93.95579	0.6236972	0.5145338	0.479653	0.520347	5.635926
558	-1489.031	-1584.61	95.57975	0.7033537	0.6039865	0.545607	0.454393	4.615847
564	-1494.239	-1590.462	96.22297	0.6659845	0.4436146	0.545607	0.454393	4.420162
570	-1499.641	-1595.235	95.59479	0.7301029	0.6479083	0.313657	0.686343	4.557623
576	-1489.321	-1584.008	94.68632	0.6905684	0.4950961	0.543255	0.456745	5.214309
582	-1491.967	-1585.402	93.43517	0.7106981	0.4950961	0.347291	0.652709	5.890816
588	-1486.659	-1582.847	96.1876	0.62874	0.4950961	0.331902	0.668098	4.410924
594	-1486.844	-1581.067	94.22265	0.6436352	0.4749626	0.535021	0.464979	5.51461
600	-1493.365	-1588.079	94.71346	0.4066582	0.4749626	0.365672	0.634328	5.374864
606	-1496.556	-1591.522	94.96675	0.3917355	0.7334631	0.497867	0.502133	5.034317
612	-1497.29	-1591.42	94.12974	0.7378426	0.6410384	0.497867	0.502133	5.373348
618	-1490.105	-1584.209	94.10424	0.8711397	0.7761119	0.499701	0.500299	5.217469
624	-1479.347	-1573.084	93.73781	0.8693281	0.6048813	0.434875	0.565125	5.544871
630	-1479.157	-1573.571	94.41364	0.6883823	0.6026734	0.394401	0.605599	5.273984
636	-1478.227	-1574.772	96.5443	0.7731552	0.5675921	0.522866	0.477134	4.061635
642	-1480.678	-1577.736	97.05777	0.8476605	0.6868144	0.471148	0.528852	3.626946
648	-1483.289	-1578.491	95.20129	0.7130776	0.7293074	0.526237	0.473763	4.727562
654	-1481.026	-1576.316	95.28968	0.6783343	0.8410971	0.40209	0.59791	4.622561
660	-1480.251	-1575.357	95.10517	0.8444776	0.548694	0.415871	0.584129	4.848547
666	-1473.571	-1567.51	93.9399	0.6052892	0.5776299	0.510769	0.489231	5.600895
672	-1468.346	-1562.685	94.33915	0.5833593	0.6183246	0.510769	0.489231	5.360654
678	-1476.041	-1570.38	94.33915	0.5833593	0.6183246	0.441922	0.558078	5.360654
684	-1478.686	-1574.662	95.97674	0.7296968	0.5550856	0.480236	0.519764	4.418817
690	-1481.604	-1576.451	94.84729	0.673379	0.6112836	0.64112	0.35888	5.035296
696	-1480.477	-1574.66	94.18327	0.4836578	0.6112836	0.307006	0.692994	5.506938
702	-1486.676	-1580.609	93.9335	0.4608246	0.5708784	0.420298	0.579702	5.689209
708	-1485.93	-1580.284	94.3533	0.8122087	0.659672	0.576884	0.423116	5.194692
714	-1482.654	-1577.836	95.18184	0.8479974	0.8324975	0.384959	0.615041	4.593391
720	-1491.309	-1586.129	94.82004	0.5720801	0.5802082	0.261668	0.738332	5.131769
726	-1474.398	-1570.088	95.69006	0.6814843	0.5802082	0.494765	0.505235	4.585816
732	-1481.818	-1577.36	95.54273	0.6775656	0.6442763	0.677519	0.322481	4.619126
738	-1480.8	-1575.815	95.01546	0.9563433	0.7117388	0.528038	0.471962	4.707961
744	-1484.988	-1581.847	96.85836	0.9563433	0.7863263	0.352273	0.647727	3.607121
750	-1473.111	-1567.113	94.00118	0.7721822	0.6134851	0.5097	0.4903	5.446634
756	-1474.8	-1569.613	94.8134	0.7771895	0.6981458	0.438172	0.561828	4.930453
762	-1478.805	-1573.518	94.71337	0.8772157	0.6981458	0.408997	0.591003	4.930453
768	-1484.012	-1579.312	95.30036	0.6951174	0.6076528	0.305895	0.694105	4.773841
774	-1482.839	-1577.879	95.0402	0.6626845	0.5275021	0.398718	0.601282	5.004388
780	-1482.753	-1576.853	94.09948	0.6456858	0.3897051	0.388779	0.611221	5.666855
786	-1478.718	-1572.253	93.53512	0.7070208	0.4345537	0.473557	0.526443	5.895791
792	-1482.809	-1576.816	94.00696	0.4418315	0.5656943	0.508232	0.491768	5.663642
798	-1478.405	-1574.775	96.37069	0.8598982	0.8154532	0.534924	0.465076	3.92412
804	-1480.83	-1577.058	96.22804	1.00255	0.8154532	0.517434	0.482566	3.92412
810	-1483.442	-1580.593	97.1515	0.971007	0.7098766	0.374819	0.625181	3.48315
816	-1478.216	-1574.051	95.83529	1.03219	0.6268688	0.474863	0.525137	4.268171
822	-1483.945	-1581.466	97.52088	1.142294	0.4914714	0.417174	0.582826	3.35349
828	-1475.18	-1571.157	95.97698	0.8980825	0.7537681	0.581265	0.418735	4.169098
834	-1480.24	-1575.363	95.12301	0.9197167	0.7292273	0.581265	0.418735	4.655784
840	-1482.035	-1577.339	95.30331	0.7840585	0.7195091	0.444286	0.555714	4.637682
846	-1475.908	-1569.976	94.06771	0.7708124	0.4103481	0.561865	0.438135	5.593793
852	-1479.775	-1575.086	95.31051	0.7674314	0.4281322	0.534231	0.465769	4.890278
858	-1481.512	-1576.923	95.41149	0.7331624	0.7128591	0.565431	0.434569	4.610337
864	-1480.327	-1575.985	95.65795	0.7737199	0.7128591	0.46695	0.53305	4.449023
870	-1478.948	-1574.773	95.82501	0.8045016	0.6974229	0.559317	0.440683	4.348686
876	-1473.742	-1571.281	97.53968	0.8045016	0.4300323	0.326746	0.673254	3.602617
882	-1472.755	-1568.3	95.54516	0.5453559	0.5836604	0.447159	0.552841	4.740333
888	-1481.349	-1576.697	95.34878	0.5670712	0.5044653	0.450843	0.549157	4.906675
894	-1480.304	-1576.539	96.2343	0.6182863	0.6243857	0.514168	0.485832	4.278587
900	-1480.936	-1575.458	94.52212	0.5481114	0.4832062	0.514168	0.485832	5.394616
906	-1477.296	-1573.667	96.37036	0.8637726	0.6530677	0.479872	0.520128	4.039072
912	-1483.508	-1578.471	94.96323	0.8793055	0.6350505	0.540744	0.459256	4.837513
918	-1484.363	-1580.943	96.58007	0.8717497	0.6124954	0.540744	0.459256	3.947108
924	-1477.687	-1572.743	95.0565	0.6564241	0.6809379	0.557726	0.442274	4.874942
930	-1480.643	-1578.03	97.38702	1.014762	0.6085004	0.536883	0.463117	3.400459
936	-1476.984	-1573.578	96.59437	0.8299604	0.5699195	0.536883	0.463117	3.998622
942	-1471.802	-1568.418	96.6153	0.8137139	0.5668194	0.536883	0.463117	3.998622
948	-1486.382	-1581.97	95.58759	0.8137139	0.5932044	0.375409	0.624591	4.558331
954	-1473.709	-1569.049	95.33961	0.603001	0.4570635	0.448725	0.551275	4.936627
960	-1480.508	-1574.499	93.99068	0.5367561	0.5389567	0.54078	0.45922	5.643117
966	-1491.421	-1585.212	93.79027	0.5830227	0.643738	0.428672	0.571328	5.643117
972	-1480.784	-1574.665	93.88066	0.4582575	0.6689527	0.471346	0.528654	5.643117
978	-1483.197	-1574.401	91.20373	0.516081	0.7359944	0.518397	0.481603	7.018178
984	-1480.168	-1574.24	94.0714	0.5048767	0.7359944	0.432433	0.567567	5.464861
990	-1484.416	-1577.567	93.15119	0.4485678	0.6698545	0.446674	0.553326	6.046624
996	-1494.023	-1587.257	93.23383	0.3659224	0.6698545	0.498116	0.501884	6.046624
1014	-1485.181	-1578.3	93.11912	0.5945382	0.8656208	0.403746	0.596254	5.854025
1020	-1485.79	-1578.95	93.15973	0.5039647	0.5015271	0.54065	0.45935	6.147935
1350	-1482.15	-1577.084	94.93378	0.6973565	0.6111651	0.593778	0.406222	4.974025
1356	-1489.367	-1583.674	94.30698	0.4714147	0.6458123	0.392541	0.607459	5.418861
1362	-1481.296	-1575.78	94.48427	0.4779822	0.4954512	0.392541	0.607459	5.442774
1368	-1482.646	-1576.553	93.90726	0.6032811	0.6203645	0.326182	0.673818	5.585757
1374	-1485.914	-1581.826	95.91232	0.6025086	0.4770615	0.504699	0.495301	4.597613
1392	-1492.892	-1586.793	93.90054	0.3547449	0.5936995	0.454118	0.545882	5.746819
1398	-1479.015	-1573.413	94.39872	0.6422875	0.5936995	0.454118	0.545882	5.314893
1404	-1488.208	-1584.364	96.15598	0.7451898	0.4390027	0.39592	0.60408	4.417957
1410	-1486.43	-1582.385	95.95499	0.7871263	0.3742879	0.347678	0.652322	4.576894
1416	-1488.161	-1581.723	93.56242	0.6017109	0.8408129	0.511107	0.488893	5.622581
1422	-1493.974	-1587.976	94.002	0.4281266	0.6298104	0.511107	0.488893	5.622581
1428	-1489.966	-1587.336	97.36967	0.7000032	0.5019566	0.421199	0.578801	3.689241
1434	-1482.689	-1578.022	95.33299	0.599435	0.6430564	0.421199	0.578801	4.781142
1440	-1486.38	-1583.843	97.46338	0.957796	0.761167	0.421199	0.578801	3.270052
1446	-1488.278	-1585.146	96.86878	0.9871912	0.3757344	0.461742	0.538258	3.944113
1452	-1480.752	-1575.727	94.97476	0.7276316	0.6582686	0.589678	0.410322	4.897777
1458	-1491.284	-1587.923	96.63926	0.8688397	0.6071844	0.395891	0.604109	3.919242
1464	-1497.645	-1592.9	95.2557	0.9610647	0.84907	0.350402	0.649598	4.477753
1470	-1500.585	-1596.901	96.3158	0.7619399	0.6237646	0.380175	0.619825	4.151353
1476	-1503.637	-1599.073	95.43661	0.7330198	0.6568467	0.406925	0.593075	4.637863
1482	-1494.466	-1589.868	95.4013	0.6680514	0.7334802	0.592211	0.407789	4.637863
1488	-1497.434	-1592.167	94.73325	0.9146743	0.6720924	0.459677	0.540323	4.91771
1494	-1485.73	-1580.25	94.52004	0.6454845	0.5766643	0.461822	0.538178	5.260057
1500	-1494.193	-1588.64	94.44701	0.50504	0.732524	0.509883	0.490117	5.260057
1506	-1486.272	-1580.972	94.70022	0.688421	0.4405491	0.41329	0.58671	5.260057
1512	-1492.023	-1587.852	95.8287	0.6276128	0.4981079	0.512892	0.487108	4.61057
1518	-1489.561	-1585.099	95.53808	0.737302	0.6159125	0.477016	0.522984	4.61057
1524	-1486.863	-1582.999	96.13557	0.735896	0.5284154	0.444315	0.555685	4.349209
1530	-1487.149	-1583.265	96.116	0.5148541	0.6274542	0.389789	0.610211	4.401443
1536	-1482.418	-1578.548	96.13059	0.5486462	0.5200966	0.364942	0.635058	4.46513
1542	-1485.785	-1581.152	95.36677	0.770479	0.625998	0.4358	0.5642	4.67995
1548	-1487.792	-1583.6	95.80842	0.5915045	0.4585734	0.418842	0.581158	4.67995
1554	-1484.447	-1579.838	95.39109	0.771178	0.6084362	0.574803	0.425197	4.67995
1560	-1482.675	-1579.169	96.4936	0.485348	0.4677118	0.531468	0.468532	4.345381
1566	-1487.624	-1582.527	94.90225	0.4949546	0.4438373	0.478126	0.521874	5.252054
1602	-1482.548	-1578.127	95.57892	0.3418644	0.5569314	0.504409	0.495591	4.857562
1608	-1482.409	-1577.602	95.19377	0.679047	0.5532875	0.373806	0.626194	4.887404
1614	-1485.094	-1580.256	95.16154	0.5942798	0.5532875	0.536794	0.463206	4.95252
1620	-1478.246	-1573.251	95.00541	0.5269081	0.6755195	0.456413	0.543587	4.979458
1626	-1486.13	-1580.857	94.7264	0.7300053	0.5460485	0.558288	0.441712	5.124941
1632	-1498.085	-1592.23	94.1456	0.6433643	1.112629	0.411894	0.588106	5.124941
1638	-1493.156	-1587.838	94.68171	0.6681385	0.6177049	0.50743	0.49257	5.124941
1644	-1489.369	-1583.074	93.70571	0.7322605	0.636583	0.59627	0.40373	5.613074
1650	-1485.325	-1579.504	94.17926	0.5807031	0.4337192	0.493095	0.506905	5.613074
1656	-1478.088	-1573.628	95.54057	0.7144193	0.4126623	0.493095	0.506905	4.807643
1662	-1481.433	-1575.744	94.3115	0.6305946	0.434712	0.535508	0.464492	5.512017
1668	-1489.702	-1585.391	95.68889	0.7561865	0.4452928	0.586661	0.413339	4.667857
1674	-1494.291	-1589.089	94.79763	0.8325598	0.5800775	0.526965	0.473035	4.999803
1680	-1481.783	-1575.153	93.37037	0.7675088	0.8295934	0.526965	0.473035	5.64403
1686	-1486.427	-1578.786	92.35877	0.5182279	0.8443941	0.538442	0.461558	6.322803
1692	-1474.63	-1568.399	93.76883	0.5919677	0.7423483	0.477189	0.522811	5.578963
1698	-1478.922	-1571.922	92.9997	0.3626548	0.5428085	0.558419	0.441581	6.275775
1704	-1484.312	-1577.038	92.72602	0.4220147	0.692929	0.62768	0.37232	6.275775
1710	-1481.522	-1575.547	94.02506	0.3288247	0.4615361	0.478353	0.521647	5.808383
1716	-1478.77	-1573.556	94.78543	0.3838318	0.6805213	0.381446	0.618554	5.177123
1722	-1472.931	-1567.382	94.45137	0.4669336	0.6205706	0.520034	0.479966	5.361211
1728	-1475.057	-1568.525	93.46818	0.5898816	0.5278536	0.419721	0.580279	5.909653
1734	-1477.763	-1572.779	95.0159	0.6936456	0.5416144	0.466603	0.533397	4.988316
2010	-1485.648	-1579.614	93.96582	0.4670992	0.7222491	0.378488	0.621512	5.553244
2016	-1484.176	-1579.803	95.62623	0.6609773	0.4937425	0.462288	0.537712	4.709349
2022	-1477.436	-1573.146	95.71024	0.8559054	0.5765576	0.558296	0.441704	4.479512
2292	-1486.837	-1583.118	96.28111	0.7291292	0.6398245	0.561289	0.438711	4.176922
2298	-1483.561	-1579.991	96.42965	0.7319175	0.6758498	0.41082	0.58918	4.062904
2304	-1495.651	-1591.567	95.9159	0.7128452	0.6437709	0.458478	0.541522	4.389793
2310	-1487.378	-1582.785	95.40713	0.4130932	0.6135071	0.458478	0.541522	4.86692
2316	-1496.056	-1590.414	94.35827	0.491902	0.7119881	0.522313	0.477687	5.330731
2322	-1490.722	-1583.346	92.62393	0.2099887	0.5987306	0.356036	0.643964	6.516691
2328	-1491.906	-1586.376	94.46993	0.3418407	0.4670119	0.56688	0.43312	5.552111
2334	-1492.784	-1586.479	93.69516	0.7672677	0.6799852	0.448459	0.551541	5.567217
2340	-1493.715	-1589.268	95.55216	0.4662053	0.5431493	0.460217	0.539783	4.815031
2346	-1490.747	-1586.119	95.37226	0.6188482	0.5608138	0.483399	0.516601	4.815031
2352	-1479.411	-1575.406	95.99479	0.7288736	0.5894824	0.575009	0.424991	4.379922
2358	-1482.125	-1578.167	96.04218	0.6816956	0.463115	0.554114	0.445886	4.493691
2364	-1482.164	-1578.35	96.1866	0.7843961	0.8903607	0.414638	0.585362	4.024343
2370	-1482.574	-1577.895	95.32019	0.8221798	0.719001	0.414638	0.585362	4.607209
2376	-1482.717	-1579.55	96.8333	0.8410235	0.697897	0.471333	0.528667	3.752207
4074	-1493.785	-1588.839	95.05363	0.5584398	0.5506808	0.570988	0.429012	5.03463
4080	-1495.487	-1591.718	96.23116	0.6390676	0.4644386	0.588796	0.411204	4.40996
4086	-1487.677	-1581.24	93.56269	0.5162745	0.5133423	0.580582	0.419418	5.910976
4092	-1498.478	-1592.044	93.56588	0.4202899	0.5727797	0.505124	0.494876	5.910976
4098	-1480.595	-1574.747	94.15209	0.56152	0.6295922	0.512129	0.487871	5.466957
4104	-1491.677	-1587.092	95.41443	0.737844	0.5231013	0.399826	0.600174	4.757959
4110	-1481.732	-1577.36	95.62797	0.7048278	0.5433677	0.399826	0.600174	4.63902
4116	-1471.876	-1569.016	97.14036	0.7048278	0.5299172	0.538263	0.461737	3.792695
4122	-1477.097	-1574.011	96.91437	0.7292972	0.6680139	0.538263	0.461737	3.792695
4128	-1480.623	-1577.579	96.95598	0.8908568	0.7092174	0.388145	0.611855	3.643978
4134	-1483.552	-1580.047	96.49471	0.8861108	0.3963585	0.556194	0.443806	4.191781
4140	-1484.558	-1581.102	96.54465	1.051168	0.6128366	0.601356	0.398644	3.864257
4146	-1479.198	-1575.881	96.68341	0.7854071	0.7062367	0.357729	0.642271	3.864257
4380	-1503.487	-1598.813	95.32613	0.8731448	0.7480502	0.55247	0.44753	4.554765
4386	-1490.625	-1586.585	95.96	0.6747301	0.5414755	0.471281	0.528719	4.471099
4404	-1490.177	-1585.97	95.79311	0.7266648	0.6676677	0.452916	0.547084	4.432859
4452	-1489.647	-1584.57	94.92307	0.4342486	0.8280955	0.528804	0.471196	4.971756
4458	-1483.05	-1578.724	95.67388	0.6638296	0.5547991	0.406533	0.593467	4.626351
4464	-1484.922	-1581.571	96.64939	0.6638296	0.5632065	0.456282	0.543718	4.067838
4470	-1478.466	-1572.909	94.44254	0.560032	0.618217	0.383101	0.616899	5.316568
4476	-1481.744	-1576.343	94.59835	0.7619457	0.8951843	0.517403	0.482597	4.928392
4482	-1477.468	-1572.827	95.35868	0.6184445	0.4459571	0.428841	0.571159	4.928392
4488	-1479.474	-1573.261	93.7871	0.5555313	0.6694412	0.603929	0.396071	5.640717
4494	-1478.414	-1572.126	93.71182	0.4308669	0.6694412	0.537677	0.462323	5.750315
4500	-1479.961	-1573.469	93.50808	0.5069399	0.657864	0.475533	0.524467	5.828746
4506	-1478.142	-1572.883	94.74099	0.4634431	0.6062987	0.51716	0.48284	5.214486
4512	-1484.065	-1577.805	93.73995	0.4084906	0.4605471	0.41517	0.58483	5.921623
4518	-1484.582	-1580.079	95.49712	0.3966779	0.5430033	0.618101	0.381899	4.884599
4524	-1482.199	-1578.089	95.8895	0.7814771	0.6499608	0.512915	0.487085	4.361136
4530	-1489.819	-1584.601	94.78181	0.6690988	0.5605972	0.512915	0.487085	5.115571
4536	-1487.078	-1580.913	93.83526	0.7361324	0.5878673	0.362924	0.637076	5.578157
5064	-1504.425	-1599.164	94.73927	0.7377209	0.5463643	0.622107	0.377893	5.113259
5070	-1497.294	-1592.42	95.12624	0.4027323	0.5136223	0.585867	0.414133	5.113259
5076	-1489.927	-1585.019	95.09149	0.5145083	0.4676641	0.53483	0.46517	5.113259
5082	-1496.952	-1592.615	95.66323	0.5839375	0.549133	0.562008	0.437992	4.681968
5088	-1492.536	-1588.214	95.67779	0.5035397	0.549133	0.376134	0.623866	4.7188
5094	-1494.515	-1591.171	96.65635	0.6971658	0.5380253	0.393899	0.606101	4.067052
5100	-1511.657	-1607.111	95.45466	0.5798292	0.7092048	0.338252	0.661748	4.674701
5106	-1496.236	-1591.501	95.2657	0.6869398	0.488852	0.492227	0.507773	4.900635
5112	-1499.302	-1594.846	95.54406	0.7273316	0.4877956	0.438571	0.561429	4.723768
5118	-1499.079	-1594.887	95.80845	0.6017996	0.5906811	0.482097	0.517903	4.555384
5124	-1488.164	-1582.687	94.52266	0.6017996	0.6386037	0.501016	0.498984	5.233406
5130	-1490.122	-1584.425	94.30267	0.3937374	0.6702848	0.525132	0.474868	5.445667
5136	-1485.86	-1579.584	93.72395	0.4200145	0.5047735	0.525132	0.474868	5.88311
5142	-1497.678	-1591.629	93.95072	0.362059	0.4090465	0.476971	0.523029	5.88311
5148	-1489.631	-1584.103	94.47207	0.5259418	0.5512829	0.465995	0.534005	5.373789
5160	-1483.703	-1577.147	93.44383	0.1716788	0.6171076	0.499489	0.500511	6.077798
5166	-1491.871	-1585.536	93.6647	0.4259008	0.5107044	0.548263	0.451737	5.906965
5172	-1481.051	-1574.919	93.86824	0.4547101	0.7059139	0.398967	0.601033	5.625135
5178	-1480.939	-1575.173	94.23357	0.3294705	0.5371559	0.399468	0.600532	5.625135
5184	-1496.271	-1590.156	93.88501	0.5840359	0.8268534	0.429216	0.570784	5.463792
5190	-1489.778	-1584.231	94.45304	0.5643912	0.7030171	0.457728	0.542272	5.244767
5196	-1486.511	-1581.671	95.15973	0.5898645	0.6047351	0.541407	0.458593	4.913282
5202	-1486.5	-1580.224	93.72483	0.6792619	0.631049	0.545707	0.454293	5.635912
5208	-1490.602	-1586.251	95.64905	0.6843557	0.5238504	0.504146	0.495854	4.655957
5214	-1495.655	-1589.418	93.76302	0.8860208	0.5793612	0.504146	0.495854	5.542431
5220	-1491.727	-1586.029	94.30164	0.7154991	0.6205225	0.443331	0.556669	5.306722
5226	-1489.98	-1585.796	95.81591	0.9218629	0.7400745	0.544051	0.455949	4.256632
5232	-1485.866	-1581.572	95.70643	0.8860284	0.863234	0.544051	0.455949	4.256632
5238	-1491.774	-1586.766	94.99181	0.8151551	0.6117787	0.380738	0.619262	4.875687
5244	-1481.108	-1575.735	94.62703	1.015021	0.6117787	0.464365	0.535635	4.967468
5250	-1493.239	-1588.833	95.59471	0.8302311	0.4412558	0.668708	0.331292	4.683188
5256	-1495.419	-1591.629	96.21069	0.738778	0.6296294	0.616949	0.383051	4.219498
5262	-1487.596	-1583.405	95.80862	1.085056	0.6702649	0.388818	0.611182	4.219498
5268	-1476.207	-1572.628	96.42158	0.7526911	0.4835104	0.574318	0.425682	4.219498
5274	-1479.557	-1574.859	95.30252	0.6979723	0.5877719	0.499451	0.500549	4.787226
5280	-1467.65	-1562.974	95.32377	0.6620216	0.5953608	0.407089	0.592911	4.789213
5286	-1479.869	-1573.546	93.67757	0.5720388	0.6318162	0.442041	0.557959	5.720024
5292	-1494.501	-1588.639	94.13839	0.7153591	0.4700387	0.371847	0.628153	5.526162
5298	-1493.242	-1588.534	95.29208	0.8639549	0.7628461	0.547455	0.452545	4.568816
5310	-1479.721	-1574.807	95.08628	0.5554622	0.5271888	0.449695	0.550305	5.038616
5316	-1482.685	-1579.018	96.33293	0.9734033	1.126019	0.479223	0.520777	3.696779
5322	-1488.778	-1583.032	94.25427	0.9517076	1.131417	0.471728	0.528272	4.883716
5328	-1496.445	-1592.997	96.55196	0.7838197	0.4704548	0.461845	0.538155	4.14044
5334	-1484.232	-1579.958	95.72618	0.5321283	0.5292857	0.546929	0.453071	4.693153
5340	-1481.96	-1577.47	95.51066	0.6577992	0.5880014	0.473761	0.526239	4.693153
5346	-1484.61	-1579.012	94.40213	0.6791316	0.7566048	0.62592	0.37408	5.172036
5352	-1478.242	-1573.426	95.18336	0.5264814	0.70118	0.50034	0.49966	4.861846
5358	-1485.213	-1580.003	94.78946	0.5684783	0.5240838	0.52168	0.47832	5.198628
5364	-1485.268	-1580.146	94.87797	0.5240981	0.6403275	0.579402	0.420598	5.078369
5370	-1481.098	-1576.016	94.91788	0.5023682	0.6273246	0.37007	0.62993	5.078369
5376	-1484.333	-1578.381	94.04806	0.4585075	0.7581376	0.519738	0.480262	5.488099
5382	-1489.451	-1585.102	95.65118	0.7644699	0.8668123	0.512103	0.487897	4.354394
5388	-1487.576	-1582.777	95.20079	0.5711851	0.6614896	0.353701	0.646299	4.856573
5394	-1489.491	-1585.042	95.55136	0.6360837	0.6242579	0.576096	0.423904	4.653214
5412	-1487.004	-1581.866	94.86208	0.7013531	0.5054044	0.465842	0.534158	5.101595
5418	-1481.126	-1576.46	95.33434	0.7546235	0.6660222	0.480207	0.519793	4.676079
5424	-1490.785	-1584.183	93.39864	0.7546235	0.5751529	0.451922	0.548078	5.817698
5430	-1487.4	-1580.715	93.31592	0.4899986	0.6764656	0.397329	0.602671	5.929321
5436	-1490.151	-1583.789	93.63788	0.5931946	0.6712043	0.443941	0.556059	5.700596
5442	-1493.44	-1590.098	96.65816	1.085878	0.246803	0.499357	0.500643	4.176371
5448	-1493.992	-1590.437	96.44528	0.7250493	0.7381742	0.353319	0.646681	4.011942
5454	-1489.177	-1586.483	97.30552	1.144187	0.4581618	0.460921	0.539079	3.511844
5460	-1492.777	-1588.731	95.95413	0.5524647	0.6085208	0.537522	0.462478	4.486634
5466	-1498.739	-1592.868	94.1287	0.8818128	0.9160898	0.367332	0.632668	5.110138
5472	-1493.665	-1590.351	96.68606	0.8542544	0.4807398	0.318164	0.681836	4.013844
5478	-1497.504	-1592.014	94.50976	0.7505847	0.802122	0.618413	0.381587	5.042418
5484	-1488.86	-1586.156	97.29636	1.105027	0.4379821	0.617036	0.382964	3.560947
5490	-1488.686	-1585.454	96.76803	1.105027	0.8225152	0.456132	0.543868	3.548479
5496	-1481.311	-1575.451	94.13947	0.8488465	0.6631656	0.537667	0.462333	5.290015
5502	-1483.723	-1579.761	96.03826	0.7299691	0.5986212	0.519132	0.480868	4.347195
5508	-1489.021	-1582.787	93.76619	0.4547613	0.4973429	0.473815	0.526185	5.847734
5514	-1490.948	-1585.718	94.77001	0.771958	0.4913369	0.445813	0.554187	5.126409
5520	-1482.332	-1578.041	95.70857	0.7215117	0.683671	0.4221	0.5779	4.471343
5526	-1482.121	-1578.109	95.98785	0.8047727	0.6353416	0.572337	0.427663	4.303815
5532	-1486.847	-1581.261	94.41363	0.709244	0.7772547	0.40055	0.59945	5.135072
5538	-1481.483	-1577.927	96.44441	0.8457846	0.6157918	0.559272	0.440728	4.036799
5544	-1488.32	-1583.644	95.32357	0.565327	0.5279978	0.410702	0.589298	4.900497
5550	-1488.827	-1584.209	95.3813	0.6445338	0.4467436	0.557448	0.442552	4.900497
5556	-1493.427	-1589.217	95.79059	0.8276369	0.6227409	0.42107	0.57893	4.412318
5562	-1483.058	-1580.254	97.19556	0.8276369	0.5859531	0.490312	0.509688	3.640269
5568	-1485.755	-1582.12	96.36511	0.8904566	0.5517894	0.490312	0.509688	4.110642
5574	-1491.16	-1588.114	96.95328	0.8551457	0.5802708	0.581461	0.418539	3.769288
5580	-1493.103	-1589.154	96.0508	0.842302	0.4104774	0.425147	0.574853	4.452256
5586	-1491.071	-1585.607	94.53604	0.4808445	0.5874857	0.656423	0.343577	5.333247
5592	-1493.962	-1588.029	94.06702	0.4925979	0.5602667	0.423605	0.576395	5.607364
5598	-1495.651	-1591.765	96.11394	0.9090116	0.392667	0.423605	0.576395	4.398361
5604	-1491.425	-1586.549	95.12433	0.4231866	0.5910474	0.569869	0.430131	5.036704
5610	-1486.071	-1579.781	93.71003	0.6242795	0.4751673	0.553247	0.446753	5.806187
5616	-1487.146	-1581.036	93.8895	0.5305522	0.4692712	0.41979	0.58021	5.764811
5622	-1496.312	-1591.067	94.75461	0.5388294	0.5004092	0.560586	0.439414	5.255573
5628	-1495.441	-1589.254	93.81286	0.4314781	0.6501452	0.563026	0.436974	5.708984
5634	-1497.903	-1592.997	95.09437	0.4954664	0.6130482	0.413079	0.586921	4.995479
5640	-1493.599	-1586.891	93.29122	0.5019527	0.4861966	0.425209	0.574791	6.091354
5646	-1492.581	-1585.473	92.89171	0.6298948	0.4957531	0.392599	0.607401	6.230424
5652	-1495.468	-1589.849	94.38116	0.6455757	0.4631898	0.48481	0.51519	5.437524
5658	-1485.872	-1578.8	92.9281	0.420598	0.6647075	0.415127	0.584873	6.187102
5664	-1481.896	-1575.275	93.37841	0.4577394	0.4995041	0.410556	0.589444	6.055831
5670	-1483.381	-1578.491	95.11021	0.6064354	0.5253152	0.410556	0.589444	4.99868
5676	-1475.804	-1570.862	95.05752	0.5949223	0.5692219	0.472367	0.527633	4.996482
5682	-1479.173	-1575.639	96.46612	0.8995534	0.8195426	0.341912	0.658088	3.843873
5688	-1480.068	-1575.648	95.58042	0.8353542	0.6778863	0.545717	0.454283	4.483717
5694	-1487.596	-1581.49	93.89381	0.5301541	0.4419789	0.545717	0.454283	5.789018
5700	-1486.686	-1581.269	94.58299	0.5301541	0.5465798	0.553122	0.446878	5.314301
5706	-1497.312	-1590.606	93.29393	0.4735656	0.6820473	0.387945	0.612055	5.946247
5712	-1485.139	-1578.868	93.72825	0.6164698	0.6252958	0.584249	0.415751	5.672916
5718	-1481.953	-1575.598	93.64568	0.6581886	0.6547248	0.421517	0.578483	5.672916
5724	-1487.347	-1582.283	94.93593	0.626873	0.4826494	0.541971	0.458029	5.122969
5730	-1491.71	-1587.337	95.62677	0.7912044	0.4779904	0.533172	0.466828	4.651021
5736	-1487.319	-1583.657	96.33739	0.7679324	0.5330676	0.533172	0.466828	4.212638
5742	-1486.272	-1581.182	94.90964	0.7672188	0.7337076	0.466103	0.533897	4.857056
5748	-1485.541	-1578.578	93.03672	0.6383462	0.466518	0.488592	0.511408	6.173973
5754	-1477.31	-1573.168	95.85815	0.8804779	0.5819197	0.460302	0.539698	4.377788
5760	-1476.689	-1570.901	94.21205	0.6472323	0.5460233	0.61519	0.38481	5.454702
5766	-1485.535	-1580.909	95.37385	0.6975534	0.5460233	0.398192	0.601808	4.782928
5772	-1484.438	-1578.905	94.46685	0.7515388	0.583469	0.41595	0.58405	5.225233
5778	-1482.369	-1576.968	94.59859	1.027986	0.7075749	0.480778	0.519222	4.903613
5784	-1479.642	-1574.243	94.60151	0.8541631	0.6774079	0.466229	0.533771	5.020644
5790	-1473.048	-1567.018	93.97001	0.7602121	0.6774079	0.485196	0.514804	5.421804
5796	-1480.183	-1572.572	92.38909	0.5982104	0.6112182	0.56959	0.43041	6.423798
5802	-1478.839	-1571.158	92.31837	0.4886099	0.5380846	0.50329	0.49671	6.580899
5808	-1481.17	-1576.488	95.31842	0.5410786	0.5380846	0.50329	0.49671	4.907988
5814	-1479.381	-1573.231	93.84987	0.6962962	0.4516105	0.490298	0.509702	5.712672
5820	-1485.875	-1581.138	95.2627	0.5435942	0.5241785	0.451161	0.548839	4.949859
5826	-1491.796	-1585.083	93.28716	0.6421379	0.6529346	0.372449	0.627551	5.879292
5832	-1485.763	-1581.842	96.07928	0.8765195	0.4131246	0.492219	0.507781	4.414102
5838	-1497.946	-1591.898	93.95145	0.564798	0.6944786	0.492219	0.507781	5.527137
5892	-1487.757	-1584.536	96.77947	0.6878185	0.6767985	0.497433	0.502567	3.887319
5898	-1484.619	-1581.371	96.75202	0.7152747	0.6767985	0.390965	0.609035	3.887319
5904	-1489.342	-1583.505	94.16279	0.6523291	0.6767985	0.505767	0.494233	5.37547
5910	-1494.494	-1588.687	94.19273	0.6505099	0.5798169	0.57068	0.42932	5.435222
5916	-1485.867	-1581.126	95.25844	0.6330079	0.6285372	0.355642	0.644358	4.815318
5922	-1484.61	-1579.786	95.17613	0.7153163	0.6285372	0.453412	0.546588	4.815318
5928	-1485.776	-1580.921	95.14494	0.7153163	0.5774511	0.453412	0.546588	4.873983
5934	-1484.044	-1578.564	94.5205	0.7153163	0.7554324	0.453412	0.546588	5.087212
5940	-1478.657	-1573.329	94.67186	0.7374079	0.5726895	0.41219	0.58781	5.128498
5946	-1478.682	-1573.342	94.66078	0.7374079	0.5800973	0.445913	0.554087	5.128498
5952	-1483.247	-1577.95	94.70266	0.7724561	0.5300441	0.469283	0.530717	5.128498
5958	-1482.981	-1579.027	96.0459	0.7093503	0.6752375	0.515203	0.484797	4.294149
5964	-1487.551	-1582.442	94.89046	0.6307769	0.5551306	0.470206	0.529794	5.081224
5970	-1485.725	-1578.993	93.268	0.6307769	0.5860704	0.494936	0.505064	5.947884
5976	-1489.158	-1584.57	95.41123	0.5583149	0.5371097	0.599747	0.400253	4.847531
5982	-1489.346	-1584.465	95.11849	0.774269	0.5529776	0.576038	0.423962	4.876561
5988	-1490.17	-1584.318	94.14731	0.6150348	0.5556621	0.355011	0.644989	5.499845
5994	-1495.141	-1588.946	93.80539	0.6404842	0.4206732	0.369325	0.630675	5.798381
6000	-1498.753	-1595.249	96.49566	1.152239	0.8059814	0.613787	0.386213	3.69028
6006	-1483.58	-1578.382	94.80236	0.6243627	0.6038747	0.404011	0.595989	5.093337
6012	-1482.631	-1577.372	94.74069	0.5010672	0.512776	0.449575	0.550425	5.272928
6018	-1478.513	-1573.042	94.52962	0.5693236	0.6061261	0.503536	0.496464	5.272928
6024	-1482.924	-1577.793	94.86887	0.5536403	0.8949256	0.503536	0.496464	4.893918
6030	-1479.739	-1575.383	95.64439	0.7630076	0.7491867	0.402732	0.597268	4.436887
6036	-1483.009	-1579.143	96.13342	0.7940464	0.4970407	0.574081	0.425919	4.346373
6042	-1478.459	-1573.95	95.49053	0.6964243	0.5480333	0.533159	0.466841	4.716609
6048	-1482.984	-1578.826	95.84229	0.80574	0.5655935	0.48838	0.51162	4.4427
6054	-1475.757	-1571.274	95.51723	0.6994901	0.7231691	0.518126	0.481874	4.562508
6060	-1484.829	-1579.275	94.44598	0.6339854	0.4881057	0.46627	0.53373	5.3847
6066	-1486.348	-1580.161	93.81362	0.4805576	0.6717601	0.49167	0.50833	5.665591
6072	-1488.82	-1582.655	93.83474	0.5126202	0.6546295	0.49167	0.50833	5.649133
6078	-1479.317	-1574.294	94.97652	0.6664508	0.6375789	0.486313	0.513687	4.946692
6084	-1481.564	-1576.403	94.83837	0.776871	0.8056659	0.433333	0.566667	4.842675
6090	-1468.984	-1565.326	96.34151	0.8067287	0.5059971	0.487042	0.512958	4.213016
6096	-1477.481	-1573.915	96.43336	0.8190982	0.7332967	0.490434	0.509566	3.968492
6102	-1481.276	-1577.202	95.92592	0.8187005	0.5520306	0.371303	0.628697	4.399936
6108	-1484.902	-1579.743	94.84114	0.684935	0.5581839	0.462585	0.537415	5.075944
6114	-1489.468	-1584.413	94.94417	0.6746248	0.6404075	0.593195	0.406805	4.957949
6120	-1486.323	-1582.365	96.04199	0.7182897	0.5523402	0.423824	0.576176	4.390831
6126	-1476.927	-1571.63	94.70318	0.5720901	0.7073532	0.423824	0.576176	5.09894
6132	-1479.414	-1573.72	94.30641	0.6057866	0.7398514	0.503328	0.496672	5.276996
6138	-1486.964	-1581.298	94.33445	0.5109835	0.5430481	0.425447	0.574553	5.464874
6144	-1484.071	-1577.976	93.90503	0.6070495	0.7239388	0.417834	0.582166	5.508551
6150	-1492.563	-1585.082	92.51939	0.5687128	0.4513736	0.469646	0.530354	6.507008
6156	-1483.011	-1578.636	95.62535	0.6044509	0.534806	0.463924	0.536076	4.704213
6162	-1483.278	-1580.45	97.17242	0.9792518	0.4891035	0.364652	0.635348	3.65416
6168	-1491.176	-1586.758	95.58164	0.887509	0.8444507	0.508076	0.491924	4.338359
6174	-1486.259	-1581.901	95.6413	0.8949721	0.6287456	0.474343	0.525657	4.453728
6180	-1493.159	-1589.223	96.06387	0.7561085	0.6870105	0.628035	0.371965	4.248646
6186	-1489.782	-1582.917	93.13498	0.5674515	0.4671362	0.47913	0.52087	6.158499
6192	-1495.56	-1590.308	94.74792	0.7470503	0.4506756	0.540762	0.459238	5.191243
6198	-1497.688	-1592.519	94.83163	0.7331123	0.644187	0.483504	0.516496	4.98509
6204	-1488.262	-1583.643	95.38095	0.6269786	0.3758952	0.471852	0.528148	4.98509
7980	-1495.39	-1590.43	95.04012	0.7564907	0.7478452	0.612363	0.387637	4.780399
7986	-1483.444	-1579.413	95.96921	0.7564907	0.7997714	0.507512	0.492488	4.222382
7992	-1496.796	-1592.977	96.18107	0.8760823	0.5529266	0.554675	0.445325	4.222382
7998	-1496.883	-1592.618	95.73506	0.7208333	0.5987961	0.432281	0.567719	4.523065
8112	-1486.778	-1583.035	96.2568	0.7763347	0.4947634	0.502922	0.497078	4.288761
8118	-1479.559	-1574.926	95.36732	0.5986733	0.697518	0.502922	0.497078	4.721508
8124	-1487.836	-1582.461	94.62486	0.5986733	0.697518	0.502922	0.497078	5.134686
8130	-1487.686	-1584.012	96.32687	0.8027281	0.5574395	0.503639	0.496361	4.177334
8136	-1480.776	-1576.198	95.4223	0.8410877	0.7619454	0.368509	0.631491	4.509117
8142	-1475.997	-1570.005	94.00787	0.6370974	0.6037406	0.470112	0.529888	5.524987
8148	-1488.914	-1583.265	94.35146	0.6401092	0.395842	0.455009	0.544991	5.524987
8304	-1486.523	-1580.237	93.71449	0.3465066	0.5509471	0.619866	0.380134	5.888269
8310	-1489.514	-1582.458	92.94413	0.574675	0.5509471	0.449407	0.550593	6.183857
8316	-1496.792	-1590.32	93.52821	0.5855898	0.5936868	0.421414	0.578586	5.824264
8322	-1493.266	-1587.555	94.28915	0.7372736	0.5252003	0.420443	0.579557	5.380703
8328	-1492.902	-1588.112	95.20939	0.6955256	0.4378567	0.420443	0.579557	4.976663
8334	-1487.565	-1581.75	94.18551	0.5227649	0.7323463	0.605273	0.394727	5.394695
8724	-1494.903	-1590.158	95.25554	0.7838925	0.7514576	0.442926	0.557074	4.64207
8730	-1491.076	-1587.44	96.36438	0.8089712	0.4224397	0.442926	0.557074	4.28134
8736	-1486.137	-1582.024	95.88776	0.6777653	0.4496954	0.46983	0.53017	4.595934
8742	-1483.973	-1579.448	95.47488	0.4602228	0.5342959	0.514495	0.485505	4.869198
8748	-1485.512	-1580.666	95.15437	0.5401955	0.5342959	0.442602	0.557398	5.003027
8754	-1487.356	-1582.519	95.16274	0.5721228	0.5091878	0.59024	0.40976	5.003027
8760	-1497.404	-1593.176	95.77163	0.5919176	0.5453058	0.373836	0.626164	4.620094
8766	-1492.073	-1587.844	95.77163	0.5919176	0.5453058	0.465767	0.534233	4.620094
8772	-1485.704	-1580.248	94.5441	0.4916233	0.5442615	0.447431	0.552569	5.358999
8778	-1474.665	-1569.111	94.44571	0.5355155	0.5723093	0.497813	0.502187	5.365384
8784	-1481.795	-1576.573	94.77782	0.5373084	0.46744	0.579499	0.420501	5.274404
8790	-1482.366	-1577.546	95.18015	0.5567829	0.6052214	0.459401	0.540599	4.919943
8796	-1491.693	-1587.696	96.00318	0.7445774	0.5901772	0.44785	0.55215	4.365738
8802	-1489.159	-1583.922	94.76285	0.6205857	0.8158717	0.44775	0.55225	4.965098
8808	-1489.562	-1585.958	96.3959	0.729395	0.6355202	0.409206	0.590794	4.11491
8862	-1495.766	-1590.755	94.98836	0.6054783	0.5285109	0.48495	0.51505	5.064031
8868	-1494.114	-1589.164	95.05043	0.5007292	0.6314615	0.427976	0.572024	5.002476
8874	-1484.589	-1578.63	94.04108	0.4438028	0.5810791	0.473842	0.526158	5.631174
8892	-1497.609	-1592.662	95.053	0.6797539	0.6203348	0.520937	0.479063	4.910222
8898	-1491.892	-1586.58	94.68829	0.6476853	0.6342015	0.623178	0.376822	5.119737
8904	-1482.455	-1578.392	95.93705	0.7765302	0.4789516	0.40095	0.59905	4.484129
8910	-1486.783	-1582.459	95.67657	0.6376095	0.5697464	0.371863	0.628137	4.626782
8916	-1489.452	-1584.531	95.07923	0.6081235	0.5799796	0.468158	0.531842	4.968115
8922	-1501.023	-1595.458	94.4341	0.7609977	0.5365332	0.57202	0.42798	5.27772
8928	-1494.643	-1589.131	94.48792	0.5714265	0.6072738	0.57202	0.42798	5.293883
8934	-1491.527	-1587.103	95.57599	0.8554073	0.7046049	0.4877	0.5123	4.455173
8940	-1495.293	-1589.1	93.80648	0.6043998	0.4921236	0.497756	0.502244	5.748568
8946	-1488.958	-1585.119	96.16087	0.7184949	0.5608106	0.569615	0.430385	4.316224
8952	-1485.841	-1581.267	95.42684	0.6342012	0.3343499	0.563453	0.436547	5.003784
8958	-1494.437	-1587.459	93.0227	0.7254255	0.3930511	0.469753	0.530247	6.207677
8964	-1486.244	-1579.307	93.06392	0.5279095	0.4788899	0.555715	0.444285	6.207677
8970	-1479.965	-1574.708	94.74249	0.3695446	0.4788899	0.49208	0.50792	5.375617
8976	-1488.428	-1584.323	95.89508	0.7474636	0.4788899	0.51903	0.48097	4.524141
8982	-1492.52	-1587.115	94.59518	0.743625	0.3891528	0.51903	0.48097	5.340963
8988	-1490.404	-1583.285	92.8817	0.5156679	0.9609346	0.457396	0.542604	5.971041
8994	-1483.356	-1578.585	95.22865	0.7558408	0.5411924	0.426452	0.573548	4.835628
9054	-1482.266	-1578.805	96.53925	0.8030455	0.7309454	0.533173	0.466827	3.918744
9060	-1492.642	-1589.575	96.93235	0.9428451	0.5791901	0.440675	0.559325	3.731691
9066	-1487.194	-1581.252	94.05821	0.8609568	0.5635815	0.433681	0.566319	5.406858
9072	-1478.079	-1572.369	94.29018	0.6102657	0.5510068	0.494237	0.505763	5.427782
9078	-1495.209	-1590.06	94.8514	0.822679	0.5255835	0.446284	0.553716	5.022085
9744	-1483.336	-1578.707	95.37163	0.6456669	0.5201389	0.480073	0.519927	4.835954
9750	-1479.469	-1575.416	95.94707	0.7007903	0.5597183	0.407624	0.592376	4.44783
9756	-1479.256	-1574.109	94.85301	0.5046473	0.7810357	0.429338	0.570662	5.00231
9864	-1496.801	-1591.662	94.86103	0.577787	0.4022356	0.529187	0.470813	5.271733
9870	-1486.998	-1580.971	93.97295	0.5202601	0.4977867	0.576101	0.423899	5.698297
9876	-1489.377	-1583.31	93.9324	0.5416351	0.5094376	0.298839	0.701161	5.698297
9882	-1484.167	-1578.434	94.26642	0.7142982	0.4630371	0.565865	0.434135	5.463002
9888	-1485.052	-1580.521	95.4692	0.6302481	0.5263968	0.415406	0.584594	4.784524
9894	-1477.538	-1573.049	95.51077	0.5597544	0.544748	0.466374	0.533626	4.784524
9900	-1494.568	-1590.431	95.86299	0.7344957	0.6887928	0.466374	0.533626	4.373162
9906	-1485.976	-1581.597	95.62138	0.8598131	0.6420965	0.380996	0.619004	4.474253
9912	-1488.93	-1583.166	94.23645	0.6212134	0.4591736	0.450865	0.549135	5.5344
9918	-1496.711	-1593.12	96.40835	0.9155656	0.736856	0.579699	0.420301	3.925018
9924	-1492.133	-1587.776	95.64301	0.611246	0.6113919	0.634755	0.365245	4.626041
9930	-1486.286	-1580.403	94.117	0.5077741	0.6113919	0.417384	0.582616	5.530028
9936	-1500.847	-1594.959	94.11282	0.317629	0.6113919	0.406233	0.593767	5.636745
9942	-1484.147	-1578.151	94.00488	0.4840734	0.5715669	0.40896	0.59104	5.636745
9948	-1475.467	-1570.002	94.53557	0.4948821	0.5764247	0.406922	0.593078	5.334828
9954	-1477.832	-1572.66	94.82835	0.3720547	0.5434639	0.311835	0.688165	5.268793
9960	-1484.12	-1578.977	94.8564	0.3174072	0.560706	0.478623	0.521377	5.268793
9966	-1483.61	-1577.746	94.13518	0.6487196	0.4973802	0.399297	0.600703	5.539123
9972	-1483.458	-1579.844	96.38587	0.6032249	0.5963198	0.50899	0.49101	4.224075
9978	-1484.011	-1577.766	93.75442	0.6032249	0.6484785	0.50899	0.49101	5.648117
9984	-1484.641	-1579.939	95.2979	0.5255566	0.5269701	0.441791	0.558209	4.937829
9990	-1482.575	-1577.244	94.66938	0.5881009	0.4404262	0.441791	0.558209	5.3326
9996	-1479.946	-1576.301	96.35551	0.8201673	0.5399493	0.508735	0.491265	4.166547
10002	-1488.653	-1584.599	95.94539	0.8266363	0.4998184	0.49563	0.50437	4.431489
10008	-1485.858	-1579.605	93.74616	0.6961697	0.4260424	0.446423	0.553577	5.79487
10014	-1490.02	-1586.067	96.0468	0.609202	0.5303109	0.514522	0.485478	4.469025
10020	-1483.233	-1578.013	94.77957	0.5778687	0.4473078	0.469772	0.530228	5.270594
10026	-1481.929	-1577.237	95.30811	0.6179151	0.5517232	0.469772	0.530228	4.859105
10032	-1481.49	-1577.997	96.50759	0.7503427	0.508082	0.406861	0.593139	4.148784
10038	-1485.526	-1580.03	94.50337	0.53569	0.5890628	0.374086	0.625914	5.319726
10044	-1477.088	-1571.051	93.96299	0.7605595	0.5917607	0.494086	0.505914	5.491378
10050	-1485.744	-1580.575	94.83089	0.3663103	0.5917607	0.29063	0.70937	5.230183
10056	-1476.115	-1570.851	94.73653	0.4372468	0.6923012	0.411414	0.588586	5.166015
10062	-1487.394	-1581.847	94.45366	0.6569345	0.6923012	0.367655	0.632345	5.200982
10068	-1485.727	-1579.884	94.15692	0.5917244	0.6452798	0.387602	0.612398	5.435645
10074	-1489.964	-1584.056	94.09234	0.6699771	0.6354296	0.404408	0.595592	5.435645
10080	-1491.295	-1586.315	95.02035	0.6589655	0.6354296	0.553981	0.446019	4.928136
10086	-1482.074	-1577.032	94.95741	0.6102495	0.7191564	0.463583	0.536417	4.928136
10092	-1487.834	-1582.532	94.69774	0.5685781	0.5553546	0.4545	0.5455	5.222192
10098	-1510.202	-1604.179	93.97661	0.4628756	0.5553546	0.483955	0.516045	5.677396
10104	-1495.263	-1589.344	94.08059	0.5240722	0.5553546	0.462235	0.537765	5.586762
10110	-1490.611	-1586.432	95.82102	0.7523569	0.6266548	0.462235	0.537765	4.434485
10116	-1489.767	-1585.33	95.56327	0.8594908	0.9929902	0.519582	0.480418	4.27496
10122	-1487.843	-1585.023	97.17996	1.013197	0.6508061	0.517382	0.482618	3.487727
10128	-1490.027	-1586.59	96.56322	1.196595	0.6201751	0.499684	0.500316	3.763867
10134	-1488.069	-1584.639	96.56933	1.090925	0.6229961	0.63552	0.36448	3.818907
10140	-1489.295	-1584.609	95.31431	0.8314657	0.4932632	0.599137	0.400863	4.788837
10146	-1482.007	-1578.055	96.04818	0.8318234	0.766969	0.674436	0.325564	4.157103
10152	-1480.291	-1576.845	96.55333	0.903841	0.5677562	0.61495	0.38505	3.981714
10158	-1477.67	-1573.384	95.7144	0.8389808	0.5546236	0.541614	0.458386	4.505402
10164	-1489.752	-1584.774	95.02223	0.885555	0.3875692	0.522925	0.477075	5.027815
10170	-1492.304	-1588.109	95.80529	0.6428872	0.7998978	0.52879	0.47121	4.379317
10176	-1494.07	-1590.177	96.1077	0.6741684	0.5917174	0.389403	0.610597	4.345192
10254	-1476.036	-1569.76	93.72447	0.5305185	0.5749982	0.464235	0.535765	5.762153
10260	-1476.478	-1569.632	93.15429	0.5305185	0.6427316	0.464235	0.535765	6.020414
10266	-1470.012	-1565.469	95.45717	0.6301	0.6427316	0.392892	0.607108	4.694839
10272	-1480.948	-1575.071	94.12308	0.7723699	0.8856788	0.519978	0.480022	5.19206
10278	-1465.487	-1559.472	93.98471	0.6310523	0.6324262	0.515019	0.484981	5.518591
10284	-1471.735	-1566	94.26512	0.5369387	0.5090348	0.543262	0.456738	5.518591
10290	-1477.034	-1570.772	93.73848	0.6891093	0.6947247	0.461543	0.538457	5.575681
10296	-1478.529	-1572.359	93.82999	0.5976001	0.6947247	0.461543	0.538457	5.575681
10302	-1474.442	-1568.4	93.95843	0.6458014	0.5688879	0.506176	0.493824	5.575681
10308	-1480.09	-1575.5	95.41025	0.7187457	0.6147535	0.360655	0.639345	4.693501
10314	-1486.206	-1581.608	95.40225	0.7784262	0.6147535	0.495018	0.504982	4.66457
10320	-1479.312	-1575.184	95.87291	0.9580454	0.4600242	0.337827	0.662173	4.436445
10326	-1482.861	-1578.556	95.69514	0.7413076	0.4567718	0.505573	0.494427	4.661272
10332	-1484.807	-1578.549	93.74246	0.6121644	0.7014013	0.518243	0.481757	5.610965
10338	-1491.051	-1584.927	93.87574	0.6133214	0.8447934	0.45699	0.54301	5.441488
10344	-1493.087	-1587.282	94.19559	0.354732	0.7920228	0.473673	0.526327	5.441488
10350	-1491.691	-1586.466	94.77408	0.432544	0.4407656	0.347169	0.652831	5.360309
10356	-1481.029	-1575.337	94.30759	0.7649867	0.6380538	0.482667	0.517333	5.262501
10362	-1488.677	-1583.102	94.42482	0.5187459	0.655431	0.486464	0.513536	5.32052
10368	-1482.079	-1577.69	95.61181	0.7636722	0.7049223	0.418594	0.581406	4.48642
10374	-1481.697	-1575.194	93.49676	0.6004795	0.5361193	0.457007	0.542993	5.881101
10380	-1481.008	-1575.125	94.11707	0.4976337	0.4845592	0.443068	0.556932	5.643817
10386	-1483.874	-1577.331	93.45699	0.4976337	0.5089849	0.342027	0.657973	5.982729
10404	-1497.607	-1593.167	95.55967	0.6234009	0.5238424	0.555489	0.444511	4.740083
10410	-1492.884	-1584.87	91.98579	0.4588761	0.4749137	0.395858	0.604142	6.832619
10416	-1477.517	-1571.808	94.29067	0.5775026	0.6470697	0.485855	0.514145	5.368426
10422	-1489.178	-1585.516	96.33822	0.639645	0.3099759	0.430334	0.569666	4.521858
10428	-1490.788	-1587.107	96.31814	0.9726546	0.3642237	0.40623	0.59377	4.279158
10434	-1495.967	-1593.143	97.17594	0.9680829	0.4811518	0.360941	0.639059	3.666362
10440	-1492.569	-1588.574	96.0048	0.8231978	0.539916	0.405888	0.594112	4.363506
10446	-1491.079	-1587.555	96.47667	0.8886044	0.6830769	0.345758	0.654242	3.941016
10452	-1478.038	-1574.726	96.68751	0.8049723	0.6342721	0.550627	0.449373	3.906157
10458	-1480.356	-1575.354	94.99844	0.5899346	0.4387033	0.506603	0.493397	5.151423
10464	-1486.794	-1581.101	94.30684	0.6375659	0.3591274	0.54411	0.45589	5.591337
10470	-1487.274	-1581.38	94.1061	0.4183036	0.6036039	0.432194	0.567806	5.591337
10476	-1489.782	-1583.345	93.56312	0.5839462	0.5261196	0.491535	0.508465	5.862532
10482	-1483.875	-1579.66	95.78541	0.6210365	0.5261196	0.410073	0.589927	4.612991
10488	-1481.13	-1576.721	95.59125	0.7682918	0.5560952	0.498331	0.501669	4.612991
10494	-1489.534	-1586.479	96.94478	1.094315	0.5863653	0.431504	0.568496	3.630704
10500	-1496.247	-1594.725	98.47762	1.328396	0.9296772	0.430893	0.569107	2.307679
10506	-1491.979	-1588.63	96.65107	1.193214	0.7479908	0.328456	0.671544	3.617039
10512	-1488.316	-1583.055	94.73912	0.4648813	0.4821382	0.516612	0.483388	5.321849
10518	-1484.628	-1579.424	94.79638	0.5090359	0.5158323	0.353167	0.646833	5.235013
10524	-1478.918	-1573.09	94.17212	0.40067	0.5158323	0.513624	0.486376	5.63845
10530	-1483.119	-1577.98	94.86094	0.7210639	0.4914474	0.51651	0.48349	5.104118
10536	-1482.363	-1576.324	93.9608	0.7153566	0.5117311	0.494797	0.505203	5.585358
10542	-1483.83	-1578.993	95.16242	0.5853971	0.5548807	0.508665	0.491335	4.95561
10548	-1493.052	-1588.585	95.5325	0.5242189	0.548503	0.612734	0.387266	4.788978
10554	-1493.97	-1589.972	96.00265	0.6943025	0.4939238	0.545235	0.454765	4.479282
10560	-1487.192	-1583.675	96.48296	0.8324299	0.7660234	0.496328	0.503672	3.909249
10566	-1483.674	-1580.331	96.65775	0.8996501	0.9553239	0.510648	0.489352	3.647478
10572	-1488.389	-1584.719	96.32997	0.8646417	0.5135443	0.401843	0.598157	4.179707
10578	-1485.25	-1582.073	96.82265	0.8646417	0.3763308	0.414713	0.585287	4.039848
10584	-1483.152	-1581.081	97.92831	0.8646417	0.3723675	0.423111	0.576889	3.40562
10590	-1483.623	-1581.274	97.65089	1.100558	0.450887	0.496702	0.503298	3.342721
10596	-1486.628	-1583.812	97.18374	0.7761815	0.8455892	0.488123	0.511877	3.482446
10602	-1484.629	-1582.023	97.39479	1.038069	0.5727256	0.675105	0.324895	3.413078
10608	-1482.167	-1577.838	95.67155	0.8725802	0.7737092	0.451616	0.548384	4.3428
10614	-1483.226	-1580.549	97.32229	0.8725802	0.5661785	0.4619	0.5381	3.557768
10620	-1492.573	-1588.272	95.69832	0.6554239	0.57184	0.380975	0.619025	4.602825
10626	-1485.17	-1580.068	94.89778	0.5315351	0.4303688	0.613835	0.386165	5.247816
10632	-1486.347	-1579.583	93.23608	0.4754945	0.4077315	0.45089	0.54911	6.212176
10638	-1486.046	-1580.294	94.24869	0.5100011	0.538158	0.517625	0.482375	5.5168
10644	-1484.186	-1580.038	95.8521	0.592688	0.6820708	0.546166	0.453834	4.464259
10650	-1493.443	-1587.759	94.31606	0.7575726	0.9541911	0.422537	0.577463	5.052911
10656	-1488.987	-1583.996	95.00904	0.6544021	0.8291467	0.467424	0.532576	4.800571
10662	-1491.379	-1586.876	95.49728	0.4303019	0.5515921	0.473978	0.526022	4.858349
10668	-1482.124	-1576.692	94.56848	0.5798354	0.5063191	0.473978	0.526022	5.330335
10674	-1482.917	-1578.454	95.53697	0.5293879	0.4462103	0.484655	0.515345	4.878457
10680	-1480.868	-1575.581	94.71283	0.5940274	0.5356219	0.517528	0.482472	5.216752
10686	-1490.127	-1586.988	96.86129	0.97167	0.5617503	0.37051	0.62949	3.771218
10692	-1491.685	-1587.156	95.47082	0.9560063	0.9552385	0.379717	0.620283	4.294452
10698	-1487.694	-1586.116	98.4222	0.9560063	0.4515338	0.615729	0.384271	2.969585
10704	-1496.191	-1593.023	96.8319	0.9526463	0.6339668	0.493075	0.506925	3.738393
10710	-1484.294	-1579.121	94.8273	0.6420336	0.5121375	0.413333	0.586667	5.147638
10716	-1485.799	-1580.618	94.81923	0.6420336	0.6243372	0.496282	0.503718	5.057949
10722	-1485.573	-1580.893	95.32015	0.5722444	0.5236851	0.381999	0.618001	4.902382
10728	-1484.112	-1578.53	94.41791	0.751609	0.4748244	0.488255	0.511745	5.347748
10734	-1492.28	-1587.389	95.10868	0.4194044	0.6114926	0.488255	0.511745	5.031012
10740	-1502.506	-1597.302	94.79655	0.6069626	0.511644	0.317841	0.682159	5.184515
10746	-1494.467	-1590.161	95.69376	0.6752212	0.5630497	0.367753	0.632247	4.601737
10752	-1493.393	-1588.825	95.43184	0.6249905	0.5489643	0.35156	0.64844	4.788517
10758	-1485.771	-1581.257	95.48555	0.6225692	0.5545441	0.501281	0.498719	4.755061
10764	-1478.269	-1574.759	96.48996	0.7478689	0.5844066	0.425188	0.574812	4.092666
10770	-1479.508	-1576.007	96.49853	0.7587975	0.5296161	0.44028	0.55972	4.129394
10776	-1482.271	-1576.642	94.37029	0.6026124	0.4063979	0.44028	0.55972	5.524087
10782	-1486.787	-1582.275	95.48749	0.5795265	0.5663423	0.397686	0.602314	4.767963
10788	-1487.01	-1581.133	94.12301	0.3173792	0.494619	0.490452	0.509548	5.730124
10794	-1495.007	-1590.389	95.38209	0.3580911	0.5716604	0.603535	0.396465	4.945664
10800	-1494.86	-1589.518	94.65775	0.5416944	0.592839	0.502125	0.497875	5.22807
10806	-1493.567	-1587.27	93.70316	0.7373017	0.5672165	0.434706	0.565294	5.666945
10824	-1496.455	-1591.98	95.52554	0.6334907	0.7092823	0.498745	0.501255	4.604854
10830	-1488.351	-1582.813	94.4615	0.6237355	0.7949527	0.40193	0.59807	5.144201
10836	-1491.144	-1584.542	93.39772	0.4373203	0.5596316	0.507233	0.492767	6.004338
10842	-1480.786	-1576.385	95.59878	0.6805632	0.6683138	0.596999	0.403001	4.567609
10848	-1480.231	-1573.862	93.63128	0.6107333	0.6683138	0.439347	0.560653	5.696726
10854	-1483.16	-1577.63	94.46972	0.7402072	0.5098569	0.439347	0.560653	5.293133
10860	-1487.801	-1583.908	96.10698	0.6229846	0.4599597	0.354377	0.645623	4.493369
10866	-1488.618	-1583.966	95.34843	0.6140516	0.832937	0.56403	0.43597	4.630882
10872	-1486.887	-1581.453	94.56668	0.5978559	0.5131319	0.597523	0.402477	5.315247
10878	-1487.415	-1581.555	94.13971	0.5431018	0.5155588	0.622974	0.377026	5.578293
11034	-1495.515	-1591.215	95.70026	0.5512798	0.5442214	0.523551	0.476449	4.683786
11040	-1494.998	-1589.743	94.7453	0.3937532	0.5442214	0.611287	0.388713	5.302019
11046	-1485.377	-1579.65	94.27349	0.409786	0.5442214	0.519394	0.480606	5.553041
11052	-1486.165	-1581.523	95.35767	0.6815583	0.6267228	0.499218	0.500782	4.734213
11058	-1479.547	-1575.677	96.13031	0.6954052	0.4965516	0.481072	0.518928	4.404269
11064	-1491.254	-1586.594	95.33921	0.6297698	0.4853124	0.353944	0.646056	4.894856
11070	-1488.399	-1583.803	95.40382	0.5728832	0.4807511	0.655874	0.344126	4.894856
11076	-1486.259	-1580.696	94.43717	0.7591971	0.5450122	0.47713	0.52287	5.269693
11082	-1488.176	-1583.275	95.09835	0.7591971	0.738863	0.404668	0.595332	4.75261
11088	-1496.742	-1591.235	94.49326	0.7746614	0.5057897	0.500958	0.499042	5.264773
11094	-1485.303	-1580.469	95.16556	0.7480944	0.5886365	0.52068	0.47932	4.834972
11100	-1490.215	-1585.718	95.50327	0.8479797	0.5886365	0.525554	0.474446	4.590194
11106	-1487.88	-1582.414	94.53407	0.9767912	0.6489896	0.608665	0.391335	5.011348
11184	-1495.957	-1590.587	94.62962	0.6439775	0.3517889	0.469598	0.530402	5.418716
11190	-1487.839	-1581.813	93.97473	0.5645804	0.4538229	0.520654	0.479346	5.714278
11196	-1491.675	-1585.903	94.2277	0.6809083	0.7077059	0.433531	0.566469	5.301526
11202	-1485.547	-1581.396	95.84875	0.7955879	0.4378517	0.56035	0.43965	4.563636
11208	-1486	-1582.031	96.03074	0.6136025	0.4378517	0.56035	0.43965	4.563636
11214	-1485.411	-1579.548	94.13695	0.4377086	0.4761609	0.56035	0.43965	5.673611
11220	-1477.576	-1571.319	93.74381	0.3960006	0.5059447	0.477524	0.522476	5.884332
11226	-1485.052	-1578.523	93.47034	0.4784777	0.4677477	0.500936	0.499064	6.023711
11310	-1506.967	-1602.006	95.03835	0.6130915	0.6006324	0.329316	0.670684	4.971193
11316	-1499.267	-1594.279	95.01174	0.5835989	0.4341016	0.379551	0.620449	5.152196
11322	-1490.678	-1584.111	93.43334	0.3282242	0.4459182	0.431505	0.568495	6.146653
11328	-1491.751	-1585.814	94.06324	0.377297	0.5986783	0.442265	0.557735	5.641292
11334	-1487.596	-1582.525	94.92889	0.486935	0.6440345	0.537428	0.462572	5.067891
11340	-1483.792	-1578.601	94.80861	0.5977272	0.7550675	0.391882	0.608118	4.992812
11346	-1502.799	-1597.252	94.45277	0.5499601	0.6692227	0.48187	0.51813	5.27754
11352	-1498.425	-1592.876	94.45125	0.5274786	0.6872499	0.48187	0.51813	5.27754
11358	-1494.416	-1588.857	94.44119	0.5582324	0.6716913	0.347701	0.652299	5.27754
11460	-1483.388	-1577.913	94.52575	0.4227706	0.7434874	0.516672	0.483328	5.254423
11466	-1483.927	-1579.473	95.5454	0.6343977	0.7101308	0.518781	0.481219	4.592589
11472	-1488.413	-1583.618	95.20451	0.6738488	0.487861	0.479985	0.520015	4.9429
11478	-1488.546	-1584.358	95.81191	0.7817494	0.4168048	0.4039	0.5961	4.613841
11484	-1490.516	-1585.501	94.98561	0.5757686	0.6448767	0.4039	0.5961	4.986428
11490	-1494.887	-1588.973	94.08658	0.814448	0.6039245	0.395091	0.604909	5.383887
11496	-1500.596	-1593.521	92.92539	0.5423953	0.682969	0.536664	0.463336	6.108993
11502	-1493.983	-1588.241	94.25815	0.6354827	0.6098388	0.434123	0.565877	5.383264
11508	-1501.633	-1595.823	94.19025	0.6058492	0.4956886	0.341274	0.658726	5.533959
11514	-1495.174	-1589.434	94.25964	0.5392057	0.4940434	0.603936	0.396064	5.533959
11520	-1494.644	-1590.033	95.38887	0.8442669	0.5459748	0.57583	0.42417	4.692561
11526	-1497.789	-1593.037	95.24788	0.6226796	0.8171588	0.492503	0.507497	4.692561
11532	-1489.908	-1582.959	93.05144	0.5419762	0.7432727	0.492503	0.507497	5.998314
11538	-1492.389	-1586.91	94.52091	0.7333658	0.5382832	0.69653	0.30347	5.243504
11754	-1483.063	-1579.844	96.78134	0.9009121	0.5860026	0.455663	0.544337	3.837025
11760	-1489.982	-1584.952	94.97051	0.6457697	0.5860026	0.438451	0.561549	5.002649
11766	-1484.661	-1579.524	94.86326	0.6374874	0.6679398	0.438451	0.561549	5.002649
11772	-1493.32	-1588.082	94.76147	0.8366735	0.7871215	0.511551	0.488449	4.864449
11778	-1492.712	-1589.035	96.32348	0.7300139	0.586671	0.366461	0.633539	4.195577
11784	-1487.402	-1582.218	94.81569	0.7300139	0.931699	0.477883	0.522117	4.803296
11790	-1480.127	-1574.845	94.71792	0.693042	0.6676428	0.357409	0.642591	5.052721
11796	-1483.622	-1577.977	94.35477	0.7390442	0.6171045	0.365916	0.634084	5.267064
11802	-1490.608	-1586.267	95.65903	0.8114934	0.6300386	0.498354	0.501646	4.489721
11808	-1484.258	-1579.327	95.06892	0.8114934	0.6973	0.502959	0.497041	4.769497
11814	-1484.895	-1579.109	94.21403	0.8101885	0.4950351	0.59447	0.40553	5.409028
11820	-1500.329	-1595.184	94.85523	0.7007997	0.6290488	0.624581	0.375419	5.00165
11826	-1505.391	-1599.532	94.14085	0.8746183	0.7020503	0.466006	0.533994	5.246543
11832	-1496.372	-1591.405	95.03331	0.7780049	0.6492752	0.604954	0.395046	4.843936
11838	-1499.575	-1596.05	96.47547	0.7715423	0.553946	0.390613	0.609387	4.11362
12024	-1488.661	-1582.941	94.2804	0.5127486	0.6153186	0.38122	0.61878	5.434298
12042	-1478.716	-1573.778	95.0623	0.4016358	0.5355357	0.48998	0.51002	5.129883
12048	-1470.565	-1565.707	95.14168	0.6355188	0.7712681	0.498074	0.501926	4.775203
12054	-1479.274	-1572.99	93.71575	0.356999	0.55716	0.612263	0.387737	5.876624
12060	-1475.014	-1570.542	95.52872	0.7623394	0.4987621	0.42475	0.57525	4.702528
12066	-1484.331	-1580.696	96.36531	0.684697	0.4878484	0.382848	0.617152	4.285765
12072	-1472.964	-1568.866	95.90245	0.523491	0.5299512	0.466962	0.533038	4.598635
12078	-1482.479	-1576.281	93.80291	0.6066188	0.4997009	0.480331	0.519669	5.742409
12084	-1483.225	-1578.544	95.31894	0.7293167	0.5357688	0.480331	0.519669	4.804804
12270	-1489.431	-1583.369	93.93829	0.7162885	0.6564099	0.551454	0.448546	5.47902
12276	-1489.502	-1584.335	94.83315	0.8705297	0.8762831	0.64045	0.35955	4.74845
12282	-1486.165	-1582.361	96.19559	0.64318	0.7266874	0.456763	0.543237	4.208914
12288	-1491.793	-1586.614	94.82115	0.6416782	0.5645932	0.424041	0.575959	5.105592
12294	-1489.594	-1583.976	94.38186	0.5951415	0.775079	0.39535	0.60465	5.217263
12300	-1487.404	-1581.832	94.42727	0.6522097	0.6935764	0.317943	0.682057	5.217263
12306	-1482.2	-1576.476	94.27583	0.6972291	0.6411561	0.462786	0.537214	5.315076
12312	-1482.202	-1576.534	94.33276	0.7545418	0.6575034	0.363545	0.636455	5.239571
12318	-1478.777	-1574.055	95.2787	0.728606	0.8029957	0.459014	0.540986	4.625246
12324	-1482.292	-1575.624	93.33181	0.6316129	0.8745418	0.518635	0.481365	5.711907
12330	-1484.323	-1577.835	93.51215	0.6592769	0.9163111	0.455869	0.544131	5.572908
12336	-1483.925	-1578.019	94.09373	0.4549755	0.6228858	0.514981	0.485019	5.562832
12342	-1480.251	-1574.836	94.58585	0.5606103	0.7613782	0.451789	0.548211	5.132688
12348	-1480.638	-1575.375	94.73687	0.6200399	0.5441288	0.511657	0.488343	5.181686
12354	-1485.166	-1578.243	93.07669	0.5904822	0.4758379	0.589442	0.410558	6.169529
12360	-1481.289	-1575.626	94.3368	0.578935	0.7656477	0.478858	0.521142	5.257454
12366	-1475.555	-1570.53	94.97461	0.9006963	0.8406099	0.526797	0.473203	4.674811
12372	-1491.036	-1586.9	95.86447	0.8900949	0.8964392	0.485704	0.514296	4.143887
12378	-1488.049	-1582.12	94.07104	0.600246	0.8964392	0.488311	0.511689	5.309454
12384	-1483.042	-1577.176	94.13394	0.7893656	0.5266346	0.485479	0.514521	5.436256
12390	-1474.69	-1568.888	94.19875	0.5703414	0.6050829	0.435389	0.564611	5.455638
12396	-1475.002	-1570.62	95.6187	0.6324543	0.5827448	0.628342	0.371658	4.651203
12402	-1470.731	-1563.687	92.95577	0.484986	0.580534	0.423506	0.576494	6.201912
12408	-1474.125	-1567.093	92.96824	0.5312405	0.5420191	0.512337	0.487663	6.201912
12414	-1486.405	-1579.27	92.86596	0.579312	0.5775007	0.498823	0.501177	6.201912
12420	-1494.348	-1588.908	94.56065	0.604112	0.567595	0.478664	0.521336	5.26801
12426	-1491.808	-1586.447	94.63955	0.5252116	0.567595	0.445419	0.554581	5.26801
12432	-1479.581	-1574.697	95.11561	0.5627146	0.5145092	0.533444	0.466556	5.02962
12438	-1484.322	-1578.114	93.79199	0.5516499	0.7802205	0.415168	0.584832	5.562921
12444	-1483.365	-1579.148	95.78279	0.7391635	0.8305116	0.490249	0.509751	4.317502
12450	-1471.712	-1565.645	93.93343	0.7492943	0.5913357	0.481063	0.518937	5.514171
12456	-1478.979	-1573.781	94.80112	0.707697	0.7512267	0.401347	0.598653	4.938468
12462	-1482.289	-1575.024	92.73522	0.501596	0.6812867	0.401347	0.598653	6.235871
12468	-1489.201	-1584.589	95.38804	0.5639976	0.6812867	0.584908	0.415092	4.74125
12474	-1487.998	-1582.672	94.67468	0.4499056	0.4180239	0.362431	0.637569	5.428545
12480	-1494.22	-1589.128	94.90786	0.5357149	0.4542659	0.333467	0.666533	5.216152
12486	-1496.871	-1593.496	96.6255	0.8302924	0.364685	0.529197	0.470803	4.185069
12492	-1486.731	-1582.55	95.81893	0.6084191	0.6654132	0.452282	0.547718	4.486616
12498	-1480.811	-1576.005	95.19356	0.5946836	0.6710859	0.491518	0.508482	4.840293
12504	-1489.673	-1584.224	94.55119	0.638566	0.6120468	0.41463	0.58537	5.218032
12510	-1491.686	-1586.155	94.46918	0.6728176	0.8089246	0.556296	0.443704	5.10363
12516	-1474.266	-1568.997	94.73111	0.5801102	0.5254141	0.556296	0.443704	5.223293
12522	-1487.69	-1582.683	94.99338	0.5604623	0.5018133	0.380841	0.619159	5.110185
12528	-1488.155	-1582.227	94.07175	0.5806456	0.5707681	0.44208	0.55792	5.547659
12660	-1506.935	-1602.421	95.48647	0.7331328	0.6151565	0.439039	0.560961	4.642444
12666	-1498.649	-1594.463	95.81407	0.8530049	0.4358334	0.56279	0.43721	4.552925
13182	-1499.519	-1598.023	98.50407	1.07131	0.4376632	0.264573	0.735427	2.865621
13188	-1493.713	-1590.558	96.84561	1.07131	0.6867659	0.42851	0.57149	3.620314
13194	-1488.865	-1586.666	97.80001	1.07131	0.5997068	0.504045	0.495955	3.13073
13200	-1479.9	-1577.889	97.98932	1.07131	0.6074483	0.422875	0.577125	3.01097
13206	-1480.752	-1578.67	97.91743	1.07131	0.6548372	0.422875	0.577125	3.014219
13212	-1476.078	-1572.994	96.91561	0.696176	0.399074	0.418908	0.581092	4.057379
13218	-1483.865	-1579.918	96.05255	0.7243586	0.6544814	0.451436	0.548564	4.297755
13224	-1482.493	-1577.548	95.05528	0.7066246	0.467007	0.468259	0.531741	5.027409
13230	-1476.334	-1571.371	95.03767	0.5545622	0.5722307	0.382894	0.617106	5.027409
13236	-1481.187	-1576.351	95.16337	0.621783	0.4824305	0.382894	0.617106	4.999816
13242	-1483.519	-1579.283	95.76415	0.7817402	0.4824305	0.382894	0.617106	4.575053
13248	-1480.581	-1575.033	94.45218	0.5081406	0.5348416	0.460158	0.539842	5.408702
13254	-1487.76	-1580.98	93.21991	0.4321643	0.5193493	0.482011	0.517989	6.138449
13314	-1498.552	-1592.171	93.61852	0.4104554	0.5224934	0.409191	0.590809	5.930216
14652	-1489.092	-1584.221	95.12874	0.485162	0.7611187	0.428489	0.571511	4.87319
14658	-1492.163	-1586.732	94.56936	0.3768653	0.6176415	0.495179	0.504821	5.34811
15852	-1494.512	-1588.764	94.25224	0.3348113	0.6508348	0.381597	0.618403	5.520357
15858	-1495.039	-1588.251	93.2116	0.6046474	0.6366095	0.440716	0.559284	5.953344
15864	-1490.399	-1586.14	95.74157	0.5920282	0.4233357	0.420697	0.579303	4.752602
15870	-1481.03	-1576.158	95.12736	0.5895825	0.4196584	0.420697	0.579303	5.09958
15876	-1493.387	-1589	95.61327	0.6089255	0.5861129	0.439257	0.560743	4.66463
15882	-1484.27	-1578.866	94.59674	0.497408	0.5623605	0.377406	0.622594	5.31139
15888	-1483.05	-1579.005	95.95557	0.6132428	0.5246574	0.42697	0.57303	4.523138
15894	-1491.611	-1587.179	95.56809	0.443644	0.5596861	0.491538	0.508462	4.804485
15900	-1486.428	-1581.779	95.35071	0.518739	0.6584864	0.38307	0.61693	4.804485
15906	-1490.911	-1586.177	95.26601	0.4929865	0.5589742	0.504961	0.495039	4.9459
15912	-1484.292	-1578.638	94.34622	0.5416579	0.5205348	0.554378	0.445622	5.461136
15918	-1488.478	-1583.15	94.67194	0.2776237	0.4831395	0.491768	0.508232	5.461136
15924	-1491.451	-1586.02	94.56912	0.3989993	0.4722686	0.491768	0.508232	5.461136
15930	-1484.009	-1579.969	95.96054	0.5449455	0.4491641	0.591989	0.408011	4.630139
15936	-1492.685	-1586.834	94.14956	0.3674957	0.4661133	0.566733	0.433267	5.714678
15942	-1495.053	-1590.538	95.48544	0.6216747	0.5090697	0.442292	0.557708	4.79585
15948	-1501.799	-1596.015	94.21638	0.5687852	0.7821733	0.30415	0.69585	5.318523
16494	-1487.412	-1583.636	96.22444	0.6905399	0.7336072	0.245793	0.754207	4.16068
16500	-1478.68	-1572.572	93.89115	0.8812546	0.6069297	0.538699	0.461301	5.452347
16506	-1482.831	-1577.001	94.1706	0.6714596	0.7224772	0.557136	0.442864	5.32781
16512	-1485.156	-1579.925	94.7682	0.6794179	0.4804244	0.458605	0.541395	5.188839
16518	-1497.266	-1592.576	95.30962	0.7123247	0.4609015	0.375639	0.624361	4.888719
16632	-1494.63	-1588.949	94.31844	0.2441189	0.4588144	0.729991	0.270009	5.696722
16638	-1485.951	-1579.917	93.96583	0.3363694	0.6246598	0.508789	0.491211	5.696722
16644	-1479.042	-1573.144	94.10226	0.4207513	0.4817295	0.530813	0.469187	5.696722
16674	-1486.978	-1580.47	93.49263	0.4961579	0.6488894	0.440422	0.559578	5.849804
16782	-1493.019	-1589.586	96.56724	0.7341449	0.5678087	0.398935	0.601065	4.070609
16788	-1489.447	-1584.861	95.41387	0.6307905	0.6539273	0.429039	0.570961	4.71006
16794	-1488.452	-1583.619	95.16689	0.6932004	0.6078231	0.407418	0.592582	4.849249
16800	-1486.703	-1581.365	94.66162	0.552936	0.6078231	0.38998	0.61002	5.207671
16806	-1489.801	-1583.45	93.64894	0.5977895	0.756875	0.417409	0.582591	5.631711
16812	-1477.969	-1572.853	94.88414	0.6285836	0.5231007	0.364399	0.635601	5.113795
16818	-1485.986	-1580.404	94.4177	0.5339019	0.5573489	0.364399	0.635601	5.394228
16920	-1505.866	-1603.403	97.53678	1.161437	0.5308424	0.443265	0.556735	3.295135
16926	-1490.755	-1588.358	97.60307	1.026249	0.4788397	0.355401	0.644599	3.385891
16932	-1501.605	-1598.384	96.77898	1.059165	0.6009306	0.482617	0.517383	3.734619
16938	-1483.269	-1579.968	96.69866	0.9777552	0.7199088	0.476858	0.523142	3.734619
16944	-1480.632	-1578.358	97.72602	1.005714	0.7716878	0.553296	0.446704	3.078121
16950	-1482.981	-1580.315	97.33473	1.011477	0.7616416	0.474804	0.525196	3.313903
16956	-1478.598	-1576.248	97.64995	1.023874	0.7616416	0.355896	0.644104	3.119937
16962	-1492.932	-1590.879	97.9474	0.8794247	0.6438842	0.463617	0.536383	3.119937
16968	-1497.415	-1595.141	97.7269	0.9186021	0.7850514	0.480531	0.519469	3.119937
16974	-1481.294	-1578.661	97.36714	0.7219628	0.4781121	0.527255	0.472745	3.701132
16980	-1472.147	-1569.075	96.92871	0.9221498	0.5276449	0.527255	0.472745	3.791509
16986	-1480.097	-1576.74	96.64251	0.9623947	0.6988381	0.486958	0.513042	3.791509
16992	-1480.703	-1576.548	95.84531	0.7277123	0.6205298	0.486958	0.513042	4.439564
16998	-1477.582	-1572.224	94.64208	0.5279943	0.682806	0.464074	0.535926	5.174994
17004	-1490.899	-1585.976	95.07651	0.6738901	0.4320417	0.287948	0.712052	5.068342
17064	-1484.344	-1579.042	94.69829	0.783783	0.6715488	0.416279	0.583721	5.010331
17100	-1498.696	-1592.765	94.06822	0.596626	0.6086331	0.454346	0.545654	5.510177
17106	-1502.611	-1598.852	96.2414	0.5493853	0.5043049	0.439537	0.560463	4.416742
17112	-1493.485	-1587.91	94.42511	0.6830419	0.7425311	0.317889	0.682111	5.166798
17118	-1475.524	-1571.018	95.49401	0.5983595	0.5988903	0.454455	0.545545	4.726787
17124	-1490.908	-1586.557	95.64886	0.4501928	0.5943144	0.440198	0.559802	4.726787
17130	-1491.489	-1587.336	95.8468	0.676804	0.4655261	0.52109	0.47891	4.603841
17136	-1475.317	-1570.513	95.19525	0.6837001	0.5247009	0.487123	0.512877	4.908963
17142	-1481.194	-1576.434	95.24044	0.6385135	0.5247009	0.52244	0.47756	4.908963
17148	-1480.808	-1577.011	96.20278	0.7692111	0.5247009	0.506578	0.493422	4.295721
17154	-1476.305	-1572.15	95.84445	0.8251015	0.6106828	0.483287	0.516713	4.393062
17160	-1481.307	-1577.898	96.59187	0.6864742	0.6106828	0.445351	0.554649	4.047734
17166	-1483.143	-1580.276	97.13363	0.7938013	0.5377114	0.430215	0.569785	3.738184
17172	-1477.367	-1573.729	96.36289	0.8450563	0.625068	0.37982	0.62018	4.076193
17178	-1474.604	-1571.192	96.58825	0.8236393	0.5699325	0.498632	0.501368	4.005719
17184	-1484.948	-1580.499	95.55134	0.8236393	0.8126918	0.536924	0.463076	4.412143
17190	-1478.734	-1574.753	96.01932	0.714064	0.8126918	0.505077	0.494923	4.209422
17196	-1474.254	-1570.098	95.84387	0.6310147	0.4598762	0.510374	0.489626	4.636684
17202	-1479.662	-1575.232	95.57048	0.6310147	0.430592	0.472828	0.527172	4.818889
17208	-1477.508	-1573.456	95.94754	0.5393049	0.7511796	0.449684	0.550316	4.390697
17214	-1491.787	-1587.189	95.40149	0.5452451	0.6541508	0.378148	0.621852	4.764631
17220	-1480.964	-1576.773	95.8095	0.7122401	0.4570779	0.456569	0.543431	4.613169
17226	-1476.806	-1570.712	93.90612	0.5070625	0.5558914	0.470563	0.529437	5.691367
17232	-1478.026	-1571.888	93.86203	0.5309567	0.5921059	0.563177	0.436823	5.672643
17238	-1470.738	-1564.022	93.28335	0.5309607	0.5921059	0.450842	0.549158	5.989123
17244	-1480.314	-1573.461	93.14631	0.5883725	0.6481679	0.563631	0.436369	5.989123
17250	-1477.338	-1572.115	94.77751	0.8419114	0.632668	0.559494	0.440506	4.963602
17256	-1487.258	-1583.219	95.96045	1.107899	0.5281341	0.337757	0.662243	4.238046
17262	-1475.708	-1572.569	96.86148	0.8762992	0.4835038	0.491623	0.508377	3.898143
17268	-1482.014	-1578.215	96.20136	0.8744066	0.644178	0.491623	0.508377	4.136252
17274	-1485.311	-1579.658	94.34726	0.7299688	0.644178	0.58879	0.41121	5.255239
17280	-1487.978	-1582.446	94.46838	0.8222253	0.8869831	0.453774	0.546226	4.972127
17286	-1483.637	-1578.624	94.98646	0.6497173	0.8869831	0.453774	0.546226	4.779593
17292	-1484.787	-1580.188	95.40057	0.6322963	0.5751939	0.494652	0.505348	4.779593
17298	-1480.974	-1576.261	95.28605	0.738469	0.4924859	0.361402	0.638598	4.857198
17304	-1487.175	-1581.566	94.39058	0.4053708	0.5720098	0.516864	0.483136	5.467687
17310	-1477.892	-1572.344	94.45173	0.4512516	0.5212835	0.516864	0.483136	5.452157
17316	-1481.247	-1575.32	94.07255	0.5175075	0.3612232	0.563339	0.436661	5.783214
17322	-1476.317	-1571.65	95.33257	0.5851081	0.5760829	0.594792	0.405208	4.843122
17328	-1478.115	-1574.428	96.3126	0.7566943	0.5997106	0.525056	0.474944	4.175752
17334	-1481.989	-1577.044	95.05547	0.7033854	0.7683122	0.561382	0.438618	4.787447
17340	-1474.26	-1569.239	94.9788	0.6505548	0.5969437	0.561382	0.438618	4.986453
17346	-1493.593	-1589.038	95.44446	0.72173	0.9401328	0.480546	0.519454	4.450479
17352	-1490.05	-1585.868	95.81813	0.7377444	0.4226553	0.41665	0.58335	4.628908
17358	-1480.461	-1575.53	95.06894	0.8025767	0.7722892	0.4749	0.5251	4.721798
17364	-1485.638	-1580.798	95.15989	0.7116351	0.7722892	0.452574	0.547426	4.721798
17370	-1483.096	-1575.73	92.63404	0.7217319	0.5566538	0.559652	0.440348	6.267714
17376	-1482.808	-1576.401	93.59337	0.6514596	0.6915957	0.552868	0.447132	5.678222
17382	-1477.245	-1572.543	95.29825	0.6514596	0.561316	0.505434	0.494566	4.837695
17388	-1481.523	-1575.856	94.33217	0.7085826	0.6142653	0.367081	0.632919	5.298606
17394	-1491.09	-1585.751	94.66137	0.7888578	0.7567677	0.492991	0.507009	4.967254
17400	-1479.627	-1573.849	94.22149	0.5274447	0.6538766	0.495891	0.504109	5.428984
17406	-1487.474	-1581.614	94.13942	0.5535541	0.6957539	0.370601	0.629399	5.428984
17412	-1489.072	-1583.308	94.23607	0.5722251	0.6114768	0.508306	0.491694	5.428984
17418	-1485.116	-1577.877	92.76091	0.4209098	0.5654084	0.467563	0.532437	6.354924
17424	-1477.784	-1572.056	94.27187	0.6319508	0.5844284	0.409928	0.590072	5.398079
17430	-1488.89	-1583.677	94.78731	0.6786041	0.4849452	0.477308	0.522692	5.174477
17436	-1493.049	-1588.543	95.49382	0.5812552	0.5602082	0.329471	0.670529	4.768674
17442	-1489.36	-1585.052	95.69146	0.5454718	0.659772	0.497415	0.502585	4.597892
17448	-1477.406	-1573.699	96.29291	0.6665409	0.4992151	0.581817	0.418183	4.326261
17454	-1488.979	-1582.116	93.13743	0.6664176	0.721079	0.352301	0.647699	5.898699
17460	-1480.999	-1574.824	93.82482	0.5216263	0.525563	0.443332	0.556668	5.753935
17466	-1489.572	-1583.521	93.94822	0.4295865	0.50618	0.443332	0.556668	5.753935
17472	-1501.305	-1595.195	93.89029	0.402649	0.5598367	0.485648	0.514352	5.753935
17478	-1489.901	-1584.431	94.5302	0.4010363	0.4888152	0.409235	0.590765	5.465956
17484	-1495.457	-1589.645	94.18841	0.3679821	0.4860851	0.504853	0.495147	5.674386
17490	-1493.534	-1588.047	94.51293	0.6403217	0.4860851	0.276029	0.723971	5.346167
17496	-1503.611	-1598.171	94.5597	0.4772352	0.5585532	0.349595	0.650405	5.346167
18144	-1483.318	-1580.194	96.87611	0.7830759	0.5886541	0.447576	0.552424	3.848033
18180	-1494.895	-1589.723	94.8283	0.5463215	0.8216431	0.587193	0.412807	4.966278
18186	-1491.98	-1584.986	93.00573	0.5463215	0.6786075	0.471613	0.528387	6.066247
18192	-1494.183	-1586.875	92.69162	0.4261799	0.9461507	0.521209	0.478791	6.131764
18198	-1492.554	-1586.459	93.9048	0.5322485	0.6773622	0.538185	0.461815	5.583073
18204	-1483.875	-1581.058	97.18356	0.9182898	0.8015164	0.551496	0.448504	3.429252
18210	-1496.603	-1594.741	98.13814	0.9250523	0.7102351	0.422595	0.577405	2.925305
18216	-1486.084	-1581.905	95.82097	0.8398456	0.6335933	0.476013	0.523987	4.379679
18222	-1485.72	-1581.843	96.12298	0.7336195	0.7705061	0.369831	0.630169	4.16796
18228	-1486.244	-1581.77	95.52583	0.795342	0.5494695	0.276335	0.723665	4.640223
18234	-1486.734	-1583.246	96.5118	0.8540055	0.5892108	0.437773	0.562227	4.01563
18240	-1480.778	-1576.488	95.70962	0.8710033	0.5673865	0.61609	0.38391	4.479126
18246	-1472.804	-1567.769	94.9647	0.8473483	0.6496053	0.553604	0.446396	4.843272
18252	-1474.972	-1567.793	92.82093	0.6729346	0.5640192	0.561714	0.438286	6.186529
18258	-1478.974	-1572.744	93.77015	0.6163921	0.742234	0.439716	0.560284	5.5649
18264	-1482.356	-1576.333	93.97718	0.7210151	0.7225952	0.439716	0.560284	5.407048
18270	-1489.975	-1584.386	94.41117	0.6332951	0.7823298	0.512196	0.487804	5.175109
18276	-1489.341	-1585.957	96.61569	0.7448281	0.5710046	0.643398	0.356602	4.034129
18282	-1492.692	-1588.953	96.26151	0.8134023	0.7843702	0.427239	0.572761	4.034129
18288	-1486.727	-1581.407	94.67965	0.8134023	0.8434843	0.529704	0.470296	4.886443
18294	-1482.147	-1577.349	95.20205	0.8633496	0.6942726	0.588942	0.411058	4.668254
18300	-1482.914	-1579.192	96.27835	0.7648983	0.9324302	0.424933	0.575067	3.957269
18306	-1478.155	-1575.257	97.1016	0.9132872	0.603202	0.495739	0.504261	3.630453
18312	-1487.521	-1584.265	96.74366	0.9615061	0.6593275	0.316773	0.683227	3.764022
18318	-1488.599	-1583.617	95.01811	0.4970359	0.5987941	0.4308	0.5692	5.048382
18450	-1487.168	-1582.341	95.1737	0.7311739	0.5493804	0.388692	0.611308	4.872908
18456	-1494.02	-1589.423	95.40301	0.504529	0.5476572	0.404133	0.595867	4.872908
18492	-1493.769	-1589.691	95.92225	0.8572059	0.5289283	0.565213	0.434787	4.400692
18498	-1491.253	-1588.34	97.08784	0.8001651	0.3708805	0.550594	0.449406	3.931381
18504	-1484.305	-1581.156	96.8508	0.9514687	0.7068542	0.562612	0.437388	3.671553
18510	-1484.634	-1582.282	97.64841	0.8960149	0.5212733	0.444056	0.555944	3.394522
18516	-1490.233	-1586.778	96.54515	0.8958199	0.5212733	0.351422	0.648578	4.032341
18522	-1481.336	-1576.723	95.38753	0.6917321	0.5394377	0.557192	0.442808	4.784278
18528	-1480.61	-1576.03	95.41964	0.659626	0.5394377	0.470658	0.529342	4.784278
18534	-1481.603	-1575.702	94.09909	0.6215311	0.7816444	0.477654	0.522346	5.354477
18540	-1477.818	-1573.1	95.28216	0.570381	0.5118138	0.539532	0.460468	4.935228
18546	-1485.351	-1580.611	95.25943	0.6347204	0.4866734	0.606157	0.393843	4.935228
18552	-1481.302	-1576.494	95.19206	0.6347204	0.650939	0.377344	0.622656	4.834038
18558	-1477.694	-1573.241	95.54762	0.7877631	0.5328015	0.490477	0.509523	4.646872
18564	-1486.703	-1581.979	95.27527	0.7762459	0.7348821	0.490477	0.509523	4.646872
18570	-1495.693	-1591.33	95.63703	0.8212961	0.6078482	0.592493	0.407507	4.51433
18576	-1493.738	-1588.72	94.9825	0.8744804	0.921395	0.603209	0.396791	4.635314
18582	-1494.712	-1589.962	95.24996	0.8008896	0.8392282	0.479783	0.520217	4.577286
18588	-1481.348	-1577.067	95.71915	0.4895262	0.6123291	0.496059	0.503941	4.650833
18594	-1483.235	-1576.232	92.99704	0.3926627	0.6123291	0.466744	0.533256	6.204427
18600	-1474.708	-1569.075	94.36652	0.3946655	0.6349465	0.501962	0.498038	5.436641
18606	-1484.679	-1578.909	94.22966	0.4027017	0.5362348	0.395707	0.604293	5.587875
18612	-1476.633	-1571.033	94.39954	0.3814543	0.5454901	0.340707	0.659293	5.498234
18618	-1484.105	-1579.093	94.98798	0.6449072	0.7124857	0.340707	0.659293	4.896577
18624	-1474.22	-1570.52	96.30065	0.8105673	0.7124857	0.503024	0.496976	4.064261
18630	-1472.696	-1568.362	95.66563	0.7008368	0.6051247	0.545937	0.454063	4.568149
18636	-1475.032	-1571.433	96.40127	0.718022	0.4500973	0.421514	0.578486	4.283493
18642	-1478.87	-1574.274	95.40343	0.5491415	0.7079943	0.421538	0.578462	4.721416
18648	-1479.675	-1573.556	93.88164	0.6790272	0.8813108	0.423562	0.576438	5.379586
18654	-1485.518	-1579.848	94.32988	0.7372898	0.7301766	0.423562	0.576438	5.198052
18660	-1483.784	-1578.486	94.70135	0.5937837	0.5650695	0.484381	0.515619	5.198052
18666	-1481.939	-1577.572	95.63374	0.5937837	0.6708548	0.346783	0.653217	4.594777
18672	-1478.677	-1574.786	96.10935	0.7084337	0.6708548	0.451882	0.548118	4.262066
18678	-1484.095	-1580.401	96.30543	0.7084337	0.6668392	0.542773	0.457227	4.153865
18684	-1484.041	-1579.687	95.6461	0.5682851	0.6696114	0.495762	0.504238	4.603084
18690	-1475.332	-1571.104	95.77251	0.7875304	0.4456301	0.450387	0.549613	4.603084
18696	-1480.831	-1576.365	95.53484	0.7347948	0.50281	0.411881	0.588119	4.710776
18840	-1489.818	-1584.653	94.83559	0.5314427	0.5994511	0.35729	0.64271	5.129978
18846	-1483.278	-1578.324	95.04614	0.5387155	0.4624701	0.556938	0.443062	5.129978
18882	-1483.917	-1580.505	96.58723	0.6626539	0.6097579	0.489463	0.510537	4.06472
18888	-1487.735	-1584.103	96.36808	0.5851512	0.6956735	0.411256	0.588744	4.16658
18894	-1493.865	-1590.016	96.15107	0.5851512	0.4232532	0.411256	0.588744	4.527057
18942	-1495.23	-1590.093	94.86307	0.6006727	0.4636816	0.48426	0.51574	5.195862
18948	-1499.331	-1595.74	96.40905	0.6006727	0.7184468	0.439301	0.560699	4.117728
18954	-1491.541	-1586.626	95.08516	0.6006727	0.6636412	0.523412	0.476588	4.902941
18960	-1483.704	-1579.213	95.50968	0.4808295	0.5809311	0.579931	0.420069	4.798456
18966	-1492.529	-1587.732	95.20236	0.788153	0.5809311	0.330502	0.669498	4.798456
18972	-1482.479	-1578.055	95.57595	0.6510329	0.4564155	0.394431	0.605569	4.778764
18978	-1486.12	-1581.65	95.53023	0.5415987	0.5505573	0.394566	0.605434	4.778764
18984	-1490.205	-1586.013	95.80771	0.5825542	0.5133334	0.499401	0.500599	4.633596
18990	-1490.124	-1584.419	94.29481	0.5326925	0.6105448	0.499401	0.500599	5.419142
18996	-1498.327	-1592.961	94.6338	0.5339433	0.6105448	0.520564	0.479436	5.231391
19002	-1484.803	-1580.265	95.46201	0.620806	0.4914029	0.496489	0.503511	4.825706
19008	-1494.794	-1590.227	95.43315	0.5187793	0.6935393	0.436379	0.563621	4.732283
19014	-1495.836	-1589.147	93.31099	0.4347634	0.6070321	0.414336	0.585664	6.014679
19020	-1487.213	-1581.146	93.9329	0.5408453	0.6452192	0.483492	0.516508	5.586858
19026	-1482.434	-1576.345	93.91128	0.5307747	0.5899149	0.347346	0.652654	5.647497
19032	-1490.346	-1583.284	92.93803	0.4667353	0.6250028	0.414137	0.585863	6.186428
19038	-1484.804	-1579.271	94.46784	0.4845542	0.5019228	0.351028	0.648972	5.4423
19044	-1477.063	-1572.495	95.4318	0.5329427	0.7690628	0.614427	0.385573	4.671823
19200	-1487.06	-1581.307	94.24736	0.4267913	0.6476283	0.413986	0.586014	5.474872
19206	-1480.99	-1575.435	94.44445	0.4267913	0.6147409	0.535784	0.464216	5.391735
19224	-1490.032	-1584.671	94.63914	0.6182419	0.5718892	0.501787	0.498213	5.213238
19230	-1493.27	-1588.996	95.72593	0.6250913	0.4464672	0.541679	0.458321	4.719311
19236	-1493.165	-1587.596	94.43118	0.5150721	0.6387621	0.541679	0.458321	5.331705
19242	-1490.451	-1584.773	94.32162	0.7335114	0.7573481	0.520384	0.479616	5.185992
19248	-1485.351	-1580.619	95.26823	0.5819928	0.5344042	0.523788	0.476212	4.916375
19254	-1509.888	-1605.853	95.96451	0.5387215	0.5680692	0.44119	0.55881	4.522079
19290	-1500.796	-1597.034	96.23883	0.6963032	0.6842755	0.349103	0.650897	4.185374
19296	-1493.256	-1589.346	96.09038	0.5959201	0.5996337	0.531225	0.468775	4.392623
19302	-1496.164	-1592.159	95.99504	0.7138281	0.5026569	0.376602	0.623398	4.464426
19308	-1487.265	-1583.84	96.57488	0.7138281	0.4569123	0.463604	0.536396	4.1806
19314	-1492.48	-1588.895	96.41434	0.6766415	0.6744559	0.556638	0.443362	4.104179
19320	-1483.549	-1579.289	95.7398	0.7130723	0.5571056	0.496614	0.503386	4.559745
19326	-1488.525	-1584.65	96.12516	0.5742705	0.4118275	0.430106	0.569894	4.559745
19332	-1482.009	-1578.539	96.53079	0.8668917	0.5029191	0.516508	0.483492	4.074052
19338	-1486.407	-1583.022	96.61438	0.8258046	0.5511288	0.615517	0.384483	4.005945
19344	-1486.066	-1581.727	95.66092	0.6406636	0.4930027	0.57934	0.42066	4.702002
19350	-1482.886	-1578.364	95.4782	0.5961714	0.6428037	0.437645	0.562355	4.702002
19356	-1491.387	-1586.763	95.37578	0.5859991	0.5932263	0.414334	0.585666	4.804356
19362	-1480.408	-1576.724	96.31585	0.6408714	0.630691	0.484233	0.515767	4.21454
19368	-1488.212	-1586.486	98.27371	1.009251	0.4188768	0.484233	0.515767	3.062307
19374	-1482.606	-1581.118	98.51222	0.9735744	0.4634205	0.496277	0.503723	2.892127
19380	-1485.187	-1580.861	95.67402	0.7431031	0.7739834	0.342261	0.657739	4.414304
19386	-1491.942	-1588.19	96.24841	0.9510253	0.7739834	0.454243	0.545757	3.97012
19392	-1479.527	-1575.892	96.3652	0.8086502	0.5038371	0.454243	0.545757	4.200495
19398	-1490.258	-1587.297	97.03867	0.933695	0.755094	0.557421	0.442579	3.537489
19404	-1485.739	-1580.562	94.82236	0.6999576	0.7786127	0.557421	0.442579	4.912364
19410	-1486.151	-1582.389	96.23852	0.7500531	0.3880101	0.497187	0.502813	4.422894
19416	-1482.24	-1576.836	94.59587	0.7639662	0.5484129	0.465914	0.534086	5.176383
19422	-1480.383	-1574.567	94.18413	0.6307372	0.6441789	0.493476	0.506524	5.400004
19428	-1482.461	-1577.022	94.5611	0.5719629	0.4843164	0.371687	0.628313	5.358948
19434	-1484.777	-1579.369	94.59214	0.7815404	0.5681588	0.373313	0.626687	5.151994
19440	-1486.173	-1580.662	94.4891	0.4225629	0.5681588	0.442241	0.557759	5.407171
19446	-1492.82	-1588.029	95.2089	0.6386779	0.5681588	0.569709	0.430291	4.888824
19482	-1487.105	-1583.749	96.64391	0.9077278	0.5321813	0.459789	0.540211	3.959151
19488	-1484.042	-1580.507	96.4649	0.6293973	0.6258066	0.375379	0.624621	4.140301
19494	-1483.265	-1579.046	95.78128	0.6471139	0.5892413	0.375379	0.624621	4.546384
19542	-1491.977	-1586.63	94.65293	0.4764746	0.5016242	0.566981	0.433019	5.345022
19548	-1480.849	-1574.301	93.45217	0.6773272	0.5016242	0.52363	0.47637	5.893851
19554	-1479.737	-1575.216	95.47854	0.5026615	0.4938407	0.376467	0.623533	4.880078
19560	-1482.74	-1578.129	95.3893	0.4631375	0.5552465	0.517939	0.482061	4.897079
19566	-1488.138	-1582.08	93.94114	0.5514668	0.5552465	0.486131	0.513869	5.648357
19572	-1480.407	-1573.067	92.66015	0.5743733	0.5898694	0.559066	0.440934	6.306479
19578	-1477.871	-1573.38	95.50948	0.7421983	0.4782661	0.594119	0.405881	4.743813
19584	-1474.695	-1569.017	94.32202	0.8368611	0.5514003	0.559229	0.440771	5.284927
19590	-1478.871	-1572.088	93.21667	0.5809802	0.4979403	0.420204	0.579796	6.078221
19596	-1475.473	-1569.29	93.81636	0.5941625	0.7141423	0.489107	0.510893	5.571239
19650	-1494.999	-1589.004	94.00471	0.6053799	0.7676884	0.572158	0.427842	5.424694
19656	-1486.346	-1579.701	93.35458	0.4168276	0.4850633	0.495774	0.504226	6.10425
19662	-1481.5	-1576.469	94.96892	0.4659772	0.522783	0.495774	0.504226	5.157191
19668	-1482.069	-1577.164	95.09536	0.6178402	0.5380624	0.482175	0.517825	4.989375
19674	-1486.929	-1580.881	93.95238	0.6271193	0.4552833	0.532239	0.467761	5.690841
19680	-1474.419	-1569.411	94.99215	0.6869614	0.6394958	0.421923	0.578077	4.925103
19686	-1484.677	-1579.046	94.3693	0.6633005	0.5569307	0.478649	0.521351	5.349926
19692	-1484.705	-1580.308	95.60237	0.6189884	0.5569307	0.478649	0.521351	4.689685
19698	-1477.335	-1571.762	94.42682	0.7041002	0.3882693	0.478649	0.521351	5.456467
19704	-1484.649	-1578.462	93.8127	0.3934994	0.4467694	0.507961	0.492039	5.903384
19710	-1483.791	-1577.044	93.25382	0.4082392	0.6583583	0.507961	0.492039	6.021131
19716	-1475.059	-1568.775	93.71594	0.3645206	0.6583583	0.502239	0.497761	5.792582
19722	-1473.599	-1568.242	94.6424	0.5365771	0.5722125	0.518602	0.481398	5.256309
19728	-1473.542	-1567.931	94.3897	0.645743	0.5550727	0.421813	0.578187	5.349931
19734	-1473.481	-1568.152	94.67132	0.7122668	0.4119115	0.421813	0.578187	5.292053
19740	-1470.711	-1566.67	95.9588	0.7768807	0.4666204	0.418368	0.581632	4.483622
19746	-1480.508	-1576.097	95.58847	0.8184094	0.4159234	0.406663	0.593337	4.719366
19752	-1488.089	-1583.09	95.00126	0.8548004	0.3436574	0.447611	0.552389	5.106407
19758	-1485.573	-1580.505	94.93144	0.7764519	0.3227088	0.459628	0.540372	5.21369
19764	-1479.295	-1574.07	94.77449	0.5863934	0.5054585	0.543396	0.456604	5.21369
19770	-1484.198	-1578.187	93.98872	0.6758713	0.3480515	0.454757	0.545243	5.757477
19776	-1501.692	-1594.996	93.30405	0.6042527	0.5574766	0.578891	0.421109	5.966165
19884	-1493.077	-1586.636	93.55877	0.5382321	0.7196989	0.522284	0.477716	5.739305
20142	-1503.794	-1597.619	93.82503	0.2907828	0.5864604	0.482641	0.517359	5.828978
20148	-1490.923	-1584.2	93.27735	0.2907828	0.628945	0.445884	0.554116	6.094481
20154	-1494.866	-1588.929	94.06278	0.4465372	0.628945	0.559742	0.440258	5.579773
20190	-1504.434	-1599.222	94.78835	0.2629524	0.6846549	0.374122	0.625878	5.239333
20196	-1505.169	-1598.176	93.00664	0.3758867	0.671071	0.481239	0.518761	6.164037
20352	-1477.174	-1572.779	95.60449	0.7253852	0.6764056	0.523047	0.476953	4.533137
20358	-1476.666	-1571.959	95.29285	0.6584913	0.4502539	0.499159	0.500841	4.938471
20364	-1478.582	-1573.17	94.58753	0.6992553	0.4502539	0.566579	0.433421	5.306709
20370	-1485.182	-1578.935	93.75367	0.5318221	0.7206878	0.338887	0.661113	5.635285
20376	-1494.759	-1588.274	93.51576	0.5776713	0.7206878	0.456275	0.543725	5.740569
20382	-1489.041	-1584.031	94.98967	0.6555186	0.7206878	0.456275	0.543725	4.883886
20388	-1475.032	-1571.023	95.99088	0.7031158	0.6520087	0.558346	0.441654	4.346546
20394	-1473.461	-1568.48	95.01871	0.7031158	0.6503524	0.48751	0.51249	4.892975
20400	-1479.015	-1575.196	96.18122	0.7988191	0.6919954	0.48751	0.51249	4.154083
20406	-1485.418	-1580.974	95.55591	0.6354295	0.5218758	0.48751	0.51249	4.737225
20412	-1483.644	-1579.706	96.06184	0.6782686	0.6539133	0.456457	0.543543	4.319012
20418	-1487.031	-1582.456	95.42521	0.5695723	0.5836498	0.62368	0.37632	4.79382
20424	-1484.661	-1579.52	94.85936	0.4656865	0.5836498	0.413219	0.586781	5.166077
20430	-1474.722	-1569.888	95.16506	0.5922191	0.5191912	0.4198	0.5802	4.981559
20436	-1473.647	-1569.507	95.85948	0.7427688	0.7345805	0.396406	0.603594	4.337209
20442	-1483.858	-1580.631	96.77279	0.8308683	0.4779258	0.543663	0.456337	3.980378
20448	-1484.894	-1580.589	95.69528	0.8623637	0.6344436	0.437578	0.562422	4.43719
20454	-1469.044	-1564.312	95.2676	0.6975255	0.6656327	0.41948	0.58052	4.745643
20460	-1482.788	-1578.33	95.54178	0.6880932	0.6341299	0.445561	0.554439	4.621663
20466	-1490.267	-1583.861	93.59388	0.525812	0.5196004	0.517661	0.482339	5.883201
20472	-1480.781	-1574.336	93.55498	0.4635719	0.5851621	0.553617	0.446383	5.883201
20478	-1482.482	-1576.129	93.64773	0.3708189	0.5851621	0.477712	0.522288	5.883201
20484	-1481.62	-1575.049	93.42863	0.5568165	0.6078379	0.54682	0.45318	5.883201
20490	-1493.084	-1589.287	96.20291	0.6847189	0.8242241	0.590453	0.409547	4.114162
20496	-1490.213	-1585.204	94.9916	0.6082642	0.5743345	0.411491	0.588509	5.021414
20502	-1483.186	-1577.544	94.35879	0.7925209	0.9341434	0.329804	0.670196	5.021414
20508	-1473.521	-1568.882	95.36139	0.7288489	0.6364494	0.329804	0.670196	4.698057
20514	-1474.212	-1569.643	95.43075	0.7174723	0.7945701	0.492765	0.507235	4.551758
20544	-1497.925	-1591.35	93.42519	0.4299423	0.5306941	0.492765	0.507235	6.017941
20574	-1498.087	-1593.319	95.2328	0.6040706	0.6332078	0.526154	0.473846	4.842107
20580	-1492.968	-1587.95	94.98231	0.5667708	0.6713569	0.403913	0.596087	4.973239
20586	-1487.066	-1580.993	93.92689	0.4785446	0.5096338	0.478895	0.521105	5.735712
20592	-1497.25	-1591.892	94.64161	0.3997093	0.8438586	0.456493	0.543507	5.137108
20598	-1507.397	-1600.49	93.09325	0.8116761	0.9477833	0.362671	0.637329	5.700926
20604	-1488.117	-1583.294	95.17699	0.6421301	0.5983509	0.480841	0.519159	4.879728
20610	-1486.893	-1580.874	93.9804	0.6501287	0.6668837	0.44427	0.55573	5.484446
20616	-1491.209	-1586.34	95.13106	0.8059929	0.5757978	0.44427	0.55573	4.832556
20622	-1476.299	-1571.205	94.90579	0.6686851	0.5238415	0.4489	0.5511	5.078905
20628	-1479.865	-1575.577	95.71183	0.8343534	0.727101	0.524469	0.475531	4.374206
20634	-1471.475	-1567.421	95.94631	0.8207006	0.5500397	0.379607	0.620393	4.389036
20640	-1469.992	-1565.023	95.03048	0.5698224	0.5719221	0.347029	0.652971	5.023183
20646	-1469.386	-1563.965	94.57909	0.5210379	0.4960888	0.475265	0.524735	5.366226
20652	-1472.23	-1567.546	95.31561	0.7480133	0.6684013	0.474222	0.525778	4.688468
20658	-1476.873	-1572.336	95.46356	0.6000629	0.6684013	0.438794	0.561206	4.688468
20664	-1480.752	-1574.349	93.59697	0.6548514	0.6656332	0.438794	0.561206	5.693332
20670	-1483.145	-1577.686	94.54155	0.6590542	0.6231874	0.54127	0.45873	5.203255
20676	-1486.125	-1581.715	95.58958	0.7894277	0.6231874	0.463303	0.536697	4.546602
20682	-1487.691	-1582.258	94.56729	0.8325764	0.5307199	0.425353	0.574647	5.16958
20688	-1477.679	-1573.055	95.37593	0.7886974	0.4620744	0.464757	0.535243	4.808031
20694	-1482.185	-1578.638	96.45266	0.8617707	0.429124	0.464517	0.535483	4.194369
20700	-1482.805	-1579.356	96.55075	1.017539	0.8768454	0.559822	0.440178	3.689701
20706	-1475.266	-1572.33	97.06411	0.8947039	0.6169217	0.466428	0.533572	3.651529
20712	-1468.834	-1564.4	95.56608	0.5264806	0.6026168	0.466428	0.533572	4.723654
20718	-1479.701	-1574.105	94.40375	0.6876547	0.8766512	0.451055	0.548945	5.089019
20724	-1474.3	-1569.502	95.20178	0.5859297	0.6880751	0.391819	0.608181	4.827992
20730	-1484.333	-1579.875	95.54155	0.7838388	0.7758922	0.44312	0.55688	4.464692
20736	-1483.215	-1577.683	94.46755	0.6322482	0.6073833	0.636092	0.363908	5.271454
20742	-1481.738	-1575.549	93.81154	0.8129028	0.6073833	0.5302	0.4698	5.533379
20748	-1470.006	-1566.716	96.71033	0.8083106	0.4204384	0.558566	0.441434	4.087378
20754	-1479.272	-1574.484	95.21182	0.7200462	0.6330526	0.45603	0.54397	4.789227
20760	-1476.135	-1571.808	95.67266	0.7826891	0.6468498	0.34578	0.65422	4.485104
20766	-1475.559	-1572.028	96.46876	0.7729509	0.6984707	0.440896	0.559104	4.000128
20772	-1492.15	-1588.214	96.06369	0.8767979	0.7038339	0.340297	0.659703	4.167784
20778	-1488.465	-1584.64	96.17569	0.8248849	0.6585647	0.51397	0.48603	4.167784
20784	-1476.938	-1573.527	96.58891	0.7954289	0.4414203	0.443486	0.556514	4.141933
20790	-1494.885	-1590.904	96.01849	0.9930905	0.6842744	0.554296	0.445704	4.141933
20796	-1493.449	-1590.2	96.75055	0.7878119	0.5817122	0.445329	0.554671	3.923265
20802	-1485.991	-1580.905	94.91406	0.6626241	0.5817122	0.437547	0.562453	5.028171
20808	-1482.368	-1577.37	95.00199	0.3773937	0.5817122	0.417952	0.582048	5.137582
20814	-1489.399	-1583.994	94.59517	0.5840583	0.5817122	0.608841	0.391159	5.248321
20820	-1478.325	-1575.092	96.76728	0.7175453	0.5290121	0.43742	0.56258	4.000233
20826	-1481.76	-1578.825	97.06421	0.7998599	0.5824025	0.541665	0.458335	3.735355
20832	-1487.992	-1585.15	97.15775	0.7343692	0.5637308	0.460142	0.539858	3.735355
20838	-1492.682	-1588.617	95.93484	0.7510559	0.6161519	0.385711	0.614289	4.379424
20844	-1496.725	-1592.087	95.36198	0.6715796	0.6099327	0.38572	0.61428	4.750737
20850	-1495.463	-1590.159	94.69668	0.5986278	0.5177584	0.570698	0.429302	5.238883
20856	-1490.655	-1587.107	96.45159	0.8462339	0.5331449	0.439784	0.560216	4.103165
20862	-1490.491	-1585.792	95.30157	0.8462339	0.7353948	0.525324	0.474676	4.592523
20868	-1485.502	-1580.584	95.08215	0.6227718	0.6495327	0.38595	0.61405	4.903018
20874	-1491.745	-1589.064	97.31898	0.9810176	0.7111161	0.357452	0.642548	3.378327
21264	-1493.043	-1587.682	94.6394	0.8343692	0.7732805	0.47279	0.52721	4.94296
21300	-1488.499	-1581.527	93.02752	0.791916	0.589504	0.480387	0.519613	5.988418
21306	-1488.232	-1582.565	94.33222	0.6139264	0.6143831	0.527678	0.472322	5.350716
21312	-1489.417	-1584.259	94.8424	0.4922726	0.5411166	0.464984	0.535016	5.196594
21318	-1496.134	-1589.778	93.64375	0.6451662	0.6325441	0.300382	0.699618	5.697923
21324	-1479.068	-1571.81	92.74196	0.7063924	0.6325441	0.610207	0.389793	6.156945
21330	-1480.131	-1575.148	95.01793	1.140448	0.8291498	0.438863	0.561137	4.523363
21336	-1482.494	-1580.281	97.78635	1.274955	0.7787322	0.438863	0.561137	2.874935
21342	-1480.714	-1577.7	96.98587	1.229909	0.9841095	0.377807	0.622193	3.245118
21348	-1480.678	-1578.309	97.63089	1.229909	0.7563097	0.401944	0.598056	3.012145
21354	-1483.064	-1581.216	98.15251	0.9735544	0.5619478	0.433811	0.566189	3.012145
21360	-1486.655	-1584.59	97.93432	1.037024	0.7309197	0.363996	0.636004	2.964751
21366	-1486.187	-1582.58	96.39294	0.9990569	0.7068972	0.436017	0.563983	3.907848
21510	-1505.513	-1600.419	94.9069	0.5779033	0.4825576	0.427641	0.572359	5.166254
21516	-1505.676	-1600.212	94.53576	0.7274441	0.6262082	0.341598	0.658402	5.166254
21564	-1500.926	-1596.447	95.52131	0.6058345	0.5261296	0.41303	0.58697	4.769293
22374	-1495.239	-1588.559	93.31999	0.6479093	0.6669981	0.497685	0.502315	5.847752
22380	-1494.732	-1588.163	93.43089	0.5370079	0.6669981	0.56487	0.43513	5.847752
22386	-1491.643	-1586.005	94.36174	0.5933578	0.3817887	0.422209	0.577791	5.560203
22392	-1489.146	-1583.122	93.97558	0.5040569	0.6389586	0.440086	0.559914	5.588386
22398	-1485.309	-1579.307	93.99785	0.4817812	0.6389586	0.365461	0.634539	5.588386
22404	-1492.69	-1586.499	93.80886	0.5236303	0.6668981	0.44188	0.55812	5.648163
22410	-1487.935	-1582.01	94.07548	0.6385075	0.423939	0.580881	0.419119	5.648163
22416	-1489.624	-1582.984	93.36	0.5635337	0.6194504	0.554579	0.445421	5.907949
22422	-1491.537	-1585.733	94.19542	0.544053	0.4769313	0.360372	0.639628	5.582447
22428	-1494.767	-1587.885	93.11829	0.7042793	0.8649749	0.602456	0.397544	5.79485
22434	-1482.664	-1577.614	94.95046	0.688968	0.5624278	0.523322	0.476678	5.009431
22440	-1488.585	-1583.783	95.19841	0.6811618	0.6188234	0.482654	0.517346	4.829606
22446	-1490.072	-1584.704	94.6314	0.7998977	0.6188234	0.482654	0.517346	5.078909
22452	-1493.167	-1586.045	92.87869	0.5212773	0.5808773	0.607128	0.392872	6.22381
22458	-1495.419	-1590.886	95.46766	0.5103899	0.7370505	0.555631	0.444369	4.686486
22464	-1480.607	-1574.317	93.70988	0.5382565	0.6293426	0.445827	0.554173	5.722733
22470	-1485.956	-1579.983	94.02747	0.4757701	0.4656027	0.549793	0.450207	5.722733
22476	-1480.701	-1574.649	93.94858	0.3018078	0.6277367	0.426745	0.573255	5.722733
22512	-1498.096	-1595.231	97.13535	0.851304	0.7495282	0.46995	0.53005	3.533171
22518	-1495.769	-1593.393	97.62399	0.960842	0.8764477	0.585204	0.414796	3.093533
22524	-1483.153	-1578.797	95.64451	0.7726313	0.4203393	0.451633	0.548367	4.709008
22530	-1482.718	-1578.455	95.73713	0.8489377	0.5009771	0.383845	0.616155	4.535064
22536	-1489.699	-1584.725	95.02643	0.5507904	0.3778961	0.493662	0.506338	5.221613
22572	-1483.972	-1579.66	95.68824	0.8728047	0.8383677	0.467853	0.532147	4.2903
22578	-1492.637	-1588.412	95.77525	0.8728047	1.113844	0.333702	0.666298	4.080942
22584	-1489.803	-1584.071	94.26806	0.885657	0.571968	0.53433	0.46567	5.270471
22590	-1490.935	-1586.093	95.15768	0.751791	0.5915499	0.647863	0.352137	4.834911
22596	-1482.282	-1577.623	95.34068	0.7017335	0.6273877	0.525245	0.474755	4.731907
22602	-1488.099	-1583.787	95.68769	0.6449537	0.4566196	0.372912	0.627088	4.719514
22608	-1482.911	-1577.68	94.76885	0.552864	0.5489825	0.346509	0.653491	5.196991
22614	-1479.946	-1575.517	95.57136	0.8189769	0.6710663	0.510726	0.489274	4.503161
22620	-1478.612	-1573.126	94.51447	0.4692354	0.6047028	0.522953	0.477047	5.337678
22626	-1477.563	-1573.091	95.52767	0.4544619	0.5625792	0.522953	0.477047	4.818539
22632	-1500.402	-1596.222	95.81942	0.4003126	0.5560087	0.368914	0.631086	4.691389
22638	-1495.78	-1590.387	94.60631	0.6052788	0.5383275	0.504138	0.495862	5.267053
22644	-1499.916	-1593.656	93.74014	0.3940724	0.5700599	0.504138	0.495862	5.832303
22674	-1489.961	-1584.871	94.91046	0.681051	0.430862	0.537233	0.462767	5.157597
22680	-1481.879	-1577.123	95.24331	0.6444956	0.498967	0.537233	0.462767	4.927335
22686	-1482.064	-1578.811	96.74691	0.7845086	0.6601905	0.553802	0.446198	3.863334
22692	-1487.584	-1583.871	96.28742	0.7814975	0.6601905	0.37901	0.62099	4.127675
22698	-1496.081	-1591.92	95.83907	0.973107	0.7619912	0.634283	0.365717	4.199074
22704	-1493.84	-1586.967	93.12685	0.559986	0.5522571	0.51317	0.48683	6.091286
23160	-1491.869	-1587.85	95.98083	0.5730602	0.6546449	0.439016	0.560984	4.423581
23166	-1474.131	-1569.737	95.60594	0.6977091	0.4616596	0.529065	0.470935	4.730783
23172	-1475.801	-1569.865	94.06404	0.6214796	0.5948461	0.505959	0.494041	5.509807
23178	-1470.886	-1565.369	94.48291	0.5411086	0.609128	0.505959	0.494041	5.311907
23184	-1482.108	-1577.831	95.72298	0.5398059	0.6104246	0.480748	0.519252	4.622036
23190	-1479.651	-1574.241	94.5896	0.4867883	0.689898	0.603015	0.396985	5.221643
23196	-1487.995	-1582.466	94.47073	0.7964889	0.5554165	0.386948	0.613052	5.221643
23202	-1487.06	-1583.213	96.15309	0.7597548	0.5019035	0.420343	0.579657	4.350089
23208	-1496.799	-1589.777	92.97876	0.6276894	0.893387	0.538382	0.461618	5.89592
23310	-1501.414	-1596.404	94.98989	0.697264	0.5030759	0.521831	0.478169	5.035087
23316	-1492.779	-1588.032	95.25339	0.7351627	0.642212	0.521831	0.478169	4.750442
23322	-1477.87	-1572.149	94.27897	0.7351627	0.7639216	0.362411	0.637589	5.204219
23328	-1480.033	-1576.603	96.56974	0.8733609	0.5913117	0.342785	0.657215	3.969683
23334	-1485.726	-1580.975	95.2493	0.7774805	0.6901893	0.498869	0.501131	4.692871
23430	-1491.763	-1586.783	95.01927	0.5935094	0.5482062	0.46162	0.53838	5.036362
23436	-1490.082	-1585.553	95.47078	0.5935094	0.6689144	0.540382	0.459618	4.687708
23442	-1487.221	-1582.77	95.54934	0.6607417	0.5666552	0.474607	0.525393	4.687708
23448	-1497.398	-1591.866	94.46785	0.5670929	0.6077039	0.523901	0.476099	5.307009
23454	-1490.451	-1583.916	93.46455	0.4895212	0.6035843	0.346444	0.653556	5.903694
23460	-1492.085	-1586.59	94.50531	0.6442883	0.6605227	0.433564	0.566436	5.202855
23466	-1489.881	-1584.651	94.76961	0.43323	0.6605227	0.354402	0.645598	5.173398
23472	-1488.424	-1582.547	94.12283	0.5625278	0.5814464	0.354402	0.645598	5.520758
23478	-1496.73	-1590.74	94.01068	0.4881239	0.7169383	0.354402	0.645598	5.520758
23484	-1497.033	-1591.879	94.84524	0.5392294	0.7169383	0.526929	0.473071	5.031527
23490	-1497.056	-1592.301	95.24451	0.4729243	0.6557243	0.560038	0.439962	4.891328
23496	-1487.387	-1583.025	95.6375	0.6889659	0.480673	0.536834	0.463166	4.699696
23514	-1488.495	-1583.416	94.92121	0.644842	0.572279	0.428182	0.571818	5.041901
23520	-1475.983	-1572.53	96.54727	0.7588179	0.5358282	0.607408	0.392592	4.096048
23526	-1485.71	-1581.186	95.47575	0.8064693	0.524408	0.437065	0.562935	4.684121
23532	-1482.119	-1577.842	95.72357	0.690139	0.6330965	0.456187	0.543813	4.519266
23538	-1483.287	-1578.362	95.07579	0.7086277	0.6723229	0.418571	0.581429	4.841499
23544	-1478.129	-1572.598	94.46857	0.5955899	0.6244887	0.427019	0.572981	5.277654
23550	-1480.271	-1575.265	94.99465	0.7113726	0.5136167	0.472832	0.527168	5.015042
23556	-1480.487	-1576.03	95.54309	0.5525426	0.4656948	0.447264	0.552736	4.842998
23562	-1473.138	-1566.747	93.60884	0.5695679	0.5012431	0.488297	0.511703	5.867462
23568	-1470.643	-1565.154	94.51019	0.5695679	0.4925449	0.488297	0.511703	5.380709
23574	-1479.895	-1573.936	94.04035	0.5738916	0.6717355	0.671931	0.328069	5.489814
23580	-1482.533	-1576.78	94.24615	0.5738916	0.6779025	0.48217	0.51783	5.371942
23586	-1490.435	-1585.173	94.7381	0.9687806	0.6697836	0.48217	0.51783	4.886611
23592	-1474.745	-1570.594	95.84875	0.6924866	0.4710068	0.48217	0.51783	4.588623
23598	-1475.047	-1570.208	95.16115	0.9771788	0.7485649	0.48217	0.51783	4.588623
23604	-1474.41	-1570.501	96.0911	0.992963	0.7743967	0.395539	0.604461	4.035754
23610	-1476.882	-1570.605	93.72344	0.7331465	0.753461	0.482835	0.517165	5.518753
23616	-1482.52	-1578.512	95.99183	0.6455932	0.5254304	0.532995	0.467005	4.483855
23622	-1481.245	-1576.719	95.47401	0.8034828	0.570466	0.473037	0.526963	4.646736
23628	-1487.784	-1581.474	93.6905	0.5824228	0.8191697	0.41479	0.58521	5.576505
23634	-1479.419	-1573.455	94.03592	0.5484662	0.5049562	0.485054	0.514946	5.641809
23640	-1486.027	-1580.031	94.00384	0.5366313	0.6061801	0.555	0.445	5.580465
23646	-1489.615	-1583.486	93.87098	0.6251076	0.6210693	0.446861	0.553139	5.593145
23652	-1484.477	-1579.533	95.0561	0.6299598	0.5007541	0.427597	0.572403	5.037819
23658	-1480.696	-1575.665	94.96928	0.6074552	0.570069	0.371543	0.628457	5.037819
23664	-1483.974	-1579.686	95.71159	0.8290475	0.6726683	0.458607	0.541393	4.417312
23670	-1481.468	-1575.903	94.43565	0.6565254	0.6905108	0.392212	0.607788	5.212468
23676	-1480.307	-1575.171	94.86407	0.5658751	0.4658519	0.407923	0.592077	5.212468
23682	-1486.375	-1581.855	95.48024	0.7736114	0.5968578	0.610419	0.389581	4.638054
23688	-1486.766	-1581.215	94.44879	0.7273209	0.8025438	0.567159	0.432841	5.08887
23694	-1493.404	-1587.879	94.47498	0.7762903	0.7405539	0.559459	0.440541	5.08887
23700	-1484.953	-1581.153	96.19958	0.5413964	0.5398768	0.57807	0.42193	4.412646
23706	-1482.894	-1577.688	94.79335	0.6373851	0.6929624	0.500583	0.499417	5.023074
23712	-1493.439	-1587.283	93.84353	0.4191	0.5382129	0.484639	0.515361	5.788857
23718	-1494.541	-1588.525	93.98416	0.5899818	0.468691	0.640878	0.359122	5.680941
23724	-1484.241	-1579.642	95.40191	0.5662091	0.6836983	0.534522	0.465478	4.730475
23730	-1483.083	-1578.461	95.37797	0.5479595	0.5456207	0.519208	0.480792	4.864425
23736	-1496.09	-1592.589	96.49976	0.6631932	0.6028088	0.477755	0.522245	4.119946
23742	-1492.968	-1586.279	93.31186	0.5964437	0.5108676	0.571265	0.428735	6.006321
23748	-1490.477	-1583.952	93.47448	0.5978727	0.8550862	0.487306	0.512694	5.66408
23754	-1487.477	-1581.238	93.76092	0.4709305	0.7215881	0.414396	0.585604	5.66408
23760	-1484.694	-1580.228	95.53355	0.6208868	0.5605175	0.414396	0.585604	4.72406
23766	-1500.158	-1594.379	94.2209	0.4624505	0.560689	0.394045	0.605955	5.539045
23772	-1495.463	-1590.772	95.30953	0.8035412	0.678591	0.547942	0.452058	4.653145
23778	-1496.603	-1592.249	95.64585	0.8222472	0.4895464	0.443608	0.556392	4.611967
23784	-1492.546	-1588.217	95.67099	0.5714397	0.5173683	0.4913	0.5087	4.712713
23790	-1487.033	-1581.161	94.12873	0.566048	0.6858298	0.45829	0.54171	5.435167
23796	-1480.446	-1575.492	95.0462	0.5858417	0.6858298	0.473531	0.526469	4.916378
24270	-1490.025	-1587.075	97.05045	1.060368	0.488994	0.441536	0.558464	3.67792
24276	-1500.171	-1598.122	97.95115	1.10785	0.6787284	0.441536	0.558464	2.952676
24282	-1501.193	-1598.534	97.34033	1.10785	0.4480925	0.560647	0.439353	3.523124
24288	-1500.088	-1597.082	96.99327	0.6313609	0.6568504	0.406214	0.593786	3.812358
24294	-1497.376	-1591.302	93.92598	0.5444363	0.5468663	0.406214	0.593786	5.667623
24324	-1498.298	-1593.031	94.73313	0.6305125	0.54219	0.57242	0.42758	5.179635
24420	-1493.257	-1589.61	96.35311	0.6995291	0.6987469	0.402854	0.597146	4.107761
24426	-1480.814	-1576.033	95.21915	0.6882148	0.517879	0.546159	0.453841	4.899242
24432	-1476.526	-1572.086	95.56015	0.7394101	0.517879	0.466894	0.533106	4.680284
24438	-1487.389	-1583.095	95.70618	0.7595673	0.736614	0.466894	0.533106	4.412828
24444	-1480.957	-1576.12	95.1625	0.5045323	0.6493371	0.502033	0.497967	4.924258
24450	-1478.137	-1573.016	94.87985	0.5365235	0.6026945	0.564291	0.435709	5.100024
24456	-1488.647	-1583.484	94.83712	0.5792502	0.6026945	0.463468	0.536532	5.100024
24462	-1491.52	-1585.207	93.68669	0.5621113	0.4519911	0.539763	0.460237	5.875027
24468	-1476.597	-1571.57	94.97308	0.5576861	0.5145431	0.426846	0.573154	5.111437
24474	-1478.687	-1574.388	95.70073	0.7882423	0.6374614	0.461738	0.538262	4.473497
24480	-1479.841	-1573.52	93.6794	0.4445875	0.8328824	0.450673	0.549327	5.649575
24486	-1475.761	-1569.848	94.08646	0.4312623	0.5376483	0.450673	0.549327	5.649575
24492	-1482.221	-1576.675	94.45395	0.5202449	0.5552896	0.554843	0.445157	5.383517
24498	-1484.536	-1579.219	94.68316	0.4667167	0.5532525	0.554843	0.445157	5.288321
24504	-1483.11	-1577.635	94.52538	0.6244974	0.5532525	0.495675	0.504325	5.288321
24510	-1484.086	-1579.388	95.30262	0.56759	0.665259	0.453963	0.546037	4.798941
24516	-1479.183	-1574.455	95.27212	0.4679231	0.5224274	0.453963	0.546037	4.988245
24522	-1481.116	-1574.626	93.50977	0.6505338	0.5989191	0.472455	0.527545	5.794645
24528	-1478.76	-1573.219	94.45899	0.4360807	0.4713693	0.472455	0.527545	5.502178
24534	-1482.23	-1576.831	94.60118	0.2801381	0.4794025	0.486923	0.513077	5.502178
24540	-1481.088	-1574.701	93.61253	0.3689883	0.5511263	0.506732	0.493268	5.931531
24546	-1490.367	-1584.234	93.86711	0.3511801	0.5664345	0.506732	0.493268	5.789304
24552	-1482.779	-1576.496	93.71733	0.6427699	0.4781299	0.395115	0.604885	5.789304
24558	-1496.832	-1591.604	94.77218	0.6580891	0.583164	0.422311	0.577689	5.108193
24564	-1483.534	-1577.148	93.61452	0.5855557	0.5847273	0.52038	0.47962	5.784279
24570	-1490.001	-1582.834	92.83266	0.5530901	0.7030307	0.53999	0.46001	6.13934
24576	-1480.111	-1575.626	95.51489	0.8558763	0.6278182	0.53999	0.46001	4.547561
24582	-1472.867	-1566.838	93.97126	0.5299644	0.6601799	0.435799	0.564201	5.560518
24588	-1468.593	-1563.586	94.99314	0.6167733	0.5367667	0.509781	0.490219	5.047865
24594	-1484.692	-1579.459	94.76666	0.6985008	0.634505	0.462321	0.537679	5.047865
24600	-1489.406	-1583.565	94.15852	0.824045	0.9866459	0.5083	0.4917	5.085019
24606	-1476.006	-1571.319	95.31231	0.824045	0.6750494	0.5083	0.4917	4.642749
24612	-1476.969	-1573.697	96.72889	1.091367	0.652248	0.496401	0.503599	3.703154
24618	-1481.217	-1578.781	97.5641	1.115301	0.6539985	0.346354	0.653646	3.199254
24624	-1484.24	-1580.005	95.76557	0.7079268	0.6472495	0.521124	0.478876	4.474579
24630	-1485.434	-1579.959	94.52545	0.679698	0.7033071	0.35193	0.64807	5.140698
24636	-1485.677	-1581.387	95.70994	0.7120812	0.6597538	0.635418	0.364582	4.493928
24642	-1480.777	-1575.876	95.09825	0.7439343	0.6873342	0.413647	0.586353	4.798142
24648	-1479.328	-1575.06	95.73205	0.5236523	0.5991589	0.524507	0.475493	4.635134
24654	-1484.464	-1579.004	94.54023	0.5756934	0.5483078	0.55671	0.44329	5.311285
24660	-1484.509	-1579.142	94.63288	0.5766257	0.4902274	0.363799	0.636201	5.311285
24666	-1486.035	-1581.361	95.32612	0.6862928	0.5727401	0.298471	0.701529	4.793064
24672	-1495.031	-1590.469	95.43837	0.5740429	0.5727401	0.559511	0.440489	4.793064
24678	-1486.375	-1581.66	95.28502	0.6264602	0.5901223	0.560299	0.439701	4.834964
24684	-1485.43	-1580.81	95.38048	0.6838776	0.8182841	0.52939	0.47061	4.583222
24690	-1473.088	-1568.132	95.04414	0.6707553	0.6065391	0.354334	0.645666	4.931148
24696	-1480.695	-1576.824	96.12823	0.6707553	0.5687796	0.512154	0.487846	4.354818
24702	-1485.684	-1579.875	94.19081	0.8441235	0.340319	0.491643	0.508357	5.563403
24708	-1488.256	-1583.934	95.67863	0.8742695	0.4040132	0.393809	0.606191	4.650271
24720	-1475.554	-1571.452	95.89823	0.7659784	0.5603247	0.54383	0.45617	4.438097
24726	-1482.326	-1578.397	96.07134	0.7891166	0.4417632	0.430682	0.569318	4.438097
24732	-1481.755	-1577.669	95.91426	0.7707575	0.5468099	0.475953	0.524047	4.438097
24738	-1486.31	-1579.594	93.28304	0.6222423	0.6678913	0.488979	0.511021	5.881323
24894	-1486.359	-1581.485	95.12633	0.7033314	0.5843273	0.460435	0.539565	4.885329
25152	-1494.09	-1588.602	94.51203	0.5888408	0.6331985	0.521298	0.478702	5.250609
25158	-1486.852	-1583.157	96.30523	0.7618248	0.6331985	0.432575	0.567425	4.149888
25902	-1483.636	-1578.195	94.55912	0.7393737	0.4400773	0.551084	0.448916	5.310313
25908	-1488.702	-1583.187	94.48503	0.5029018	0.5409771	0.622199	0.377801	5.388177
25914	-1487.791	-1582.19	94.39884	0.5954432	0.5369267	0.610976	0.389024	5.388177
25962	-1490.997	-1586.079	95.08174	0.7449419	0.58186	0.522732	0.477268	4.88903
25968	-1482.554	-1578.548	95.99368	0.7732653	0.9278475	0.468631	0.531369	4.117707
25974	-1493.992	-1590.778	96.78642	0.7102798	0.5703679	0.468631	0.531369	3.956845
25980	-1482.758	-1578.036	95.2788	0.519664	0.463712	0.468631	0.531369	5.010291
25986	-1486.936	-1580.542	93.60513	0.3873723	0.5318644	0.478166	0.521834	5.94198
25992	-1486.203	-1581.054	94.85102	0.3791663	0.5318644	0.478166	0.521834	5.262408
25998	-1494.358	-1588.283	93.9257	0.5147108	0.4663065	0.44054	0.55946	5.756476
26004	-1488.175	-1582.081	93.90664	0.6906645	0.5322904	0.485545	0.514455	5.610545
26010	-1494.614	-1590.34	95.72599	0.8909772	0.4882359	0.52333	0.47667	4.529627
26016	-1485.449	-1581.701	96.2523	0.8909772	0.6254698	0.437082	0.562918	4.112704
26022	-1478.241	-1575.33	97.08917	0.9466281	0.6115344	0.463358	0.536642	3.611357
26028	-1477.442	-1573.454	96.01184	0.8034926	0.5566549	0.520316	0.479684	4.356009
26034	-1474.911	-1569.123	94.21249	0.7000997	0.4559924	0.436355	0.563645	5.507276
26040	-1478.864	-1573.363	94.49919	0.3923121	0.4680674	0.352283	0.647717	5.507276
26046	-1481.554	-1576.117	94.56286	0.4624945	0.4680674	0.300759	0.699241	5.433619
26052	-1478.635	-1573.036	94.40017	0.5495369	0.513204	0.38102	0.61898	5.433619
26058	-1479.274	-1575.086	95.81153	0.6508183	0.5075428	0.530541	0.469459	4.598468
26064	-1486.455	-1581.182	94.72636	0.4212903	0.5268582	0.398141	0.601859	5.312378
26070	-1472.201	-1566.816	94.61495	0.6292545	0.4686834	0.593856	0.406144	5.312378
26076	-1473.273	-1568.804	95.53083	0.7075542	0.6516534	0.542404	0.457596	4.603291
26082	-1482.556	-1577.381	94.82467	0.6484739	0.4963563	0.542404	0.457596	5.15989
26088	-1486.798	-1581.188	94.3898	0.4372597	0.6190922	0.522428	0.477572	5.41266
26094	-1486.796	-1581.229	94.43229	0.585399	0.6190922	0.571574	0.428426	5.307541
26100	-1482.776	-1577.935	95.15933	0.5671838	0.5724052	0.476762	0.523238	4.952643
26106	-1486.881	-1580.521	93.63978	0.5252922	0.8229378	0.557487	0.442513	5.633315
26112	-1479.711	-1574.545	94.83398	0.4283286	0.4831954	0.451991	0.548009	5.288672
26118	-1488.73	-1583.749	95.01936	0.607168	0.6007349	0.532832	0.467168	4.984958
26124	-1476.946	-1570.931	93.98556	0.5171775	0.6007349	0.432759	0.567241	5.605514
26130	-1484.446	-1578.548	94.10178	0.5156881	0.4852269	0.362426	0.637574	5.641684
26136	-1485.537	-1580.393	94.85576	0.5108149	0.715271	0.544593	0.455407	5.042646
26142	-1482.077	-1578.319	96.24205	0.6836021	0.527385	0.495532	0.504468	4.319511
26148	-1492.555	-1588.241	95.68608	0.697033	0.4149993	0.45376	0.54624	4.733623
26154	-1487.871	-1581.99	94.1196	0.6817561	0.4248149	0.465757	0.534243	5.599327
26160	-1485.54	-1579.134	93.59375	0.4631635	0.7540434	0.455311	0.544689	5.737683
26166	-1492.856	-1586.733	93.87624	0.6505312	0.5063929	0.455311	0.544689	5.672119
26172	-1500.601	-1595.161	94.56002	0.2883122	0.6080651	0.464282	0.535718	5.409632
26178	-1497.034	-1590.321	93.28681	0.3384262	0.6384524	0.378443	0.621557	6.056125
26190	-1485.926	-1579.858	93.93253	0.489862	0.6384524	0.411985	0.588015	5.620196
26196	-1493.558	-1587.161	93.60286	0.5516942	0.8531205	0.411985	0.588015	5.620196
26430	-1496.826	-1591.916	95.09054	0.4513472	0.5911203	0.374315	0.625685	5.039766
26436	-1496.478	-1591.403	94.9248	0.3892824	0.4947604	0.497687	0.502313	5.249343
26442	-1477.865	-1573.182	95.3172	0.5578274	0.4862065	0.395723	0.604277	4.946306
26448	-1489.08	-1583.283	94.20228	0.5738729	0.6502966	0.403775	0.596225	5.416693
26454	-1491.012	-1586.508	95.49601	0.5331066	0.730202	0.604763	0.395237	4.662716
26460	-1497.719	-1591.541	93.82262	0.5331066	0.473934	0.539708	0.460292	5.795627
26466	-1492.736	-1587.18	94.44476	0.4767612	0.5483951	0.426427	0.573573	5.418402
26472	-1490.053	-1584.65	94.59757	0.7817364	0.5989913	0.535817	0.464183	5.123546
26478	-1479.835	-1574.397	94.56202	0.7817364	0.602842	0.535817	0.464183	5.140145
26484	-1483.726	-1577.798	94.07271	0.5034138	0.4389235	0.416541	0.583459	5.708711
26490	-1481.82	-1578.723	96.90278	0.9984209	0.5683341	0.504428	0.495572	3.726083
26496	-1481.252	-1575.989	94.73758	0.9689107	0.7362081	0.478795	0.521205	4.838784
26502	-1483.162	-1577.592	94.43047	0.6989702	0.7703448	0.544661	0.455339	5.136067
26508	-1487.127	-1581.966	94.8396	0.6996265	0.4826134	0.531481	0.468519	5.136067
26514	-1484.589	-1579.369	94.77955	0.6737201	0.6510259	0.56886	0.43114	5.041771
26520	-1484.912	-1579.598	94.68619	0.7670776	0.6510259	0.28836	0.71164	5.041771
26526	-1492.32	-1585.729	93.40956	0.5666609	0.665025	0.288622	0.711378	5.844657
26532	-1492.177	-1586.634	94.45627	0.7257578	0.6038565	0.424762	0.575238	5.228828
26538	-1502.869	-1596.078	93.20922	0.6869208	0.9948374	0.457175	0.542825	5.679374
26544	-1487.387	-1580.802	93.41518	0.6839504	0.4650381	0.360515	0.639485	5.944269
26550	-1491.407	-1586.26	94.85367	0.7722919	0.5964958	0.407914	0.592086	4.988702
26556	-1491.76	-1586.858	95.09858	0.7459566	0.562017	0.629518	0.370482	4.895708
26562	-1495.564	-1590.488	94.92353	0.7587285	0.52656	0.449884	0.550116	5.016678
26568	-1490.41	-1584.997	94.5873	0.5923006	0.7843067	0.396758	0.603242	5.098946
26574	-1495.155	-1591.597	96.44198	0.7821298	0.646289	0.397497	0.602503	4.0501
26580	-1493.32	-1589.003	95.6826	0.7574957	0.7196589	0.522929	0.477071	4.439373
26586	-1492.853	-1588.38	95.52676	0.998728	0.6549256	0.400477	0.599523	4.439373
26592	-1494.545	-1590.053	95.50763	0.9903858	0.8634104	0.500424	0.499576	4.309985
26598	-1488.905	-1583.563	94.65887	0.8412538	0.9366649	0.523798	0.476202	4.825817
26604	-1489.627	-1584.136	94.50927	0.7697164	0.5899483	0.393146	0.606854	5.186421
26610	-1495.809	-1588.775	92.96567	0.4760004	0.5899483	0.473824	0.526176	6.193836
26616	-1497.163	-1591.608	94.44498	0.7159677	0.5818906	0.371517	0.628483	5.258277
26622	-1501.282	-1596.748	95.46623	0.5820127	0.4536922	0.463372	0.536628	4.881136
26628	-1495.366	-1590.004	94.638	0.7157099	0.7739314	0.504247	0.495753	5.009258
26634	-1491.351	-1585.963	94.61181	0.6156304	0.7771876	0.393941	0.606059	5.077161
26640	-1491.151	-1584.833	93.68181	0.6238312	0.6796963	0.615139	0.384861	5.653494
26646	-1488.734	-1581.102	92.3677	0.3359458	0.5463254	0.353299	0.646701	6.629832
26652	-1491.467	-1583.701	92.23386	0.3238131	0.6461522	0.404842	0.595158	6.629832
26658	-1498.923	-1592.309	93.38623	0.5726917	0.6461522	0.363368	0.636632	5.868191
26664	-1489.597	-1584.171	94.5744	0.5669112	0.7129757	0.438814	0.561186	5.169137
26670	-1493.391	-1586.607	93.21547	0.6880175	0.6536994	0.571773	0.428227	5.89282
26676	-1486.742	-1580.174	93.43277	0.6395196	0.5383456	0.496974	0.503026	5.89282
26682	-1503.455	-1599.319	95.86376	0.6513966	0.6003659	0.364957	0.635043	4.488451
26688	-1492.875	-1587.437	94.56219	0.6856519	0.5193995	0.46703	0.53297	5.26365
26694	-1489.41	-1583.994	94.58394	0.7113339	0.4955735	0.549584	0.450416	5.258985
26730	-1491.444	-1588.077	96.63333	0.9941502	0.6246968	0.421232	0.578768	3.836372
26736	-1486.252	-1580.693	94.44055	0.860694	0.5056668	0.408435	0.591565	5.246472
26742	-1484.254	-1579.291	95.03707	0.7827603	0.5333879	0.655252	0.344748	4.934183
26748	-1474.264	-1568.43	94.16586	0.6635202	0.4330883	0.503658	0.496342	5.575589
26754	-1479.045	-1574.959	95.91357	0.7416792	0.6106261	0.448249	0.551751	4.401179
26760	-1479.066	-1575.399	96.33293	0.7909702	0.6979594	0.448249	0.551751	4.067749
26766	-1481.286	-1578.016	96.73045	0.7909702	0.6905711	0.474294	0.525706	3.845765
26772	-1481.908	-1577.001	95.09265	0.8713039	0.4602843	0.392492	0.607508	4.921607
26778	-1482.344	-1577.961	95.61703	0.732473	0.5253213	0.446185	0.553815	4.64562
26784	-1484.006	-1579.142	95.13626	0.63038	0.6455848	0.512372	0.487628	4.87167
26790	-1489.676	-1584.305	94.62865	0.6211507	0.5984675	0.368244	0.631756	5.195672
26796	-1491.347	-1585.87	94.52341	0.4980827	0.515542	0.487662	0.512338	5.39198
26802	-1489.967	-1584.399	94.43151	0.5275117	0.3107888	0.444634	0.555366	5.640914
26808	-1476.626	-1570.664	94.03837	0.4746209	0.5508204	0.444634	0.555366	5.640914
26814	-1479.226	-1574.082	94.85596	0.5264343	0.4375351	0.444634	0.555366	5.266523
26820	-1489.577	-1584.587	95.00922	0.548976	0.4246139	0.523671	0.476329	5.182408
26826	-1485.418	-1579.563	94.14436	0.8651157	0.8641456	0.411964	0.588036	5.142109
26832	-1480.568	-1575.258	94.68967	0.5755271	0.6562231	0.420262	0.579738	5.142109
26838	-1494.651	-1589.414	94.76266	0.8430141	0.4704323	0.526194	0.473806	5.11079
26880	-1492.296	-1587.043	94.74693	0.3319548	0.6338459	0.437482	0.562518	5.26226
26886	-1488.125	-1581.988	93.86329	0.5420937	0.5190156	0.363593	0.636407	5.72741
26892	-1483.328	-1578.046	94.71845	0.4532865	0.5271335	0.495749	0.504251	5.29884
26898	-1484.771	-1579.456	94.68479	0.5383041	0.4955907	0.495749	0.504251	5.29884
26982	-1489.98	-1584.744	94.76463	0.4340735	0.5626966	0.499418	0.500582	5.253364
26988	-1484.243	-1578.012	93.76966	0.5225073	0.4980509	0.401872	0.598128	5.808147
26994	-1489.96	-1585.172	95.21151	0.7240876	0.4912374	0.45258	0.54742	4.907899
27060	-1490.186	-1584.984	94.79806	0.5751067	0.5063607	0.549584	0.450416	5.206076
27066	-1493.088	-1587.692	94.60394	0.6861978	0.5588282	0.301651	0.698349	5.206076
27072	-1487.513	-1581.589	94.0767	0.579896	0.4678021	0.434775	0.565225	5.636561
27078	-1487.26	-1583.422	96.16231	0.6465218	0.5607135	0.541923	0.458077	4.356172
27084	-1482.88	-1577.767	94.88746	0.6067747	0.6626941	0.393101	0.606899	5.0102
27090	-1486.485	-1581.044	94.55894	0.5836443	0.4962072	0.454298	0.545702	5.342699
27096	-1479.261	-1573.687	94.42578	0.6367388	0.6838361	0.554175	0.445825	5.233733
27102	-1490.663	-1584.227	93.56387	0.6353677	0.7821349	0.381441	0.618559	5.640937
27108	-1484.107	-1577.868	93.76124	0.5955159	0.7287503	0.565086	0.434914	5.590556
27114	-1483.045	-1576.594	93.54919	0.416374	0.6902046	0.436172	0.563828	5.832142
27120	-1482.555	-1578.102	95.54664	0.498922	0.6681843	0.452739	0.547261	4.698738
27126	-1480.198	-1575.58	95.38261	0.5100974	0.6740888	0.543138	0.456862	4.779756
27132	-1487.764	-1585.445	97.68122	0.982658	0.3171841	0.543138	0.456862	3.549656
27138	-1503.031	-1601.021	97.99037	0.9944263	0.476	0.543138	0.456862	3.17906
27144	-1493.739	-1591.679	97.93995	1.149339	0.4175855	0.543138	0.456862	3.17906
27150	-1485.439	-1581.334	95.89421	1.025955	0.5185023	0.46753	0.53247	4.330659
27156	-1491.334	-1587.954	96.62002	1.025955	0.6220572	0.404381	0.595619	3.827885
27162	-1479.825	-1577.317	97.49139	0.9323764	0.7193265	0.369975	0.630025	3.299358
27168	-1499.821	-1598.345	98.5244	1.079955	0.544679	0.477754	0.522246	2.738715
27174	-1489.988	-1585.74	95.75283	0.9071893	0.554229	0.457662	0.542338	4.445722
27180	-1480.785	-1575.507	94.72167	0.6929813	0.554229	0.512312	0.487688	5.141061
27186	-1489.235	-1585.625	96.38958	0.8245351	0.4426791	0.51756	0.48244	4.237296
27192	-1489.06	-1584.3	95.23991	0.9011013	0.5360929	0.54667	0.45333	4.752725
27198	-1484.407	-1579.47	95.06324	0.6051279	0.4683034	0.436145	0.563855	5.07807
27204	-1488.739	-1583.451	94.71185	0.6068495	0.5103715	0.703785	0.296215	5.232573
27210	-1483.289	-1579.505	96.21632	0.6026002	0.5617898	0.490967	0.509033	4.349548
27216	-1483.73	-1578.677	94.94727	0.6026002	0.4323287	0.490967	0.509033	5.179159
27222	-1482.378	-1577.634	95.25616	0.7201291	0.6497798	0.513405	0.486595	4.751464
27228	-1481.689	-1577.168	95.47874	0.8497656	0.7617085	0.408751	0.591249	4.472641
27234	-1486.4	-1582.926	96.52601	0.7814647	0.4469518	0.470482	0.529518	4.179977
27240	-1488.924	-1584.133	95.209	0.5083149	0.4276217	0.432893	0.567107	5.091192
27246	-1471.375	-1565.424	94.04927	0.4986055	0.4817432	0.550718	0.449282	5.683084
27252	-1475.144	-1568.197	93.05259	0.7288648	0.6120285	0.431348	0.568652	5.991287
27258	-1473.684	-1568.631	94.94757	0.7248208	0.4036513	0.431348	0.568652	5.141032
27264	-1477.461	-1571.003	93.54202	0.6223913	0.6826475	0.374502	0.625498	5.72876
27270	-1488.756	-1583.28	94.52357	0.551525	0.532338	0.477949	0.522051	5.347613
27276	-1485.508	-1579.711	94.20267	0.583497	0.4393464	0.477949	0.522051	5.593075
27282	-1481.925	-1576.507	94.58179	0.374799	0.7156897	0.507843	0.492157	5.269359
27288	-1482.731	-1576.994	94.26301	0.4759989	0.6546604	0.507843	0.492157	5.433862
27294	-1477.33	-1571.3	93.96988	0.2612542	0.5174993	0.531031	0.468969	5.82413
27300	-1484.458	-1578.072	93.61382	0.5736446	0.5450487	0.506588	0.493412	5.82413
27306	-1474.952	-1570.69	95.73728	0.5378665	0.5007005	0.510812	0.489188	4.709635
27312	-1484.295	-1579.834	95.53878	0.4975295	0.4594453	0.345717	0.654283	4.882139
27318	-1482.478	-1577.64	95.16205	0.6594305	0.5498036	0.54871	0.45129	4.91898
27324	-1486.957	-1582.577	95.61923	0.8167971	0.5498036	0.522965	0.477035	4.575519
27330	-1491.923	-1586.113	94.19004	0.6875799	0.6244439	0.407068	0.592932	5.380619
27336	-1482.169	-1574.712	92.54265	0.5146421	0.3566593	0.399821	0.600179	6.622049
27342	-1481.7	-1577.032	95.33169	0.9353022	0.3310173	0.443982	0.556018	4.893273
27348	-1475.443	-1571.081	95.63767	0.8093874	0.6734742	0.471011	0.528989	4.469427
27354	-1475.41	-1570.847	95.43696	0.8093874	0.7398434	0.389518	0.610482	4.534058
27360	-1481.107	-1576.63	95.52336	0.5645088	0.418766	0.478327	0.521673	4.89442
27366	-1484.969	-1581.781	96.81216	0.9029879	0.550947	0.458229	0.541771	3.848565
27372	-1491.624	-1586.413	94.78981	0.7159902	0.8168554	0.421794	0.578206	4.896375
27378	-1483.217	-1578.234	95.01681	0.6344379	0.588673	0.510788	0.489212	4.981027
27384	-1481.024	-1575.872	94.84836	0.6486345	0.4546966	0.510788	0.489212	5.18618
27390	-1484.971	-1578.846	93.87447	0.589034	0.4874018	0.46717	0.53283	5.724079
27396	-1488.813	-1583.895	95.08237	0.4453545	0.5457884	0.282067	0.717933	5.085633
27402	-1478.404	-1572.817	94.41319	0.4703463	0.5457884	0.390682	0.609318	5.441547
27408	-1474.736	-1569.088	94.35167	0.4919964	0.571858	0.417741	0.582259	5.441547
27414	-1490.241	-1585.435	95.19414	0.6843272	0.5955852	0.417741	0.582259	4.848902
27420	-1489.883	-1583.012	93.12869	0.7474912	0.7220053	0.447379	0.552621	5.858529
27426	-1480.541	-1574.12	93.57832	0.7348533	0.5823267	0.447379	0.552621	5.724303
27432	-1482.339	-1578.117	95.77807	0.7657819	0.6004189	0.424292	0.575708	4.472257
27438	-1492.115	-1587.27	95.15562	0.8598169	0.6279697	0.404941	0.595059	4.746531
27444	-1498.057	-1592.864	94.80727	0.778534	0.4459258	0.43863	0.56137	5.145653
27450	-1476.202	-1571.39	95.1875	0.6950833	0.5587921	0.416623	0.583377	4.877257
27456	-1489.411	-1582.92	93.50909	0.5392709	0.8736517	0.416623	0.583377	5.665886
27462	-1498.1	-1591.391	93.29016	0.8880712	0.4196433	0.431329	0.568671	5.945707
27468	-1483.24	-1578.166	94.9263	0.7030268	0.4982897	0.376208	0.623792	5.07156
27474	-1489.659	-1584.443	94.78342	0.6858876	0.3732062	0.519531	0.480469	5.286457
27480	-1484.432	-1579.875	95.44301	0.5940889	0.4978076	0.441429	0.558571	4.845252
27486	-1488.196	-1583.387	95.1907	0.9286048	0.5347012	0.441429	0.558571	4.766074
27492	-1493.885	-1589.413	95.5277	0.6509419	0.4980085	0.499332	0.500668	4.766074
27498	-1499.344	-1595.26	95.91649	0.6398895	0.4291802	0.356044	0.643956	4.621866
27504	-1494.706	-1586.621	91.91497	0.4118297	0.6342357	0.48775	0.51225	6.763521
27510	-1489.541	-1582.373	92.8326	0.4623022	0.5653577	0.433106	0.566894	6.293571
27516	-1484.292	-1578.417	94.12474	0.6131075	0.4567463	0.468619	0.531381	5.602562
27522	-1482.563	-1577.995	95.432	0.4976264	0.5077104	0.457329	0.542671	4.896042
27528	-1477.429	-1573.17	95.74103	0.5954524	0.5505891	0.487927	0.512073	4.630677
27534	-1488.036	-1583.382	95.34591	0.500069	0.5505891	0.493736	0.506264	4.904669
27540	-1481.374	-1576.666	95.29228	0.4761662	0.6024027	0.512138	0.487862	4.904669
27546	-1484.093	-1578.817	94.7236	0.4964478	0.542246	0.512138	0.487862	5.258989
27552	-1494.043	-1590.491	96.44765	0.5430697	0.4734359	0.452458	0.547542	4.333152
27558	-1485.857	-1580.47	94.61293	0.6708714	0.4734359	0.433996	0.566004	5.285994
27564	-1489.75	-1584.451	94.70104	0.5827641	0.4734359	0.568057	0.431943	5.285994
27570	-1492.047	-1587.816	95.76986	0.5707834	0.3937102	0.497977	0.502023	4.780112
27576	-1489.514	-1586.223	96.70929	0.7845741	0.4921914	0.529088	0.470912	4.029347
27582	-1491.462	-1588.982	97.5204	0.9321938	0.6566268	0.548545	0.451455	3.331048
27588	-1495.403	-1592.152	96.74837	0.8241407	0.4834963	0.479044	0.520956	3.992779
27594	-1485.759	-1581.039	95.27996	0.6576257	0.6120194	0.479044	0.520956	4.802662
27600	-1489.067	-1583.977	94.90932	0.6576257	0.7370977	0.531967	0.468033	4.915906
27606	-1487.818	-1583.398	95.57915	0.809185	0.4214546	0.471043	0.528957	4.723954
27612	-1487.956	-1583.863	95.90736	0.8078944	0.6925213	0.45614	0.54386	4.303834
27618	-1499.698	-1596.882	97.18473	0.7465368	0.6925213	0.466595	0.533405	3.6076
27624	-1496.453	-1589.759	93.30576	0.6451183	0.6925213	0.398219	0.601781	5.838509
27630	-1489.577	-1585.021	95.44467	0.6691856	0.6466509	0.456034	0.543966	4.676925
27636	-1490.259	-1583.919	93.65938	0.634633	0.6876165	0.41575	0.58425	5.654118
27642	-1494.404	-1588.972	94.56741	0.3084798	0.4300655	0.347699	0.652301	5.553075
27648	-1501.285	-1594.602	93.31717	0.2106187	0.7260717	0.365834	0.634166	6.045885
27654	-1503.078	-1597.575	94.49685	0.4166482	0.5273995	0.504021	0.495979	5.440982
27660	-1496.282	-1591.402	95.12011	0.644194	0.6948833	0.522659	0.477341	4.836064
27666	-1499.6	-1593.91	94.31014	0.5862025	0.5507153	0.463182	0.536818	5.430294
27672	-1491.972	-1586.389	94.41617	0.7176269	0.5637323	0.375709	0.624291	5.288346
27678	-1490.276	-1586.661	96.38471	0.5224321	0.4648554	0.380676	0.619324	4.388728
27684	-1488.424	-1583.773	95.3495	0.7209362	0.6747368	0.457629	0.542371	4.679901
27690	-1487.316	-1581.585	94.26921	0.7740965	0.7952689	0.457629	0.542371	5.16721
27696	-1500.732	-1594.631	93.89908	0.7348094	0.6938647	0.429033	0.570967	5.46287
27702	-1486.312	-1580.45	94.13775	0.8469516	0.6270493	0.478999	0.521001	5.319532
27708	-1489.041	-1583.415	94.37451	0.4690009	0.5121973	0.505537	0.494463	5.492965
27714	-1503.882	-1597.717	93.83569	0.4108303	0.4894014	0.330464	0.669536	5.841002
27720	-1493.126	-1587.301	94.17559	0.4457445	0.4894014	0.415456	0.584544	5.635706
27726	-1490.504	-1582.941	92.43713	0.3905524	0.6856637	0.385977	0.614023	6.454794
27732	-1480.822	-1574.638	93.81675	0.6551573	0.485774	0.439657	0.560343	5.720978
27738	-1478.171	-1570.968	92.79701	0.6034299	0.4843075	0.432125	0.567875	6.306686
27744	-1481.227	-1578.369	97.14228	0.9610766	0.8811845	0.41582	0.58418	3.375238
27750	-1487.064	-1582.557	95.49334	0.908284	0.7932693	0.458821	0.541179	4.410012
27756	-1496.583	-1591.53	94.9472	1.047316	0.572035	0.582614	0.417386	4.803646
27774	-1491.422	-1585.268	93.84529	0.5905706	0.6161522	0.412583	0.587417	5.630043
27780	-1488.867	-1582.84	93.97286	0.6492433	0.7110419	0.339541	0.660459	5.457087
27786	-1477.624	-1572.138	94.51329	0.731072	0.7130786	0.347405	0.652595	5.111989
27792	-1487.437	-1581.955	94.51759	0.8173009	0.6450478	0.378242	0.621758	5.111989
27798	-1491.61	-1587.946	96.33655	0.8874155	0.6958992	0.506086	0.493914	4.012185
28272	-1500.452	-1595.237	94.78431	0.5811529	0.6767616	0.440164	0.559836	5.071187
28278	-1487.056	-1580.644	93.58777	0.718541	0.6830356	0.440164	0.559836	5.650694
28284	-1478.381	-1573.878	95.49741	0.5666806	0.4711901	0.540455	0.459545	4.855285
28290	-1478.294	-1575.295	97.00128	0.9758339	0.5622141	0.411991	0.588009	3.687579
28296	-1488.741	-1583.529	94.78809	0.7626341	0.5433315	0.507083	0.492917	5.074997
28302	-1495.927	-1591.307	95.38064	0.762544	0.6697219	0.472883	0.527117	4.642918
28308	-1488.017	-1582.895	94.87791	0.5056201	0.5979706	0.622725	0.377275	5.122031
28314	-1495.947	-1591.501	95.55354	0.737594	0.3954058	0.439562	0.560438	4.805913
28320	-1488.023	-1582.785	94.76232	0.4664172	0.4780055	0.522639	0.477361	5.312075
28326	-1494.601	-1590.291	95.68996	0.5759958	0.4780055	0.538633	0.461367	4.736082
28332	-1486.719	-1581.178	94.45909	0.5858551	0.5523654	0.380476	0.619524	5.346989
28338	-1489.6	-1586.396	96.7955	0.8165184	0.56615	0.497514	0.502486	3.894423
28602	-1500.223	-1595.36	95.13701	0.5632729	0.6994726	0.400748	0.599252	4.868413
28608	-1480.937	-1576.251	95.31369	0.6902187	0.4927802	0.395304	0.604696	4.868413
28614	-1486.264	-1581.287	95.02297	0.5103684	0.7228964	0.381325	0.618675	4.944577
28620	-1493.539	-1588.625	95.08578	0.6450201	0.5195965	0.517169	0.482831	4.995911
28626	-1496.537	-1593.225	96.68775	0.8953675	0.5657431	0.420814	0.579186	3.911353
28632	-1484.317	-1579.73	95.41305	0.6464601	0.6402924	0.53653	0.46347	4.712263
28638	-1477.45	-1571.249	93.7991	0.6170461	0.4536467	0.53653	0.46347	5.781898
28644	-1475.866	-1571.985	96.11897	0.7265963	0.7052807	0.53653	0.46347	4.220608
28650	-1479.384	-1574.863	95.47929	0.7583748	0.6731987	0.53653	0.46347	4.587326
28656	-1480.108	-1575.505	95.39761	0.7583748	0.6120046	0.485461	0.514539	4.680598
28662	-1486.723	-1582.802	96.07902	1.111858	0.8710111	0.238703	0.761297	3.910719
28668	-1484.701	-1581.373	96.67158	1.20103	0.8315384	0.384778	0.615222	3.542689
28674	-1482.359	-1577.454	95.09442	1.020695	0.7401325	0.482612	0.517388	4.60753
28680	-1485.728	-1581.125	95.39679	0.6095864	0.4884933	0.458568	0.541432	4.871042
28686	-1474.934	-1569.995	95.06112	0.6897524	0.6579118	0.491385	0.508615	4.871042
28692	-1488.84	-1583.643	94.80246	0.6478987	0.612258	0.564697	0.435303	5.073534
28698	-1493.55	-1588.027	94.47638	0.5473323	0.612258	0.506697	0.493303	5.309598
28704	-1493.897	-1589.32	95.42261	0.3223919	0.6039439	0.48906	0.51094	4.916479
28710	-1491.488	-1584.833	93.34437	0.4664447	0.6013333	0.463449	0.536551	5.983683
28716	-1487.374	-1580.616	93.24251	0.6261952	0.6013333	0.463449	0.536551	5.952094
28722	-1504.124	-1599.305	95.18085	0.5818876	0.5018783	0.512775	0.487225	4.994204
28728	-1490.704	-1585.878	95.17325	0.6309279	0.4771816	0.462752	0.537248	4.994204
28734	-1497.913	-1595.219	97.30528	1.092136	0.5450041	0.378555	0.621445	3.458624
28740	-1491.772	-1588.218	96.44608	0.9856263	0.6896521	0.497897	0.502103	3.897969
28746	-1484.354	-1581.363	97.00936	0.7065829	0.4967096	0.475626	0.524374	3.897969
28752	-1478.925	-1575.207	96.28132	0.8886771	0.6509252	0.480024	0.519976	4.077319
28758	-1483.368	-1578.047	94.67906	0.6815396	0.5002573	0.464748	0.535252	5.218586
28764	-1495.487	-1590.929	95.44263	0.6819793	0.3983836	0.456978	0.543022	4.895527
28770	-1499.48	-1593.087	93.6064	0.6646627	0.7019116	0.338883	0.661117	5.65645
28776	-1493.656	-1587.525	93.86991	0.5526824	0.5920544	0.436153	0.563847	5.65645
28782	-1488.139	-1582.791	94.65201	0.6687259	0.6036615	0.539659	0.460341	5.152234
28788	-1485.127	-1580.553	95.42588	0.5310671	0.6371779	0.515982	0.484018	4.772008
28794	-1496.888	-1591.112	94.22371	0.6513609	0.7147483	0.526821	0.473179	5.315037
28800	-1494.618	-1588.006	93.38861	0.5335561	0.5133037	0.423215	0.576785	5.996598
28806	-1498.438	-1591.353	92.91445	0.5894953	0.5570286	0.499172	0.500828	6.186849
28812	-1488.618	-1582.516	93.89767	0.3662802	0.4720322	0.499172	0.500828	5.847613
28818	-1491.555	-1587.152	95.59701	0.3533418	0.6280039	0.337378	0.662622	4.782861
28824	-1500.31	-1594.631	94.32118	0.4605022	0.7905132	0.407891	0.592109	5.314941
29274	-1491.565	-1586.665	95.09958	0.6495886	0.5415932	0.399008	0.600992	4.96631
29280	-1481.627	-1576.847	95.21959	0.675	0.5415932	0.488381	0.511619	4.885385
29286	-1490.046	-1587.234	97.18788	0.6878831	0.5744605	0.485152	0.514848	3.735451
29292	-1492.019	-1587.45	95.43138	0.7560985	0.8096778	0.397872	0.602128	4.519696
29298	-1483.606	-1578.912	95.30588	0.5517818	0.8022068	0.397872	0.602128	4.709567
29304	-1481.383	-1578.763	97.38035	0.7647439	0.4606216	0.495309	0.504691	3.686227
29310	-1480.151	-1576.143	95.99195	0.7647439	0.5831002	0.458649	0.541351	4.366599
29316	-1477.296	-1572.961	95.66502	0.6154491	0.5759557	0.494541	0.505459	4.640444
29322	-1481.638	-1576.929	95.29117	0.5337665	0.5438706	0.436794	0.563206	4.922184
29328	-1471.175	-1566.361	95.18647	0.6318516	0.6935503	0.441684	0.558316	4.8069
29334	-1469.265	-1564.218	94.95352	0.7205923	0.7968281	0.441684	0.558316	4.815655
29340	-1479.166	-1573.06	93.89356	0.5692149	0.5294092	0.343219	0.656781	5.686843
29346	-1483.272	-1577.48	94.2082	0.3987161	0.4439776	0.575704	0.424296	5.686843
29352	-1480.959	-1575.681	94.72213	0.6005632	0.7863845	0.626418	0.373582	5.018171
29358	-1489.584	-1583.632	94.04779	0.5882502	0.5831224	0.410523	0.589477	5.546497
29364	-1480.129	-1574.084	93.95521	0.5885994	0.6476911	0.410523	0.589477	5.546497
29370	-1477.284	-1572.62	95.3353	0.7074462	0.7883067	0.461311	0.538689	4.615135
29376	-1478.573	-1573.988	95.41439	0.7420079	0.6383849	0.368609	0.631391	4.659515
29424	-1476.438	-1571.895	95.45722	0.6998919	0.4884348	0.524129	0.475871	4.787023
29430	-1482.047	-1578.922	96.87526	0.9705488	0.6418318	0.443948	0.556052	3.696677
29436	-1481.511	-1578.036	96.52573	0.9898694	0.71985	0.382029	0.617971	3.827325
29442	-1487.552	-1585.678	98.1257	0.9898694	0.3930483	0.464329	0.535671	3.191272
29448	-1479.509	-1575.214	95.70584	1.031421	0.7368491	0.40277	0.59723	4.259206
29454	-1488.12	-1583.846	95.72619	1.09665	0.9487808	0.422168	0.577832	4.073373
29484	-1494.321	-1589.859	95.53855	0.6263421	0.5602168	0.291429	0.708571	4.718469
29490	-1491.194	-1586.363	95.16844	0.9241591	0.5602168	0.633478	0.366522	4.758878
29496	-1495.152	-1592.425	97.27344	0.8835614	0.4888623	0.43295	0.56705	3.651303
29922	-1497.981	-1592.687	94.70607	0.5802509	0.6556433	0.521466	0.478534	5.130846
29928	-1483.727	-1578.556	94.82885	0.6574058	0.5204219	0.3858	0.6142	5.130846
29934	-1497.95	-1593.514	95.56394	0.7739697	0.8633968	0.465874	0.534126	4.400426
29940	-1489.306	-1583.834	94.52866	0.5936581	0.6152621	0.527501	0.472499	5.252768
29946	-1489.212	-1583.163	93.95052	0.6128974	0.6103786	0.596279	0.403721	5.564543
29952	-1491.736	-1586.969	95.23238	0.5258496	0.6748165	0.531949	0.468051	4.85424
29958	-1486.285	-1581.069	94.7833	0.4624548	0.5936526	0.379809	0.620191	5.201799
29964	-1488.987	-1583.147	94.15969	0.5570841	0.4373942	0.543132	0.456868	5.633106
29982	-1486.991	-1582.566	95.57486	0.4040466	0.6601345	0.469473	0.530527	4.742103
29988	-1484.238	-1578.562	94.32441	0.5359221	0.6059586	0.480285	0.519715	5.404697
29994	-1483.756	-1576.544	92.78828	0.7143174	0.6685198	0.436338	0.563662	6.10054
30000	-1476.055	-1569.557	93.50177	0.3630167	0.4896085	0.496511	0.503489	6.04921
30006	-1489.005	-1581.44	92.43453	0.4144672	0.689405	0.393666	0.606334	6.440565
30030	-1497.592	-1592.855	95.2628	0.777378	0.6567028	0.398235	0.601765	4.710449
30036	-1494.676	-1587.904	93.22822	0.4274845	0.5248696	0.370151	0.629849	6.131653
30042	-1492.162	-1585.214	93.05279	0.6367685	0.5039822	0.370151	0.629849	6.131653
30048	-1481.078	-1575.421	94.34311	0.5647516	0.6105704	0.516367	0.483633	5.37484
30324	-1493.762	-1587.221	93.4594	0.5079771	0.4272777	0.569912	0.430088	6.052998
30330	-1488.842	-1583.384	94.54198	0.6811761	0.458496	0.473765	0.526235	5.333789
30336	-1499.404	-1593.548	94.14317	0.5989875	0.6608496	0.473765	0.526235	5.427487
30342	-1483.282	-1578.111	94.82947	0.8200918	0.8382286	0.473765	0.526235	4.802512
30348	-1488.344	-1581.662	93.3178	0.6409583	0.4908602	0.527055	0.472945	5.996826
30354	-1483.875	-1577.61	93.73436	0.5561995	0.6578298	0.328423	0.671577	5.67789
30360	-1488.53	-1584.586	96.05516	0.7213804	0.5751977	0.394163	0.605837	4.362042
30366	-1494.1	-1589.334	95.23489	0.7046165	0.5209021	0.342399	0.657601	4.878632
30372	-1479.816	-1574.065	94.24869	0.5814624	0.6555003	0.489972	0.510028	5.383018
30378	-1481.002	-1575.209	94.20729	0.6228598	0.6555003	0.459815	0.540185	5.383018
30384	-1488.567	-1584.048	95.48105	0.7070733	0.6555003	0.439211	0.560789	4.628524
30390	-1492.958	-1588.327	95.36914	0.7324149	0.8522334	0.434824	0.565176	4.540535
30396	-1487.741	-1581.983	94.24209	0.7544757	0.6179688	0.434824	0.565176	5.32008
30402	-1490.939	-1586.804	95.86464	0.7898599	0.4447314	0.655543	0.344457	4.550967
30408	-1496.695	-1591.659	94.96382	0.6261389	0.4986182	0.606191	0.393809	5.093089
30762	-1494.323	-1590.696	96.37283	0.5030804	0.3663818	0.330253	0.669747	4.510745
30768	-1481.572	-1577.743	96.17105	0.7993503	0.5373846	0.461483	0.538517	4.28524
30774	-1482.151	-1578.096	95.94499	0.7818055	0.7203503	0.461483	0.538517	4.276946
30780	-1477.404	-1573.743	96.33955	0.8075264	0.6932071	0.456134	0.543866	4.058077
30786	-1485.217	-1580.921	95.70429	0.8026391	0.5775385	0.530421	0.469579	4.511997
30792	-1474.817	-1569.86	95.04266	0.5730467	0.5004425	0.428299	0.571701	5.077141
30798	-1476.854	-1572.429	95.57492	0.8614779	0.5004425	0.428299	0.571701	4.619569
30804	-1469.1	-1564.756	95.65625	0.7670969	0.5083836	0.425801	0.574199	4.619569
30810	-1475.971	-1571.995	96.02368	0.6653838	0.4370995	0.488574	0.511426	4.539279
30816	-1481.187	-1575.017	93.83033	0.652901	0.5707761	0.556355	0.443645	5.640539
30822	-1479.62	-1573.49	93.86972	0.5695375	0.4959907	0.495161	0.504839	5.729491
30828	-1476.581	-1571.17	94.58874	0.3885394	0.4959907	0.565535	0.434465	5.434007
30834	-1495.701	-1588.67	92.96923	0.3971097	0.6428244	0.348202	0.651798	6.193779
30840	-1496.169	-1588.986	92.81668	0.2230945	0.4878221	0.702773	0.297227	6.499081
30846	-1492.108	-1586.161	94.05245	0.5366803	0.4845135	0.478973	0.521027	5.657886
30852	-1482.094	-1577.617	95.52307	0.6851359	0.544659	0.476387	0.523613	4.707658
30858	-1480.947	-1576.446	95.49905	0.7127737	0.5675261	0.405907	0.594093	4.685996
30864	-1478.659	-1574.188	95.5286	0.6984092	0.3974608	0.349442	0.650558	4.839459
30870	-1482.75	-1577.278	94.52845	0.6222425	0.4861145	0.395453	0.604547	5.347548
30876	-1478.308	-1573.924	95.61533	0.5478164	0.5139459	0.439366	0.560634	4.760128
30882	-1484.898	-1579.259	94.36052	0.5283848	0.5139459	0.352129	0.647871	5.466425
30888	-1477.737	-1573.919	96.18198	0.5283848	0.552696	0.495133	0.504867	4.418674
30894	-1490.198	-1584.179	93.98059	0.6481995	0.7082769	0.37855	0.62145	5.455366
30900	-1476.447	-1573.246	96.79929	0.7104796	0.6160913	0.362624	0.637376	3.910965
30906	-1472.026	-1567.29	95.26389	0.5680246	0.6160913	0.391766	0.608234	4.858351
30912	-1481.152	-1577.157	96.00467	0.6838266	0.4964715	0.449639	0.550361	4.481654
30918	-1488.466	-1584.464	95.99811	0.6903918	0.4964715	0.645384	0.354616	4.481654
30924	-1485.129	-1580.698	95.56861	0.633115	0.4629605	0.510789	0.489211	4.786459
30930	-1480.238	-1575.465	95.22661	0.6311301	0.6007059	0.506295	0.493705	4.8563
30936	-1485.829	-1581.039	95.20998	0.5585453	0.6613151	0.516221	0.483779	4.858631
30942	-1488.697	-1584.271	95.57408	0.6219947	0.460103	0.516221	0.483779	4.792404
30948	-1484.848	-1580.286	95.43783	0.5928195	0.5614742	0.478528	0.521472	4.792404
30954	-1484.39	-1579.032	94.64171	0.2607582	0.5875453	0.328031	0.671969	5.396286
30960	-1482.082	-1574.772	92.69036	0.417243	0.4493217	0.562024	0.437976	6.498422
30966	-1487.498	-1582.186	94.68845	0.6434925	0.7140826	0.562024	0.437976	5.06271
30972	-1490.839	-1586.272	95.43272	0.66949	0.7359006	0.480108	0.519892	4.617739
30978	-1486.964	-1580.503	93.53887	0.5040933	0.7151219	0.401354	0.598646	5.772099
31020	-1497.87	-1592.524	94.65422	0.7134402	0.3975236	0.424386	0.575614	5.316033
31026	-1487.257	-1580.627	93.37046	0.4239433	0.6628911	0.424386	0.575614	5.945567
31032	-1491.147	-1585.268	94.12112	0.7564079	0.6389785	0.44489	0.55511	5.369444
31038	-1481.808	-1577.987	96.17877	0.8295889	0.6389785	0.436182	0.563818	4.178662
31044	-1479.898	-1575.781	95.88317	0.8295889	0.7640222	0.507887	0.492113	4.254047
31050	-1479.228	-1573.761	94.533	0.7581947	0.7835196	0.507887	0.492113	5.037563
31056	-1481.81	-1576.525	94.71517	0.6248118	0.7517176	0.416507	0.583493	5.03196
31062	-1481.434	-1578.998	97.56468	0.9689758	0.51688	0.493827	0.506173	3.404984
31068	-1475.103	-1571.85	96.74708	0.8632921	0.694837	0.373937	0.626063	3.791372
31074	-1477.821	-1572.044	94.2234	0.6827272	0.6112559	0.474664	0.525336	5.375252
31080	-1474.436	-1568.786	94.34937	0.5603054	0.4725547	0.387074	0.612926	5.493023
31086	-1477.775	-1572.611	94.83647	0.5140983	0.4220992	0.456161	0.543839	5.299743
31092	-1480.925	-1575.519	94.59373	0.4721984	0.5954217	0.429436	0.570564	5.299743
31098	-1481.052	-1576.151	95.09913	0.5530263	0.5032423	0.499692	0.500308	5.054358
31104	-1479.18	-1572.502	93.32212	0.608344	0.8391038	0.502562	0.497438	5.751748
31110	-1490.688	-1585.227	94.53908	0.6352136	0.8391038	0.502562	0.497438	5.066391
31116	-1485.088	-1578.854	93.76662	0.435534	0.7482992	0.415674	0.584326	5.661969
31122	-1469.599	-1564.433	94.83407	0.5313969	0.5583214	0.513986	0.486014	5.164822
31128	-1489.729	-1583.485	93.75611	0.6067515	0.5699498	0.284308	0.715692	5.707224
31134	-1492.403	-1590.885	98.48188	1.081051	0.6482273	0.483327	0.516673	2.671258
31140	-1489.267	-1587.274	98.00685	0.8749788	0.4984149	0.488996	0.511004	3.217719
31146	-1486.083	-1584.995	98.91251	1.14528	0.6489826	0.508112	0.491888	2.361734
31152	-1478	-1576.705	98.70554	1.14528	0.7238176	0.508112	0.491888	2.430068
31158	-1479.126	-1576.868	97.74159	1.222634	0.8251528	0.445363	0.554637	2.900563
31164	-1487.372	-1586.444	99.07196	1.222634	0.5547042	0.445363	0.554637	2.298146
31170	-1485.879	-1583.113	97.23419	1.019347	0.7717061	0.410985	0.589015	3.361196
31176	-1481.084	-1575.888	94.80425	0.5767497	0.6286011	0.595304	0.404696	5.099132
31182	-1479.417	-1573.524	94.10749	0.7244206	0.6334999	0.39183	0.60817	5.398792
31188	-1480.865	-1577.071	96.20654	0.7528636	0.9792094	0.553564	0.446436	3.977545
31194	-1487.41	-1582.058	94.64773	0.6674518	0.8456333	0.523996	0.476004	4.984047
31200	-1491.337	-1587.842	96.50531	0.8241721	0.4895765	0.57644	0.42356	4.125521
31206	-1487.429	-1583.194	95.76501	0.7682762	0.71353	0.556496	0.443504	4.39125
31212	-1483.291	-1580.363	97.07166	0.9351364	0.5758054	0.450139	0.549861	3.658519
31218	-1488.854	-1586.523	97.66888	0.892484	0.4779056	0.345667	0.654333	3.426646
31224	-1482.162	-1577.059	94.89748	0.7495281	0.6551286	0.449373	0.550627	4.930985
31230	-1485.808	-1580.466	94.6571	0.5009286	0.6489194	0.4455	0.5545	5.206956
31236	-1483.783	-1580.059	96.27586	0.7737473	0.60021	0.544635	0.455365	4.186522
31242	-1481.803	-1577.488	95.68545	0.6018499	0.6100732	0.321791	0.678209	4.608575
31248	-1482.497	-1578.204	95.70742	0.7917274	0.5390634	0.306098	0.693902	4.54947
31254	-1485.29	-1580.122	94.83137	0.6748286	0.7953539	0.516852	0.483148	4.910203
31260	-1480.963	-1578.186	97.22289	0.6748286	0.5258745	0.452748	0.547252	3.766136
31266	-1491.63	-1587.433	95.80305	0.6537181	0.5639569	0.540398	0.459602	4.551689
31272	-1487.132	-1582.451	95.31949	0.6378147	0.7833766	0.555317	0.444683	4.666317
31278	-1484.493	-1579.596	95.10267	0.5842138	0.7029486	0.558077	0.441923	4.873362
31284	-1488.393	-1581.994	93.60134	0.6682755	0.6147411	0.450263	0.549737	5.722296
31290	-1482.258	-1577.1	94.84261	0.5792623	0.486744	0.450263	0.549737	5.197166
31296	-1483.964	-1579.282	95.3179	0.7576881	0.5621997	0.450263	0.549737	4.76669
31302	-1478.229	-1572.63	94.40066	0.6449574	0.6646831	0.507365	0.492635	5.25723
31308	-1480.447	-1574.733	94.28608	0.5800481	0.4481875	0.470581	0.529419	5.540426
31314	-1475.33	-1570.423	95.09323	0.6144175	0.4747145	0.470581	0.529419	5.050152
31320	-1484.826	-1579.727	94.90139	0.7591027	0.4438372	0.479254	0.520746	5.106345
31326	-1487.294	-1583.661	96.36656	0.8940188	0.5706252	0.479254	0.520746	4.091439
31332	-1487.231	-1584.46	97.22847	0.9251855	0.8008473	0.440385	0.559615	3.399364
31338	-1492.047	-1587.699	95.65243	0.8486158	1.039601	0.440385	0.559615	4.204479
31350	-1481.032	-1575.266	94.23447	0.7636178	0.7264674	0.538221	0.461779	5.238843
31356	-1488.66	-1582.683	94.02349	0.4286361	0.5938027	0.518934	0.481066	5.638839
31362	-1483.137	-1577.487	94.35005	0.6602654	0.7667795	0.399717	0.600283	5.204403
31368	-1493.293	-1587.946	94.65306	0.5559344	0.6158192	0.372959	0.627041	5.204403
31374	-1487.672	-1583.36	95.68845	0.7536277	0.6247259	0.555892	0.444108	4.50993
31380	-1484.836	-1580.384	95.54757	0.7324794	0.8277382	0.476875	0.523125	4.455813
31386	-1485.766	-1581.11	95.34378	0.7321744	0.6529486	0.417465	0.582535	4.693303
31392	-1489.442	-1584.511	95.06839	0.7600099	0.8528613	0.366155	0.633845	4.693303
31398	-1479.115	-1575.347	96.23276	0.6881723	0.476139	0.336007	0.663993	4.369958
31404	-1482.783	-1578.152	95.36884	0.5293895	0.480429	0.579623	0.420377	4.938838
31410	-1474.633	-1570.703	96.06933	0.6707715	0.5110358	0.516375	0.483625	4.439108
31416	-1491.342	-1584.93	93.58715	0.6125863	0.860296	0.516375	0.483625	5.590974
31422	-1475.942	-1571.428	95.48615	0.6545097	0.5095705	0.516375	0.483625	4.776669
31428	-1488.518	-1583.254	94.73628	0.5641701	0.7431652	0.559868	0.440132	5.059785
31452	-1486.79	-1580.155	93.36502	0.6509287	0.6496165	0.453617	0.546383	5.834408
31458	-1489.092	-1583.707	94.61486	0.6022829	0.6520282	0.491039	0.508961	5.17189
32334	-1496.139	-1593.563	97.42407	0.7704527	0.5004392	0.431451	0.568549	3.61837
32394	-1492.263	-1588.133	95.87084	1.062431	0.9075878	0.47101	0.52899	4.035228
32400	-1489.155	-1585.678	96.52309	1.009349	0.7750587	0.428115	0.571885	3.778192
32406	-1490.585	-1587.589	97.00351	1.013917	0.4848257	0.582773	0.417227	3.735954
32412	-1487.797	-1584.366	96.56909	0.8216976	0.6089269	0.5103	0.4897	3.984956
32418	-1483.255	-1579.717	96.46235	0.7732194	0.4203213	0.5103	0.4897	4.248334
32424	-1479.545	-1574.819	95.27465	0.5999461	0.496363	0.41908	0.58092	4.937091
32430	-1474.533	-1567.309	92.776	0.5528892	0.547725	0.441496	0.558504	6.2898
32436	-1478.406	-1573.669	95.263	0.6294481	0.4868047	0.441496	0.558504	4.936057
32442	-1495.929	-1591.021	95.09272	0.7901903	0.6360084	0.323539	0.676461	4.814243
32448	-1487.096	-1581.601	94.50522	0.6778786	0.5845055	0.447762	0.552238	5.243897
32454	-1492.595	-1587.766	95.17085	0.5318703	0.3917842	0.435157	0.564843	5.136954
32460	-1482.877	-1577.968	95.09088	0.749929	0.5516481	0.612264	0.387736	4.906639
32466	-1483.346	-1578.725	95.37878	0.6476938	0.6201304	0.533826	0.466174	4.746556
32472	-1486.611	-1582.39	95.77897	0.6476938	0.6201304	0.566112	0.433888	4.522256
32478	-1480.914	-1576.258	95.34349	0.7436172	0.7652284	0.505262	0.494738	4.605867
32484	-1480.515	-1575.845	95.3292	0.7436172	0.452446	0.367374	0.632626	4.868675
32490	-1484.428	-1581.7	97.27187	0.8703266	0.4996623	0.369232	0.630768	3.649455
32496	-1497.438	-1594.712	97.27461	0.8703266	0.8462609	0.476346	0.523654	3.373697
32502	-1491.829	-1589.552	97.72308	0.9965387	0.6175906	0.484294	0.515706	3.205517
32508	-1486.425	-1583.19	96.76493	1.088471	0.6175906	0.440875	0.559125	3.711969
32520	-1497.917	-1594.7	96.7823	0.8937498	0.7507715	0.452038	0.547962	3.712451
32526	-1492.002	-1588.642	96.63988	1.074222	0.3995954	0.400382	0.599618	3.998395
32580	-1489.83	-1585.517	95.687	0.5133613	0.4428053	0.383378	0.616622	4.807149
32586	-1483.072	-1578.76	95.68811	0.5122502	0.4428053	0.371987	0.628013	4.807149
32592	-1487.459	-1581.95	94.49139	0.4160921	0.6167972	0.40379	0.59621	5.37014
32598	-1485.416	-1580.245	94.82845	0.4990113	0.5209708	0.378813	0.621187	5.218247
32604	-1490.937	-1585.83	94.89361	0.3595057	0.6175372	0.549531	0.450469	5.178639
32610	-1492.231	-1586.782	94.55117	0.4989903	0.451424	0.391632	0.608368	5.436022
32616	-1488.085	-1582.471	94.38656	0.5260786	0.5336196	0.465371	0.534629	5.436022
32622	-1492.182	-1586.26	94.07779	0.598387	0.5859058	0.41429	0.58571	5.522175
32628	-1490.833	-1586.533	95.69999	0.5951946	0.3889156	0.530046	0.469954	4.810723
32634	-1484.132	-1577.869	93.73697	0.5171369	0.7713353	0.476888	0.523112	5.617975
32640	-1483.23	-1577.505	94.27489	0.6416269	0.5841502	0.391707	0.608293	5.39131
32646	-1485.737	-1579.086	93.34943	0.6416269	0.6049469	0.493354	0.506646	5.882413
32652	-1487.876	-1581.283	93.40649	0.5305893	0.6431238	0.315773	0.684227	5.882413
32658	-1481.331	-1575.663	94.3324	0.4575278	0.4469194	0.541024	0.458976	5.583535
32664	-1482.346	-1576.869	94.52215	0.6168384	0.7330907	0.434348	0.565652	5.156271
32670	-1487.877	-1581.369	93.49239	0.6168384	0.4065251	0.49618	0.50382	5.996861
32676	-1485.198	-1579.479	94.28029	0.7586285	0.4946073	0.594812	0.405188	5.40132
32682	-1479.82	-1574.045	94.22531	0.5757949	0.5005996	0.52955	0.47045	5.526734
32688	-1486.808	-1581.045	94.23756	0.3210042	0.5005996	0.442698	0.557302	5.659912
32694	-1490.947	-1585.565	94.61805	0.333807	0.5342461	0.401747	0.598253	5.413883
32700	-1492.151	-1586.014	93.86322	0.3212534	0.651112	0.494311	0.505689	5.741056
32706	-1487.231	-1581.069	93.83857	0.5564948	0.6566809	0.456486	0.543514	5.621425
32712	-1486.302	-1579.425	93.12251	0.3817171	0.4611899	0.585911	0.414089	6.271899
32718	-1481.169	-1575.419	94.25002	0.2623731	0.6788012	0.571477	0.428523	5.540628
32724	-1487.91	-1581.427	93.51722	0.3325412	0.5627609	0.52516	0.47484	5.993706
32730	-1492.225	-1586.949	94.72374	0.3405668	0.5627609	0.391121	0.608879	5.327522
32736	-1499.29	-1592.616	93.32646	0.4270992	0.662515	0.455872	0.544128	5.968137
32742	-1489.187	-1583.623	94.43643	0.5633586	0.5317967	0.604515	0.395485	5.389601
32748	-1495.004	-1588.363	93.35878	0.7392359	0.6276518	0.465871	0.534129	5.806222
32970	-1484.553	-1579.383	94.83016	0.73133	0.4567302	0.458205	0.541795	5.148497
32976	-1502.646	-1597.004	94.35814	0.5385013	0.5789563	0.52122	0.47878	5.406517
33384	-1477.28	-1571.126	93.8464	0.3096327	0.528004	0.596112	0.403888	5.855991
33390	-1474.623	-1569.415	94.79257	0.4712123	0.5847782	0.585124	0.414876	5.199056
33396	-1473.476	-1567.971	94.49432	0.4804604	0.5213942	0.585124	0.414876	5.412525
33540	-1489.098	-1584.854	95.75645	0.6254053	0.5117776	0.427731	0.572269	4.639729
33546	-1486.065	-1580.637	94.57222	0.7834844	0.6424162	0.49881	0.50119	5.102472
33552	-1476.814	-1571.701	94.88676	0.6565444	0.7644072	0.49881	0.50119	4.910265
33558	-1484.375	-1579.522	95.14736	0.5150218	0.671287	0.450008	0.549992	4.910265
33564	-1484.532	-1577.737	93.20489	0.6593569	0.4568806	0.462203	0.537797	6.080146
33660	-1490.158	-1584.912	94.75421	0.5813169	0.6704232	0.501221	0.498779	5.09249
33666	-1497.68	-1594.093	96.4134	0.777464	0.5914553	0.673742	0.326258	4.11349
34020	-1481.246	-1577.377	96.13141	0.8898449	0.5566412	0.390998	0.609002	4.239502
34026	-1483.371	-1580.415	97.04345	0.8965807	0.5383294	0.417729	0.582271	3.730346
34080	-1488.163	-1586.048	97.88545	0.9603007	0.5870106	0.490563	0.509437	3.156996
34086	-1483.136	-1579.581	96.44508	0.9969783	0.2823297	0.511279	0.488721	4.296712
34092	-1490.517	-1587.25	96.73312	0.7396822	0.515388	0.671322	0.328678	4.019585
34098	-1492.573	-1586.644	94.07046	0.6756674	0.6334034	0.382491	0.617509	5.446117
34104	-1485.251	-1579.873	94.6224	0.5704789	0.7685796	0.469056	0.530944	5.102104
34110	-1487.071	-1582.444	95.37264	0.3728832	0.4847102	0.571596	0.428404	5.019683
34116	-1490.015	-1585.862	95.8472	0.8592474	0.6714894	0.539516	0.460484	4.324589
34122	-1480.889	-1577.718	96.82984	0.7842967	0.4664549	0.425554	0.574446	3.985672
34128	-1484.662	-1580.064	95.40177	0.7842967	0.5197107	0.425554	0.574446	4.742116
34134	-1477.223	-1572.621	95.39826	0.5408109	0.4054384	0.541913	0.458087	4.991195
34140	-1474.9	-1570.364	95.46429	0.520067	0.6112728	0.507458	0.492542	4.777146
34146	-1478.927	-1574.119	95.1927	0.7274015	0.6572484	0.344323	0.655677	4.777146
34152	-1482.123	-1577.349	95.22573	0.5900488	0.6984232	0.379755	0.620245	4.804765
34158	-1479.338	-1574.399	95.06041	0.72541	0.721692	0.379755	0.620245	4.804765
34164	-1479.972	-1574.334	94.36151	0.6947987	0.7678337	0.355312	0.644688	5.178248
34170	-1477.721	-1572.787	95.06674	0.4645964	0.4434654	0.501072	0.498928	5.178248
34176	-1485.361	-1580.454	95.09276	0.4700646	0.5019328	0.562348	0.437652	5.105094
34182	-1486.892	-1581.558	94.6666	0.7269267	0.6374651	0.409454	0.590546	5.085311
34188	-1486.805	-1582.891	96.08513	0.5300417	0.5480862	0.474407	0.525593	4.476317
34194	-1481.863	-1576.222	94.35892	0.5801795	0.5391594	0.440284	0.559716	5.416648
34200	-1481.327	-1576.557	95.23081	0.6088634	0.4727235	0.534935	0.465065	4.978728
34206	-1491.419	-1586.638	95.21864	0.6018103	0.3547679	0.534935	0.465065	5.113148
34212	-1489.575	-1584.407	94.83237	0.3706155	0.443027	0.534935	0.465065	5.360071
34218	-1479.552	-1573.982	94.4304	0.4781771	0.5121601	0.426187	0.573813	5.457197
34224	-1485.467	-1579.385	93.91859	0.5462433	0.6617383	0.56809	0.43191	5.579343
34230	-1490.127	-1584.067	93.93939	0.4731463	0.5993308	0.59905	0.40095	5.65613
34236	-1484.326	-1578.853	94.5269	0.4918344	0.4809071	0.532305	0.467695	5.425138
34242	-1482.189	-1577.138	94.94875	0.5613038	0.6053209	0.482292	0.517708	5.045954
34248	-1484.077	-1577.812	93.73458	0.3088499	0.6053209	0.488008	0.511992	5.853492
34254	-1485.215	-1580.183	94.96783	0.4011271	0.4916462	0.57268	0.42732	5.221883
34260	-1491.769	-1586.364	94.59488	0.4905925	0.4259922	0.439219	0.560781	5.441926
34266	-1488.88	-1583.574	94.69453	0.6793801	0.6130028	0.401527	0.598473	5.11533
34272	-1479.242	-1573.549	94.30699	0.4849462	0.594559	0.607525	0.392475	5.451489
34278	-1481.71	-1577.794	96.08385	0.5879696	0.5149371	0.408592	0.591408	4.473994
34284	-1484.215	-1579.52	95.30537	0.5916885	0.4635679	0.408592	0.591408	4.95563
34290	-1487.149	-1582.297	95.14778	0.3779262	0.5519568	0.577671	0.422329	5.081455
34296	-1487.301	-1582.486	95.18431	0.5953647	0.5519568	0.608256	0.391744	4.940393
34302	-1479.461	-1575.609	96.14798	0.6528951	0.6609958	0.563048	0.436952	4.279173
34308	-1480.057	-1575.973	95.9153	0.5850273	0.4438197	0.40631	0.59369	4.638381
34314	-1479.855	-1573.667	93.81125	0.649544	0.4438197	0.457822	0.542178	5.767045
34320	-1476.258	-1571.187	94.9292	0.7485334	0.7086475	0.534511	0.465489	4.874353
34326	-1478.952	-1574.352	95.40048	0.7303081	0.6578997	0.534511	0.465489	4.65882
34332	-1488.891	-1581.598	92.70776	0.6880375	0.493164	0.538889	0.461111	6.301127
34338	-1478.772	-1571.506	92.73431	0.6939614	0.523166	0.428163	0.571837	6.256835
34344	-1473.915	-1568.916	95.00049	0.7014694	0.7705338	0.428163	0.571837	4.817697
34350	-1484.473	-1580.511	96.03774	0.6492703	0.5249627	0.428163	0.571837	4.456357
34356	-1481.561	-1576.378	94.81674	0.6951136	0.6861059	0.428163	0.571837	4.983023
34362	-1480.675	-1576.719	96.04423	0.5789491	0.4807916	0.388269	0.611731	4.533205
34368	-1494.648	-1587.542	92.89457	0.511748	0.7321606	0.40266	0.59734	6.107875
34374	-1494.729	-1586.75	92.02063	0.382536	0.6530953	0.628531	0.371469	6.708195
34380	-1486.874	-1580.226	93.35225	0.3960854	0.6575359	0.459988	0.540012	5.974678
34386	-1484.613	-1579.906	95.29334	0.4911218	0.6575359	0.59086	0.40914	4.852606
34392	-1493.617	-1589.104	95.48642	0.6394256	0.4848837	0.45468	0.54532	4.807811
34398	-1497.432	-1591.522	94.08924	0.5578541	0.4614211	0.441561	0.558439	5.647863
34404	-1495.585	-1591.512	95.92676	0.6543894	0.5646549	0.373702	0.626298	4.481157
34410	-1483.324	-1579.35	96.02657	0.6749098	0.489231	0.403093	0.596907	4.481157
34416	-1475.151	-1570.047	94.89568	0.7651707	0.8096668	0.488444	0.511556	4.81462
34422	-1476.995	-1572.101	95.10581	0.7822303	0.8096668	0.463733	0.536267	4.687669
34428	-1483	-1578.181	95.18085	0.6932205	0.7681664	0.528149	0.471851	4.723172
34434	-1475.455	-1570.218	94.76366	0.6304838	0.5060634	0.528149	0.471851	5.194746
34440	-1484.297	-1578.363	94.06537	0.6040698	0.5759304	0.519336	0.480664	5.534033
34446	-1483.251	-1579.313	96.06212	0.8423404	0.7338918	0.489273	0.510727	4.166453
34452	-1487.912	-1584.079	96.16724	0.8171203	0.679899	0.489273	0.510727	4.160701
34458	-1488.775	-1583.627	94.85188	0.541009	0.5516251	0.564818	0.435182	5.155334
34464	-1480.297	-1574.782	94.48485	0.643799	0.7426995	0.564818	0.435182	5.155334
34470	-1487.725	-1581.878	94.15253	0.6003525	0.4142655	0.527077	0.472923	5.636736
34476	-1488.713	-1581.901	93.18739	0.70605	0.6146171	0.342698	0.657302	5.928143
34542	-1502.613	-1598.014	95.40092	0.940135	0.6509398	0.318093	0.681907	4.546208
34548	-1496.992	-1592.657	95.66499	0.8151745	0.853256	0.55634	0.44366	4.326509
34554	-1482.426	-1578.394	95.96792	0.762171	0.8019923	0.522175	0.477825	4.218405
36210	-1493.58	-1589.293	95.71297	0.6789913	0.6302406	0.50355	0.49645	4.533741
36216	-1480.244	-1575.047	94.80304	0.6538009	0.5703428	0.487028	0.512972	5.10409
36222	-1481.833	-1575.577	93.74427	0.4574342	0.5938944	0.507246	0.492754	5.776
36228	-1494.63	-1589.019	94.3888	0.4500891	0.5938944	0.394433	0.605567	5.426168
36234	-1484.065	-1579.598	95.53326	0.5652505	0.5194337	0.281739	0.718261	4.791277
36240	-1482.203	-1576.884	94.68098	0.5277659	0.6633911	0.517649	0.482351	5.167973
36246	-1486.173	-1581.469	95.29516	0.74498	0.7480757	0.479398	0.520602	4.644018
36252	-1482.794	-1576.806	94.0115	0.613001	0.6404118	0.479398	0.520602	5.507668
36258	-1480.24	-1575.25	95.01009	0.8108245	0.6084931	0.423948	0.576052	4.870547
36264	-1482.131	-1575.99	93.85842	0.6540259	0.5499086	0.453554	0.546446	5.641984
36270	-1484.313	-1579.639	95.3261	0.8788567	0.5860057	0.453554	0.546446	4.674371
36276	-1486.828	-1583.038	96.21026	0.9904482	0.6765636	0.432824	0.567176	4.040031
36282	-1489.348	-1584.367	95.01893	0.9587565	0.4813189	0.522998	0.477002	4.89377
36288	-1489.547	-1584.788	95.24121	0.6147176	0.5568431	0.522998	0.477002	4.89377
36294	-1477.343	-1572.018	94.67507	0.4593414	0.4102653	0.467667	0.532333	5.431174
36300	-1477.921	-1573.94	96.01903	0.7228778	0.6350811	0.52121	0.47879	4.332698
36306	-1495.473	-1591.134	95.66171	0.6192527	0.8594692	0.472695	0.527305	4.435009
36312	-1490.027	-1585.729	95.70169	0.7183239	0.4855518	0.470642	0.529358	4.642692
36318	-1490.176	-1585.196	95.01994	0.7019227	0.4697693	0.524478	0.475522	5.046984
36324	-1483.797	-1578.88	95.08288	0.5521234	0.7593679	0.33531	0.66469	4.862623
36330	-1483.529	-1578.388	94.85972	0.497642	0.4918022	0.475103	0.524897	5.22815
36336	-1486.809	-1581.883	95.07427	0.5478873	0.5396591	0.431336	0.568664	5.038548
36342	-1492.703	-1587.984	95.28065	0.7302845	0.4945582	0.436908	0.563092	4.862847
36348	-1494.201	-1588.045	93.84403	0.7012957	0.4945582	0.485239	0.514761	5.672668
36354	-1505.737	-1600.111	94.37389	0.8707004	0.5189486	0.442017	0.557983	5.265849
36360	-1486.94	-1582.358	95.41781	0.6199411	0.5770654	0.439175	0.560825	4.775297
36366	-1483.459	-1577.013	93.55408	0.2819478	0.5770654	0.3366	0.6634	5.989431
36372	-1488.789	-1585.666	96.8774	0.5956514	0.5122849	0.375073	0.624927	4.022315
36378	-1483.837	-1580.654	96.81622	0.9344801	0.3602825	0.439132	0.560868	4.022315
36384	-1486.648	-1582.21	95.56144	0.825767	0.6159362	0.548847	0.451153	4.547781
36390	-1484.556	-1579.119	94.56332	0.4429149	0.5642369	0.493927	0.506073	5.35832
36396	-1484.264	-1578.036	93.77174	0.4721719	0.6028124	0.427729	0.572271	5.745781
36402	-1485.051	-1579.031	93.98047	0.2766919	0.6675009	0.544918	0.455082	5.689025
36408	-1490.317	-1584.569	94.25235	0.5490166	0.4699184	0.367201	0.632799	5.555065
36414	-1488.667	-1582.287	93.61959	0.459883	0.5713104	0.539541	0.460459	5.861206
36420	-1486.831	-1580.5	93.66934	0.5125629	0.506082	0.439839	0.560161	5.861206
36426	-1490.178	-1583.358	93.1796	0.6033707	0.7938958	0.438163	0.561837	5.861206
36432	-1496.753	-1590.918	94.16453	0.5267661	0.6798304	0.438163	0.561837	5.441465
36438	-1491.28	-1586.818	95.53863	0.8357852	0.6351495	0.389041	0.610959	4.539734
36444	-1484.308	-1580.084	95.77681	0.7039651	0.5621621	0.348357	0.651643	4.539734
36450	-1492.541	-1586.986	94.44418	0.5451939	0.5556142	0.500275	0.499725	5.374874
36456	-1481.498	-1577.74	96.24196	0.6179973	0.5556142	0.520261	0.479739	4.331697
36462	-1485.96	-1579.285	93.32489	0.5384265	0.4805829	0.520261	0.479739	6.058315
36468	-1494.748	-1589.539	94.79064	0.3634456	0.5644759	0.443701	0.556299	5.27652
36474	-1500.056	-1594.792	94.7359	0.4045498	0.4199797	0.596252	0.403748	5.417794
36480	-1485.935	-1580.398	94.46266	0.5762362	0.388429	0.463716	0.536284	5.506929
36486	-1491.156	-1584.337	93.18156	0.5090211	0.7248356	0.463716	0.536284	5.957945
36534	-1481.409	-1575.102	93.69344	0.7176273	0.5866532	0.316661	0.683339	5.667129
37590	-1490.079	-1582.707	92.62801	0.565941	0.856625	0.489193	0.510807	6.143001
37596	-1483.662	-1577.822	94.1602	0.4388291	0.6978896	0.303823	0.696177	5.47916
37602	-1491.397	-1584.808	93.41112	0.4276976	0.4895217	0.525343	0.474657	6.063443
37608	-1497.83	-1592.295	94.46463	0.6175492	0.5616091	0.570123	0.429877	5.318627
37614	-1490.118	-1583.675	93.55677	0.3838589	0.5616091	0.441958	0.558042	5.945078
37620	-1484.73	-1579.029	94.29902	0.5954954	0.5944056	0.388774	0.611226	5.395111
37626	-1484.003	-1579.645	95.64141	0.7430459	0.5492715	0.324874	0.675126	4.60492
37632	-1491.238	-1587.015	95.77688	0.7962181	0.5871785	0.506538	0.493462	4.46671
37638	-1493.625	-1588.545	94.91976	0.5907637	0.3755742	0.506538	0.493462	5.261055
37644	-1494.722	-1590.761	96.03827	0.5907637	0.58011	0.52176	0.47824	4.441113
37650	-1472.423	-1568.082	95.65879	0.6946034	0.58011	0.500709	0.499291	4.59608
37656	-1486.082	-1579.465	93.38248	0.6308002	0.6202591	0.500709	0.499291	5.858276
37662	-1478.849	-1573.302	94.45259	0.56322	0.4780707	0.500709	0.499291	5.429406
37668	-1482.32	-1576.377	94.05653	0.6509226	0.4780707	0.484158	0.515842	5.598964
37674	-1486.707	-1580.947	94.23997	0.3482117	0.5138191	0.428049	0.571951	5.631793
37680	-1486.851	-1580.621	93.76962	0.4464896	0.6165073	0.489586	0.510414	5.750222
37686	-1487.918	-1582.149	94.23086	0.3179613	0.4564066	0.659997	0.340003	5.706571
37692	-1478.037	-1570.175	92.138	0.4933203	0.6213535	0.346674	0.653326	6.608751
37698	-1483.868	-1578.436	94.56785	0.6301406	0.4630427	0.578892	0.421108	5.34328
37704	-1479.365	-1572.781	93.41527	0.6301406	0.4682748	0.494482	0.505518	5.970525
37710	-1483.096	-1575.172	92.07548	0.749856	0.4660154	0.466128	0.533872	6.635304
37716	-1479.751	-1573.269	93.51799	0.6677053	0.4986875	0.558562	0.441438	5.86579
37722	-1484.146	-1578.419	94.27263	0.4402448	0.6361651	0.600515	0.399485	5.462301
37728	-1487.794	-1582.829	95.03486	0.6753867	0.5306639	0.547975	0.452025	4.997504
37734	-1498.16	-1591.204	93.04402	0.6264429	0.5528941	0.295351	0.704649	6.099673
37740	-1475.265	-1569.663	94.39781	0.5493237	0.6214773	0.408656	0.591344	5.344602
37746	-1474.223	-1569.325	95.10284	0.6085649	0.5282174	0.38519	0.61481	4.999022
37752	-1477.362	-1573.432	96.06945	0.6157314	0.5693849	0.458108	0.541892	4.418524
37758	-1487.178	-1580.463	93.28459	0.3888849	0.5693849	0.458108	0.541892	6.084337
37764	-1479.83	-1573.192	93.36209	0.2581104	0.6054746	0.509677	0.490323	6.084337
37770	-1482.409	-1575.751	93.34217	0.2780219	0.6054746	0.404241	0.595759	6.084337
37776	-1477.64	-1573.529	95.88986	0.6627591	0.5610895	0.506153	0.493847	4.500261
37782	-1475.105	-1570.126	95.02068	0.6623051	0.5593635	0.471324	0.528676	4.98783
37788	-1490.591	-1584.047	93.45654	0.8469209	0.7212936	0.476856	0.523144	5.625003
38412	-1498.417	-1593.151	94.73398	0.6453132	0.5018959	0.382312	0.617688	5.20675
38418	-1488.402	-1581.307	92.90538	0.4132086	0.6086451	0.451403	0.548597	6.245963
38424	-1481.047	-1576.108	95.06136	0.4849913	0.7327189	0.446461	0.553539	4.930428
38430	-1473.586	-1569.315	95.72837	0.5466914	0.4960688	0.446461	0.553539	4.713977
38436	-1479.016	-1573.324	94.30799	0.4482164	0.4176131	0.418816	0.581184	5.631467
38460	-1492.446	-1586.616	94.17004	0.1558285	0.5440534	0.419035	0.580965	5.749234
38466	-1492.06	-1585.294	93.23455	0.0726497	0.6024532	0.422409	0.577591	6.257012
38490	-1488.579	-1583.983	95.40389	0.6556959	0.5226255	0.34606	0.65394	4.810136
38496	-1489.782	-1586.019	96.23717	0.7757696	0.6278773	0.437485	0.562515	4.184874
38520	-1492.267	-1587.424	95.15697	0.7427223	0.7256066	0.458156	0.541844	4.738385
38526	-1485.415	-1581.009	95.5944	0.610562	0.6283312	0.430053	0.569947	4.640184
38532	-1487.913	-1584.243	96.33045	0.8394675	0.578109	0.583113	0.416887	4.13665
38538	-1489.952	-1584.847	94.8953	0.7161572	0.7182385	0.449022	0.550978	4.90441
38544	-1489.658	-1584.275	94.61698	0.7515297	0.5295171	0.533791	0.466209	5.187988
38550	-1478.951	-1573.882	94.93143	0.6475468	0.6373948	0.570661	0.429339	4.982415
38556	-1490.196	-1584.273	94.07707	0.5048157	0.7433373	0.469693	0.530307	5.456724
38562	-1469.272	-1565.102	95.8303	0.7596284	0.5545996	0.439118	0.560882	4.484863
38568	-1483.137	-1578.287	95.14989	0.856395	0.7546535	0.491133	0.508867	4.65843
38574	-1487.658	-1583.591	95.93309	0.7363847	0.5499982	0.351482	0.648518	4.444069
38580	-1483.512	-1579.402	95.88989	0.716059	0.6117191	0.426854	0.573146	4.428093
38586	-1487.731	-1583.863	96.13292	0.6587175	0.7197804	0.496704	0.503296	4.240621
38592	-1495.64	-1592.781	97.14024	0.9894796	0.5195959	0.487378	0.512622	3.637838
38598	-1477.012	-1574.049	97.03632	0.9932294	0.6322876	0.487378	0.512622	3.59791
38604	-1480.18	-1577.796	97.61582	0.8467244	0.6006611	0.510359	0.489641	3.371464
38610	-1488.988	-1585.899	96.91097	0.9178351	0.8309866	0.439626	0.560374	3.568543
38616	-1487.252	-1583.295	96.04324	0.6343709	0.5435923	0.439626	0.560374	4.44509
38622	-1487.847	-1584.333	96.48627	0.685301	0.6573612	0.414624	0.585376	4.071409
38628	-1496.737	-1592.176	95.43955	0.5867796	0.6573612	0.656989	0.343011	4.717695
38634	-1487.671	-1583.567	95.89644	0.5705856	0.4802849	0.541403	0.458597	4.621339
38640	-1482.442	-1577.959	95.51724	0.7142954	0.7128097	0.541403	0.458597	4.561616
38646	-1486.331	-1581.15	94.81894	0.691048	0.6124276	0.513192	0.486808	5.040318
38652	-1492.319	-1588.72	96.40147	0.5853902	0.569977	0.552548	0.447452	4.247501
38658	-1498.664	-1594.711	96.04698	0.871331	0.6339462	0.45758	0.54242	4.23374
38790	-1491.012	-1585.526	94.51433	0.7363982	0.7898893	0.4069	0.5931	5.055799
38796	-1493.697	-1588.505	94.80791	0.5447716	0.8285824	0.40659	0.59341	4.974024
38802	-1495.708	-1590.941	95.23343	0.9722592	1.017996	0.40659	0.59341	4.383588
38808	-1484.661	-1580.293	95.63212	0.6308408	0.5521961	0.428766	0.571234	4.670473
38814	-1493.35	-1588.962	95.61231	0.6904182	0.7732089	0.518022	0.481978	4.479275
38820	-1488.255	-1583.496	95.2407	0.8009273	0.7028939	0.430705	0.569295	4.675275
38826	-1479.068	-1573.483	94.41537	0.6186746	0.7028939	0.435149	0.564851	5.23567
38832	-1483.487	-1578.121	94.63368	0.6186746	0.6310831	0.501206	0.498794	5.168466
38838	-1495.215	-1588.779	93.56427	0.6187097	0.6688166	0.426967	0.573033	5.728705
39012	-1487.508	-1581.932	94.42461	0.454622	0.5189413	0.515942	0.484058	5.467306
39018	-1491.507	-1586.332	94.82457	0.6172229	0.6421729	0.555913	0.444087	5.054914
39024	-1489.18	-1583.958	94.77846	0.7198295	0.6421729	0.399483	0.600517	5.023552
39030	-1498.88	-1596.5	97.6202	0.7327446	0.5242926	0.488558	0.511442	3.503667
39036	-1494.102	-1589.302	95.20007	0.5195828	0.5900891	0.352017	0.647983	4.941829
39042	-1493.792	-1588.905	95.11342	0.6669372	0.6499365	0.507713	0.492287	4.860685
39048	-1492.071	-1586.075	94.00475	0.5111891	0.7376628	0.330219	0.669781	5.496911
39054	-1498.598	-1593.973	95.37454	0.3711289	0.5790445	0.32851	0.67149	4.93646
39060	-1493.601	-1590.322	96.72083	1.188174	0.6317059	0.442683	0.557317	3.668278
39066	-1487.482	-1583.045	95.563	1.101375	0.646568	0.466189	0.533811	4.367501
39072	-1476.148	-1572.227	96.07967	0.8840238	0.5030425	0.379119	0.620881	4.320291
39078	-1483.691	-1580.325	96.63423	0.8840238	0.7864096	0.383161	0.616839	3.778507
39084	-1493.053	-1587.681	94.62804	0.8840238	0.5689945	0.368673	0.631327	5.074598
39090	-1490.649	-1587.529	96.88079	0.8367279	0.6907457	0.567703	0.432297	3.73268
39096	-1496.744	-1593.267	96.52265	0.9728506	0.5667629	0.589402	0.410598	3.96065
39102	-1474.123	-1570.332	96.2085	0.8044194	0.5202989	0.409842	0.590158	4.276552
39108	-1481.996	-1577.603	95.60703	0.8039811	0.5784612	0.381455	0.618545	4.565122
39114	-1485.284	-1580.87	95.58556	0.6765321	0.6223513	0.534629	0.465371	4.612886
39120	-1492.4	-1587.72	95.32004	0.7416313	0.7708328	0.311602	0.688398	4.616307
39126	-1494.42	-1588.471	94.05037	0.7416313	0.7416651	0.401494	0.598506	5.342093
39162	-1490.688	-1585.716	95.02842	0.7626817	0.589784	0.416332	0.583668	4.902319
39168	-1483.566	-1579.293	95.72698	0.6575338	0.589784	0.587197	0.412803	4.570576
39174	-1480.882	-1575.206	94.32386	0.6754445	0.5346559	0.405505	0.594495	5.387378
39180	-1495.011	-1589.884	94.87296	0.4625454	0.3494007	0.536237	0.463763	5.387378
39186	-1485.368	-1580.977	95.60955	0.5214949	0.3886805	0.523476	0.476524	4.90247
39192	-1482.443	-1577.91	95.46631	0.5353012	0.6362763	0.502715	0.497285	4.747757
39198	-1481.486	-1576.456	94.96995	0.5655684	0.7189676	0.524742	0.475258	4.94615
39204	-1479.123	-1575.11	95.98752	0.7194577	0.7241295	0.487338	0.512662	4.285443
39210	-1478.039	-1572.773	94.73342	0.4832357	0.4781508	0.582523	0.417477	5.318609
39216	-1484.541	-1578.947	94.40576	0.5738702	0.4898855	0.555088	0.444912	5.438324
39222	-1476.016	-1571.458	95.44256	0.5708162	0.4791085	0.464065	0.535935	4.875985
39228	-1488.625	-1582.614	93.98885	0.6545606	0.4298961	0.552396	0.447604	5.680845
39234	-1479.956	-1574.032	94.07529	0.5681189	0.4298961	0.379866	0.620134	5.680845
39240	-1493.602	-1589.683	96.08074	0.8310215	0.5402275	0.571357	0.428643	4.315894
39246	-1485.457	-1582.982	97.52532	0.9015141	0.4854536	0.472907	0.527093	3.497783
39252	-1480.769	-1576.713	95.94387	0.9040406	0.7681916	0.333474	0.666526	4.174493
39258	-1495.034	-1589.645	94.61051	0.5681367	0.4693293	0.452177	0.547823	5.34793
39264	-1489.484	-1584.654	95.17009	0.6465307	0.4858561	0.560218	0.439782	4.979109
39270	-1491.657	-1588.081	96.42452	0.8279897	0.5016474	0.375133	0.624867	4.157869
39276	-1483.122	-1579.404	96.28215	0.74314	0.5016474	0.464032	0.535968	4.286744
39282	-1494.467	-1590.97	96.50311	0.7713627	0.521483	0.426236	0.573764	4.127026
39288	-1497.861	-1593.323	95.46108	0.6395482	0.7521774	0.426236	0.573764	4.607263
39294	-1489.943	-1587.723	97.78045	0.8523704	0.7606541	0.539359	0.460641	3.145054
39300	-1494.828	-1590.466	95.63812	0.9503589	0.8087085	0.539359	0.460641	4.29417
39306	-1493.838	-1589.302	95.46351	0.7098671	0.7015422	0.493916	0.506084	4.602426
39312	-1488.496	-1583.21	94.71352	0.6739204	0.8118952	0.48279	0.51721	4.965447
39318	-1492.608	-1588.168	95.56081	0.6739204	0.5591716	0.48279	0.51721	4.680286
39324	-1486.967	-1583.126	96.159	0.9036945	0.7866888	0.48279	0.51721	4.039518
39330	-1493.22	-1587.921	94.70042	0.9749305	0.8221795	0.48279	0.51721	4.79841
39336	-1496.911	-1591.447	94.53617	0.9222343	0.3464011	0.410418	0.589582	5.3231
39342	-1487.318	-1581.779	94.4618	0.5320985	0.6159975	0.442258	0.557742	5.3231
39348	-1493.743	-1588.063	94.3204	0.5226781	0.5423882	0.464547	0.535453	5.466736
39354	-1493.912	-1588.8	94.88857	0.6871049	0.7111948	0.494724	0.505276	4.929351
39360	-1503.073	-1597.477	94.40374	0.7646092	0.7329314	0.526785	0.473215	5.140119
39366	-1499.85	-1594.889	95.03956	0.6034321	0.4200808	0.458222	0.541778	5.140119
39372	-1487.588	-1582.243	94.6558	0.6182185	0.6523933	0.43799	0.56201	5.140119
39378	-1499.238	-1593.482	94.24371	0.5301303	0.6523933	0.304692	0.695308	5.416387
39384	-1486.405	-1581.442	95.03745	0.5879583	0.5100671	0.393988	0.606012	5.062994
39390	-1489.255	-1584.728	95.47299	0.5879583	0.6206127	0.48391	0.51609	4.726903
39396	-1496.869	-1590.06	93.19102	0.565458	0.6206127	0.3744	0.6256	5.998233
39402	-1489.193	-1584.124	94.93115	0.5689831	0.8264557	0.370339	0.629661	4.893345
39408	-1476.68	-1571.098	94.41751	0.4670615	0.6075076	0.356325	0.643675	5.390107
39414	-1480.177	-1575.942	95.76512	0.7906104	0.3977738	0.506734	0.493266	4.655407
39420	-1489.193	-1585.31	96.11653	0.722104	0.6112007	0.370303	0.629697	4.29711
39426	-1490.546	-1585.319	94.77332	0.679525	0.7785923	0.570525	0.429475	4.951035
39432	-1488.291	-1584.208	95.91669	0.7365293	0.4483788	0.555348	0.444652	4.54802
39438	-1485.093	-1582.46	97.36721	0.8519912	0.4236643	0.416782	0.583218	3.681858
39444	-1491.268	-1588.519	97.25146	0.8855206	0.7512203	0.451699	0.548301	3.44421
39450	-1489.053	-1584.841	95.78722	0.7690917	0.841106	0.466364	0.533636	4.291214
39456	-1484.494	-1578.612	94.11728	0.7109318	0.5645859	0.466145	0.533855	5.456108
39474	-1486.902	-1582.335	95.43311	0.7008861	0.6449914	0.464789	0.535211	4.666934
39480	-1494.299	-1588.407	94.10759	0.784937	0.742824	0.53968	0.46032	5.285814
39486	-1489.816	-1584.501	94.68535	0.4836939	0.5585049	0.527229	0.472771	5.273285
39492	-1491.963	-1586.768	94.80471	0.5985447	0.610724	0.520949	0.479051	5.100877
39498	-1484.946	-1579.916	94.9699	0.4646866	0.5891712	0.50761	0.49239	5.100877
39504	-1487.072	-1582.52	95.44757	0.4882935	0.7298303	0.507632	0.492368	4.715173
39510	-1488.68	-1583.36	94.68037	0.5496714	0.5204187	0.397119	0.602881	5.272577
39516	-1482.73	-1576.917	94.1867	0.5349783	0.5939663	0.534404	0.465596	5.490625
39522	-1484.196	-1580.252	96.05578	0.7712919	0.7085721	0.373225	0.626775	4.228683
39528	-1474.723	-1569.037	94.31369	0.5613186	0.532243	0.525742	0.474258	5.457941
39534	-1473.982	-1568.197	94.21438	0.3727406	0.5003383	0.497799	0.502201	5.644486
39540	-1482.016	-1575.981	93.96486	0.4106769	0.640319	0.485479	0.514521	5.644486
39546	-1474.529	-1570.432	95.90309	0.7058397	0.5164557	0.499974	0.500026	4.507997
39552	-1475.463	-1571.815	96.35197	0.7874822	0.6199792	0.511596	0.488404	4.119306
39558	-1485.151	-1579.092	93.9417	0.7780896	0.8242732	0.580177	0.419823	5.327256
39564	-1484.824	-1580.156	95.33179	0.6295894	0.8054391	0.422047	0.577953	4.649376
39570	-1493.963	-1587.917	93.95432	0.5906321	0.6226374	0.506511	0.493489	5.565082
39576	-1495.181	-1588.026	92.84502	0.4272189	0.6950412	0.517739	0.482261	6.20676
39582	-1484.751	-1578.261	93.50987	0.5881157	0.4891361	0.514559	0.485441	5.922415
39588	-1480.966	-1575.41	94.44423	0.5682182	0.6659894	0.405088	0.594912	5.274578
39594	-1489.599	-1581.283	91.68377	0.7506114	1.01671	0.554716	0.445284	6.464078
39600	-1485.906	-1579.939	94.03271	0.7392141	0.6013872	0.451105	0.548895	5.457027
39606	-1483.01	-1577.581	94.57068	0.4902294	0.522965	0.485034	0.514966	5.363666
39612	-1482.552	-1578.451	95.89886	0.7648181	0.693572	0.515299	0.484701	4.332224
39618	-1493.468	-1588.155	94.68776	0.8213133	0.6797666	0.43898	0.56102	4.989236
39654	-1488.038	-1582.356	94.31828	0.7467259	0.5630263	0.650627	0.349373	5.326914
39660	-1484.752	-1580.771	96.01984	0.854313	0.5630263	0.343806	0.656194	4.317264
39666	-1482.649	-1578.468	95.81828	0.854313	0.7070618	0.396723	0.603277	4.317264
39672	-1481.04	-1578.193	97.15323	0.9591757	0.5592522	0.52249	0.47751	3.611807
39678	-1486.956	-1582.892	95.9359	0.7614596	0.4868851	0.511444	0.488556	4.485694
39684	-1483.801	-1579.52	95.71896	0.844677	0.7985857	0.415453	0.584547	4.314961
39690	-1479.528	-1576.072	96.54396	0.7862938	0.4497398	0.450458	0.549542	4.16421
39696	-1493.012	-1590.492	97.48004	0.9454275	0.819143	0.433681	0.566319	3.226697
39702	-1489.181	-1584.754	95.57376	0.8942746	0.819143	0.407252	0.592748	4.355391
39708	-1493.136	-1589.103	95.96635	0.9146141	0.5156772	0.381333	0.618667	4.355391
39750	-1482.954	-1577.585	94.63155	0.6035218	0.8122036	0.462784	0.537216	5.049882
39756	-1479.918	-1574.181	94.26265	0.7281341	0.5901114	0.526735	0.473265	5.345509
39762	-1476.235	-1571.025	94.79037	0.4873279	0.5351309	0.585712	0.414288	5.233302
39768	-1481.678	-1577.871	96.19325	0.9568673	0.5351309	0.371772	0.628228	4.185369
39774	-1475.493	-1572.125	96.63162	0.7505323	0.4948547	0.503087	0.496913	4.090512
39792	-1487.837	-1582.828	94.99066	0.8101868	0.5684617	0.581347	0.418653	4.91459
39798	-1492.385	-1587.427	95.04275	0.7580982	0.5684617	0.378952	0.621048	4.91459
39804	-1489.433	-1584.294	94.86123	0.7540081	0.6869866	0.377997	0.622003	4.924881
39810	-1510.877	-1607.189	96.31219	0.6956954	0.3638885	0.451869	0.548131	4.43933
39816	-1495.847	-1591.657	95.81021	0.5604338	0.5084692	0.451869	0.548131	4.64903
39822	-1493.928	-1587.826	93.89773	0.607078	0.3986952	0.499895	0.500105	5.788941
39828	-1494.499	-1588.597	94.09726	0.5865486	0.6034102	0.467313	0.532687	5.503891
39834	-1494.79	-1588.805	94.01504	0.4697519	0.6564714	0.52373	0.47627	5.572315
39840	-1491.074	-1585.092	94.01777	0.4877631	0.5226575	0.32775	0.67225	5.669308
39846	-1496.092	-1590.336	94.24481	0.4274895	0.5085802	0.443841	0.556159	5.590297
39852	-1497.104	-1592.605	95.50075	0.7243863	0.9899348	0.380471	0.619529	4.388406
39858	-1493.221	-1589.182	95.96143	0.7243863	0.6051184	0.433151	0.566849	4.388406
39864	-1484.079	-1579.527	95.44877	0.7112225	0.4562481	0.558022	0.441978	4.816318
39870	-1499.266	-1595.592	96.32534	0.7790542	0.578178	0.558022	0.441978	4.173835
39876	-1498.624	-1594.193	95.56973	0.4531485	0.4232779	0.401927	0.598073	4.925925
39894	-1493.218	-1588.172	94.95368	0.4156385	0.5219486	0.457009	0.542991	5.194223
40002	-1488.622	-1583.858	95.23595	0.8055491	0.3704683	0.354358	0.645642	4.972519
40008	-1485.869	-1580.531	94.66232	0.5293464	0.5198139	0.498162	0.501838	5.294306
40014	-1485.492	-1580.081	94.58928	0.4528116	0.5796855	0.398946	0.601054	5.325721
40020	-1484.178	-1578.954	94.77675	0.5810409	0.5796855	0.398585	0.601415	5.151213
40026	-1486.184	-1578.533	92.34919	0.4147083	0.4312481	0.403339	0.596661	6.702017
40032	-1475.055	-1569.785	94.73003	0.6066737	0.6408078	0.527136	0.472864	5.114237
40038	-1471.951	-1567.55	95.59954	0.7274285	0.6408078	0.527136	0.472864	4.561969
40044	-1482.906	-1578.259	95.35287	0.8061923	0.4488574	0.512551	0.487449	4.824143
40104	-1490.646	-1586.627	95.98121	0.7359384	0.696215	0.478914	0.521086	4.300027
40170	-1489.274	-1585.062	95.7887	0.9104334	0.9461345	0.49163	0.50837	4.14536
40176	-1488.745	-1584.243	95.49712	0.8602874	0.5098634	0.286802	0.713198	4.65517
40182	-1494.232	-1590.814	96.58175	0.7759038	0.7568473	0.56377	0.43623	3.891448
40188	-1493.704	-1590.685	96.98124	0.947944	0.5912276	0.507347	0.492653	3.690205
40194	-1487.346	-1581.863	94.51658	0.539063	0.6844469	0.531286	0.468714	5.23709
40200	-1492.02	-1587.599	95.57885	0.5475117	0.4836567	0.407635	0.592365	4.808684
40206	-1484.945	-1579.733	94.78801	0.5969859	0.4673784	0.462038	0.537962	5.235858
40212	-1480.96	-1574.559	93.59924	0.5391932	0.5179001	0.524124	0.475876	5.87446
40218	-1477.628	-1571.811	94.18261	0.5832879	0.6550184	0.353621	0.646379	5.418783
40224	-1478.649	-1571.288	92.63916	0.4266126	0.50843	0.427653	0.572347	6.466487
40230	-1470.274	-1563.864	93.59002	0.3912185	0.6471631	0.499084	0.500916	5.85523
40236	-1477.901	-1572.474	94.57326	0.6216608	0.8819701	0.535185	0.464815	5.028338
40242	-1506.132	-1601.319	95.18643	0.5369633	0.8819701	0.635766	0.364234	4.733935
40248	-1488.334	-1581.872	93.53859	0.3847206	0.8819701	0.646463	0.353537	5.729403
40254	-1487.832	-1582.894	95.06206	0.6758827	0.8819701	0.480328	0.519672	4.725797
40260	-1484.365	-1579.718	95.3532	0.6126721	0.5433438	0.401262	0.598738	4.844135
40266	-1497.363	-1592.749	95.38579	0.5035248	0.5433438	0.463931	0.536069	4.886798
40272	-1483.807	-1579.034	95.22624	0.7247097	0.6554171	0.464203	0.535797	4.761313
40278	-1490.796	-1586.369	95.57306	0.6900381	0.5529554	0.426239	0.573761	4.669742
40290	-1493.75	-1589.431	95.68072	0.6709145	0.8718252	0.480582	0.519418	4.387397
40296	-1484.056	-1580.271	96.21501	0.713657	0.4539236	0.526226	0.473774	4.387397
40302	-1481.506	-1576.461	94.95454	0.712798	0.4482549	0.385194	0.614806	5.098165
40308	-1492.903	-1588.714	95.81077	0.7429189	0.7375884	0.351995	0.648005	4.362511
40314	-1485.629	-1579.793	94.16407	0.6582035	0.6520333	0.413375	0.586625	5.389971
40320	-1486.104	-1581.344	95.24019	0.6105967	0.5847779	0.377445	0.622555	4.873189
40326	-1484.089	-1579.01	94.92027	0.6560565	0.5114047	0.556997	0.443003	5.089011
40680	-1483.373	-1577.839	94.46591	0.469113	0.6865129	0.480549	0.519451	5.302213
40686	-1488.886	-1583.424	94.53828	0.430244	0.6614674	0.529965	0.470035	5.302213
40692	-1485.942	-1580.4	94.45815	0.6169505	0.7693855	0.556706	0.443294	5.1668
40698	-1488.89	-1582.276	93.38617	0.6223878	0.5515106	0.556706	0.443294	5.916442
40704	-1479.473	-1574.615	95.14224	0.7779391	0.5520401	0.491711	0.508289	4.862089
40710	-1483.187	-1579.578	96.39045	0.9802663	0.6710979	0.51806	0.48194	3.94704
40716	-1487.244	-1580.95	93.70574	0.514814	0.5806787	0.506587	0.493413	5.776363
40722	-1495.104	-1589.152	94.04885	0.3821905	0.6755748	0.359731	0.640269	5.587686
40728	-1489.144	-1585.496	96.35183	0.6948216	0.5398128	0.373404	0.626596	4.239891
40734	-1491.711	-1588.725	97.01335	0.7332804	0.457543	0.373404	0.626596	3.918743
40740	-1480.123	-1576.534	96.41098	0.604113	0.6351094	0.355663	0.644337	4.177894
40746	-1480.533	-1575.171	94.63825	0.5922482	0.7057014	0.409966	0.590034	5.124935
40752	-1489.603	-1586.129	96.5267	0.6988124	0.7355785	0.479199	0.520801	3.982261
40758	-1485.118	-1581.998	96.87985	0.7023876	0.4886358	0.479199	0.520801	3.982261
40764	-1481.125	-1577.188	96.06346	0.660683	0.536342	0.355157	0.644843	4.425269
40770	-1487.474	-1582.987	95.51309	0.7892745	0.5313536	0.457234	0.542766	4.666654
40776	-1478.541	-1575.578	97.03682	0.7892745	0.5313536	0.481365	0.518635	3.802379
40890	-1487.501	-1580.836	93.33493	0.6502123	0.659613	0.592842	0.407158	5.843788
40896	-1491.852	-1584.407	92.55494	0.5033867	0.5530916	0.547631	0.452369	6.432121
40932	-1480.843	-1577.731	96.88768	0.6480296	0.617982	0.476408	0.523592	3.894541
40938	-1480.165	-1576.467	96.30198	0.791078	0.5403639	0.39653	0.60347	4.213086
40944	-1479.472	-1574.694	95.22174	0.7141488	0.6362167	0.391593	0.608407	4.784514
40950	-1478.833	-1575.179	96.34579	0.6887521	0.5575654	0.458643	0.541357	4.231164
40956	-1487.384	-1582.918	95.53337	0.5768072	0.5575654	0.423818	0.576182	4.751321
40962	-1487.637	-1581.421	93.78472	0.5480873	0.6137983	0.563738	0.436262	5.688406
40968	-1485.052	-1578.533	93.48019	0.5501014	0.6137983	0.405635	0.594365	5.854011
40974	-1479.36	-1574.591	95.23079	0.8470929	0.5555943	0.550093	0.449907	4.771051
40980	-1485.796	-1579.971	94.17465	0.5742875	0.5555943	0.454261	0.545739	5.507278
40986	-1486.859	-1581.077	94.21804	0.61863	0.5004907	0.511452	0.488548	5.507278
40992	-1482.827	-1576.394	93.56765	0.6929916	0.7543732	0.525173	0.474827	5.625767
40998	-1485.75	-1579.917	94.16708	0.7188917	0.6777674	0.436003	0.563997	5.335683
41004	-1484.698	-1579.321	94.62304	0.7120861	0.7014813	0.396302	0.603698	5.069966
41010	-1486.048	-1581.287	95.23881	0.6806182	0.7014813	0.396302	0.603698	4.744657
41016	-1489.51	-1584.925	95.41542	0.6640259	0.7714314	0.498314	0.501686	4.605935
41022	-1487.913	-1584.76	96.84721	0.6844794	0.5857111	0.438828	0.561172	3.923691
41028	-1485.392	-1580.912	95.51956	0.8624767	0.5857111	0.507494	0.492506	4.575342
41034	-1482.492	-1577.968	95.47551	0.7009283	0.6340244	0.503197	0.496803	4.651695
41040	-1483.178	-1576.278	93.0997	0.563067	0.6033478	0.515694	0.484306	6.062815
41046	-1475.983	-1572.561	96.57757	0.8900233	0.4779532	0.403714	0.596286	4.058055
41052	-1478.003	-1573.664	95.66175	0.5922289	0.5873207	0.503286	0.496714	4.645825
41058	-1476.376	-1571.813	95.43775	0.701045	0.6691303	0.35301	0.64699	4.645825
41064	-1485.241	-1581.36	96.11866	0.823685	0.9077652	0.403962	0.596038	4.029945
41070	-1477.989	-1573.755	95.76556	0.8396025	0.5155533	0.403962	0.596038	4.510936
41076	-1485.069	-1580.267	95.19794	0.7595114	0.6523236	0.384614	0.615386	4.760041
41082	-1496.11	-1591.675	95.56498	0.5121782	0.5335503	0.57642	0.42358	4.790628
41088	-1479.646	-1575.024	95.37743	0.8456388	0.6163304	0.391765	0.608235	4.639558
41094	-1488.389	-1582.592	94.20245	0.7042119	0.5309405	0.456056	0.543944	5.44165
41100	-1479.622	-1575.767	96.14519	0.79568	0.6856174	0.602284	0.397716	4.181109
41106	-1486.979	-1581.418	94.43885	0.6668034	0.4306714	0.514178	0.485822	5.426069
41112	-1478.91	-1572.777	93.86655	0.5748194	0.5003146	0.489111	0.510889	5.72441
41118	-1489.644	-1583.021	93.37745	0.3411234	0.6361448	0.529215	0.470785	6.006991
41124	-1485.137	-1580.366	95.22928	0.4759091	0.5529524	0.462461	0.537539	4.980959
41130	-1475.019	-1568.794	93.77456	0.4354534	0.5987419	0.462461	0.537539	5.767575
41136	-1478.097	-1571.425	93.3285	0.4078292	0.5987419	0.373261	0.626739	6.026367
41142	-1488.964	-1582.707	93.74316	0.5241836	0.6159314	0.45249	0.54751	5.722609
41148	-1492.096	-1586.317	94.22077	0.6749723	0.6302441	0.355099	0.644901	5.366127
41154	-1484.519	-1578.802	94.28304	0.5529477	0.5752858	0.343021	0.656979	5.442944
41160	-1484.764	-1581.173	96.40901	0.7343462	0.431907	0.459806	0.540194	4.288446
41166	-1483.426	-1580	96.57391	0.8370662	0.4255869	0.459806	0.540194	4.143218
41172	-1483.425	-1580.228	96.80332	0.8140692	0.6573461	0.529612	0.470388	3.816136
41178	-1481.71	-1577.731	96.02105	0.6035765	0.4549483	0.487037	0.512963	4.557535
41184	-1491.316	-1586.515	95.19848	0.8737844	0.4347487	0.487037	0.512963	4.886689
41190	-1494.955	-1589.335	94.37993	0.6452049	0.6516068	0.446116	0.553884	5.278371
41196	-1485.964	-1581.554	95.58939	0.4457224	0.5811896	0.470653	0.529347	4.773337
41202	-1484.546	-1578.367	93.82127	0.4938428	0.4396997	0.448718	0.551282	5.85081
41208	-1484.081	-1577.879	93.79793	0.5931117	0.5169484	0.448718	0.551282	5.737092
41214	-1489.969	-1583.87	93.90123	0.5524074	0.5940877	0.45718	0.54282	5.63778
41220	-1488.204	-1582.21	94.00609	0.4766221	0.6059743	0.472577	0.527423	5.612344
41226	-1490.639	-1583.847	93.2074	0.6436007	0.558869	0.399893	0.600107	5.996268
41232	-1476.973	-1572.074	95.1007	0.6744907	0.5507802	0.399893	0.600107	4.943898
41238	-1477.126	-1572.476	95.35003	0.54823	0.4750856	0.400124	0.599876	4.943898
41244	-1481.371	-1575.067	93.69595	0.6756111	0.4656794	0.408405	0.591595	5.794756
41250	-1482.424	-1577.531	95.10771	0.6756111	0.4255327	0.53086	0.46914	5.056715
41256	-1479.126	-1573.891	94.76452	0.6601681	0.6522368	0.53086	0.46914	5.056715
41262	-1473.161	-1568.758	95.59626	0.6262323	0.5110918	0.403139	0.596861	4.729554
41268	-1480.263	-1574.087	93.8237	0.6262323	0.5110918	0.38296	0.61704	5.71003
41274	-1482.418	-1577.022	94.60345	0.6953149	0.5553391	0.403858	0.596142	5.204261
41280	-1484.943	-1579.923	94.98008	0.5990226	0.3928188	0.403858	0.596142	5.204261
41286	-1476.713	-1573.909	97.19592	0.7936572	0.4326841	0.403858	0.596142	3.804793
41292	-1491.834	-1589.093	97.25916	0.9385749	0.591544	0.457458	0.542542	3.53408
41298	-1483.594	-1580.539	96.94471	0.7673946	0.5011196	0.513408	0.486592	3.89598
41304	-1483.004	-1578.205	95.20054	0.6056618	0.7207179	0.342735	0.657265	4.794076
41310	-1480.426	-1576.605	96.17856	0.8045595	0.6542603	0.491808	0.508192	4.181033
41316	-1480.211	-1576.219	96.0073	0.7043965	0.535246	0.491808	0.508192	4.433255
41322	-1486.215	-1581.52	95.30571	0.6096224	0.535246	0.46983	0.53017	4.879379
41328	-1482.39	-1577.312	94.92173	0.7360601	0.4227049	0.46983	0.53017	5.129221
41334	-1486.562	-1582.837	96.27499	0.7163385	0.5948379	0.534966	0.465034	4.224038
41340	-1503.586	-1600.912	97.32601	0.9534875	0.4198142	0.376624	0.623376	3.651093
41346	-1498.04	-1595.283	97.2424	1.065307	0.3301216	0.539721	0.460279	3.739429
41352	-1492.89	-1590.564	97.67333	1.056611	0.7175871	0.56431	0.43569	3.119321
41358	-1501.078	-1599.489	98.41041	1.247164	0.8871328	0.559427	0.440573	2.430729
41364	-1491.357	-1587.647	96.28942	1.023437	0.6759966	0.559427	0.440573	3.976399
41724	-1489.129	-1585.13	96.00128	0.597741	0.5279926	0.475315	0.524685	4.50316
41730	-1486.299	-1581.948	95.6487	0.6114586	0.5947184	0.434162	0.565838	4.636271
41736	-1491.798	-1587.254	95.45663	0.5481254	0.5504144	0.443294	0.556706	4.816326
41742	-1484.877	-1579.695	94.81812	0.5700951	0.5504144	0.468186	0.531814	5.158959
41748	-1480.724	-1576.571	95.84642	0.5945114	0.5856186	0.404652	0.595348	4.542342
41754	-1475.507	-1571.032	95.52532	0.5523942	0.4913173	0.549859	0.450141	4.828632
41760	-1477.325	-1572.589	95.26411	0.6177104	0.6906356	0.414878	0.585122	4.773584
41766	-1488.164	-1582.863	94.69877	0.7993759	0.5062387	0.457598	0.542402	5.137009
41772	-1482.176	-1576.61	94.43403	0.64408	0.8120431	0.551039	0.448961	5.137009
41778	-1484.119	-1579.038	94.9194	0.8470689	0.7414873	0.446273	0.553727	4.801639
41784	-1480.691	-1577.966	97.27591	0.8470689	0.7331059	0.446273	0.553727	3.465602
41790	-1490.785	-1586.898	96.11327	0.8353091	0.7173721	0.587283	0.412717	4.153282
41796	-1485.374	-1581.885	96.51077	0.7410996	0.6317985	0.502593	0.497407	4.04575
41802	-1474.336	-1569.357	95.02148	0.635099	0.516964	0.393081	0.606919	5.039485
41808	-1479.933	-1574.841	94.90844	0.7445373	0.5191948	0.456333	0.543667	5.039485
41814	-1480.479	-1575.831	95.35279	0.7321031	0.7586601	0.477561	0.522439	4.611614
41820	-1486.123	-1581.978	95.85495	0.6681564	0.507321	0.494933	0.505067	4.564573
41826	-1486.31	-1581.739	95.42975	0.8159952	0.517257	0.60447	0.39553	4.710959
41832	-1494.163	-1588.829	94.66634	0.7640855	0.5736901	0.408865	0.591135	5.115943
41838	-1486.168	-1581.343	95.17516	0.7703969	0.5736901	0.410237	0.589763	4.829573
41850	-1484.397	-1582.177	97.78009	1.25873	0.5146895	0.551833	0.448167	3.108647
41856	-1486.211	-1584.194	97.98368	0.9467192	0.5847222	0.383349	0.616651	3.108647
41862	-1478.625	-1574.371	95.74625	0.854795	0.4654305	0.563945	0.436055	4.560467
41868	-1481.209	-1576.825	95.61654	0.854795	0.5456367	0.584531	0.415469	4.559324
41874	-1473.933	-1570.396	96.4635	0.854795	0.6580375	0.333523	0.666477	3.987127
41880	-1473.555	-1568.626	95.07185	0.749547	0.618069	0.429355	0.570645	4.862642
41886	-1488.425	-1584.062	95.63647	0.6807506	0.592477	0.384639	0.615361	4.606118
41892	-1493.524	-1588.552	95.02816	0.3733278	0.4896164	0.428101	0.571899	5.205771
41898	-1495.271	-1589.968	94.69704	0.5271471	0.6035307	0.448537	0.551463	5.205771
41904	-1492.074	-1586.387	94.31342	0.478038	0.6050696	0.55711	0.44289	5.443338
41910	-1484.326	-1580.219	95.89323	0.6455549	0.5987724	0.5857	0.4143	4.476462
41916	-1480.159	-1575.871	95.71225	0.6815259	0.5987724	0.394821	0.605179	4.557987
41922	-1492.215	-1586.677	94.46171	0.6203839	0.5813903	0.437181	0.562819	5.302243
41928	-1486.646	-1581.544	94.89795	0.6974032	0.913832	0.554944	0.445056	4.786177
41934	-1480.113	-1574.352	94.23966	0.6974032	0.7791713	0.464044	0.535956	5.236618
41940	-1482.375	-1576.644	94.26909	0.5690944	0.7753338	0.464044	0.535956	5.293799
41946	-1477.618	-1572.035	94.41672	0.7126617	0.5601522	0.512648	0.487352	5.293799
41952	-1477.936	-1572.375	94.43858	0.626258	0.6035764	0.507147	0.492853	5.293799
41958	-1488.407	-1583.257	94.84926	0.8186456	0.6324198	0.403839	0.596161	4.936827
41970	-1495.486	-1591.785	96.29843	0.5513792	0.5285701	0.444566	0.555434	4.361303
41976	-1491.096	-1586.136	95.03993	0.5847719	0.7498559	0.414701	0.585299	4.874898
41982	-1491.905	-1587.373	95.46797	0.49248	0.4722352	0.491111	0.508889	4.912015
41988	-1495.916	-1589.853	93.93721	0.5270299	0.6364106	0.491111	0.508889	5.598784
42084	-1481.275	-1577.328	96.05269	0.8689313	0.6100446	0.52788	0.47212	4.251059
42090	-1478.277	-1574.448	96.17108	1.01612	0.8396506	0.594569	0.405431	3.933017
42096	-1482.829	-1579.597	96.76798	0.9962022	0.8396506	0.448142	0.551858	3.60034
42102	-1492.864	-1587.209	94.34457	0.6662272	0.6467436	0.472417	0.527583	5.289978
42108	-1478.672	-1572.676	94.00486	0.5684738	0.6401323	0.472148	0.527852	5.536013
42114	-1489.453	-1583.528	94.075	0.5974525	0.5715269	0.471824	0.528176	5.536013
42750	-1481.901	-1577.039	95.13781	0.4854407	0.5622179	0.559867	0.440133	5.018594
42756	-1499.443	-1593.782	94.33945	0.4041011	0.6676167	0.515489	0.484511	5.421684
42930	-1484.628	-1578.795	94.16614	0.6508241	0.5268041	0.465969	0.534031	5.494632
42936	-1481.13	-1576.93	95.80037	0.7511876	0.6830988	0.426836	0.573164	4.403321
42942	-1484.546	-1580.907	96.36132	0.7430996	0.5533243	0.628764	0.371236	4.195215
42948	-1476.72	-1572.335	95.61472	0.6551215	0.5431187	0.631639	0.368361	4.674506
42954	-1480.608	-1577.169	96.56099	0.7878886	0.5487867	0.504851	0.495149	4.060125
42960	-1479.667	-1575.238	95.57099	0.6848233	0.5633081	0.504851	0.495149	4.664947
42966	-1476.548	-1572.273	95.7253	0.589833	0.525244	0.381542	0.618458	4.664947
42972	-1488.244	-1582.754	94.51042	0.5541845	0.525244	0.57352	0.42648	5.359616
42978	-1478.313	-1572.911	94.59892	0.6146225	0.5321885	0.407574	0.592426	5.271324
42984	-1473.671	-1568.555	94.88375	0.6681767	0.5321885	0.463594	0.536406	5.084039
42990	-1496.577	-1594.066	97.48882	0.9467174	0.4806052	0.383406	0.616594	3.497495
42996	-1489.93	-1587.44	97.5105	1.119898	0.7348454	0.380245	0.619755	3.165512
43002	-1478.837	-1576.548	97.71068	1.004512	0.5717922	0.380245	0.619755	3.24779
43008	-1480.897	-1579.423	98.52658	1.15222	0.4472974	0.568471	0.431529	2.792277
43014	-1495.823	-1594.38	98.55769	1.23892	0.5724608	0.547339	0.452661	2.594237
43020	-1481.167	-1575.448	94.28081	0.6352462	0.7104718	0.660897	0.339103	5.295447
43026	-1482.28	-1577.987	95.70779	0.6423567	0.5272926	0.427886	0.572114	4.643501
43032	-1485.528	-1581.183	95.65556	0.6053806	0.5525603	0.427886	0.572114	4.671292
43038	-1481.201	-1575.879	94.67784	0.3908502	0.7571752	0.481213	0.518787	5.178604
43044	-1494.343	-1589.893	95.55061	0.3122103	0.6567314	0.482337	0.517663	4.809517
43050	-1482.628	-1577.56	94.9323	0.5457267	0.5409952	0.482337	0.517663	5.117327
43056	-1486.651	-1580.081	93.42922	0.3912594	0.655188	0.397081	0.602919	5.937046
43062	-1492.456	-1586.285	93.82876	0.5353779	0.623521	0.338873	0.661127	5.663646
43068	-1487.368	-1581.77	94.40219	0.4194813	0.7605743	0.584826	0.415174	5.312824
43074	-1489.615	-1584.629	95.0132	0.5366651	0.5100034	0.584826	0.415174	5.104943
43080	-1492.717	-1588.556	95.83895	0.7847767	0.6279867	0.435036	0.564964	4.405041
43086	-1490.585	-1586.873	96.28843	0.6265807	0.6129067	0.451835	0.548165	4.252479
43092	-1490.446	-1586.048	95.60156	0.6348912	0.5965395	0.399344	0.600656	4.648061
43098	-1481.693	-1576.793	95.10073	0.5945896	0.4635142	0.399344	0.600656	5.067731
43104	-1478.616	-1573.372	94.75602	0.4666725	0.5501488	0.620553	0.379447	5.250743
43110	-1478.434	-1573.707	95.27322	0.6203759	0.5501488	0.478104	0.521896	4.878529
43116	-1481.9	-1578.205	96.30497	0.7110912	0.4137315	0.49586	0.50414	4.37946
43122	-1492.78	-1589.432	96.65222	0.8136365	0.5638364	0.446442	0.553558	3.980143
43128	-1480.398	-1578.6	98.20259	1.126424	0.4817615	0.446442	0.553558	2.967635
43134	-1486.508	-1584.438	97.9301	1.141141	0.5778611	0.447882	0.552118	3.030614
43140	-1472.506	-1569.162	96.65649	0.7677624	0.4795392	0.441954	0.558046	4.081215
43146	-1481.501	-1577.464	95.96244	0.8261182	0.4631627	0.539157	0.460843	4.457236
43152	-1480.309	-1577.016	96.70692	0.837655	0.4628706	0.469987	0.530013	4.028977
43158	-1476.261	-1572.235	95.97423	0.8683132	0.6199495	0.470555	0.529445	4.287829
43164	-1481.951	-1577.91	95.95846	0.9395009	0.7626703	0.559071	0.440929	4.149873
43272	-1492.261	-1590.405	98.14374	0.8510639	0.468776	0.397746	0.602254	3.180497
43278	-1488.538	-1584.993	96.4549	0.8029336	0.5156563	0.52251	0.47749	4.141831
43284	-1491.255	-1586.139	94.88474	0.4560209	0.790212	0.496085	0.503915	5.005598
43290	-1487.317	-1582.813	95.49535	0.7642416	0.6420449	0.630091	0.369909	4.598822
43296	-1488.159	-1584.053	95.89442	0.6068302	0.5306815	0.439687	0.560313	4.555711
43302	-1482.932	-1579.372	96.43999	0.7463336	0.4751082	0.439687	0.560313	4.220778
43308	-1478.437	-1573.812	95.37559	0.6752298	0.5279071	0.5286	0.4714	4.810322
43314	-1485.165	-1580.048	94.88294	0.6254628	0.5279071	0.460649	0.539351	5.111937
43320	-1481.111	-1576.967	95.85594	0.686151	0.4134177	0.460649	0.539351	4.646315
43326	-1481.667	-1574.913	93.24545	0.595651	0.6380134	0.505952	0.494048	5.938709
43332	-1479.725	-1574.004	94.27875	0.5826213	0.5324545	0.553658	0.446342	5.465261
43338	-1480.93	-1576.258	95.32722	0.8098486	0.4121859	0.435695	0.564305	4.873896
43344	-1484.021	-1581.524	97.50334	1.00937	0.6500625	0.513263	0.486737	3.300935
43350	-1478.239	-1574.107	95.86825	0.920403	0.4179429	0.454694	0.545306	4.503138
43356	-1488.04	-1583.401	95.36104	0.9707153	0.833148	0.495514	0.504486	4.423181
43362	-1485.358	-1583.001	97.64288	1.279601	0.8205493	0.418852	0.581148	2.928971
43368	-1486.174	-1583.782	97.60792	1.068098	0.6631528	0.457513	0.542487	3.193877
43374	-1503.575	-1599.901	96.3252	0.8367221	0.6030242	0.457513	0.542487	4.120356
43392	-1487.114	-1582.516	95.40245	0.7010173	0.767929	0.408198	0.591802	4.594843
43398	-1499.814	-1595.349	95.53458	0.56203	0.6608637	0.535263	0.464737	4.675707
43404	-1487.727	-1583.605	95.87805	0.8804193	0.5906167	0.541539	0.458461	4.359328
43410	-1486.341	-1581.718	95.37709	0.6412769	0.6770228	0.419794	0.580206	4.707331
43416	-1492.296	-1587.682	95.38584	0.7567994	0.5883219	0.424589	0.575411	4.707331
43422	-1488.822	-1585.69	96.86772	0.7782385	0.5323867	0.526442	0.473558	3.904935
43428	-1486.85	-1585.064	98.21362	0.9386238	0.5237955	0.545829	0.454171	3.032143
43434	-1496.224	-1591.218	94.99416	0.410472	0.6315136	0.46221	0.53779	5.083764
43440	-1497.912	-1592.262	94.35004	0.4934736	0.6604719	0.557673	0.442327	5.371923
43446	-1495.784	-1590.085	94.30107	0.7461177	0.5221804	0.454757	0.545243	5.371923
43452	-1491.67	-1586.629	94.9585	0.535148	0.4306453	0.477448	0.522552	5.211969
43458	-1486.613	-1581.413	94.80032	0.6496694	0.4549156	0.36253	0.63747	5.211969
43464	-1491.305	-1586.167	94.86222	0.631477	0.6504739	0.445093	0.554907	5.019747
43470	-1484.527	-1580.885	96.35712	0.7022825	0.6504739	0.529763	0.470237	4.140627
43476	-1487.935	-1583.673	95.73758	0.7022825	0.6270889	0.500615	0.499385	4.509303
43482	-1501.172	-1598.954	97.78157	0.9206584	0.5509214	0.411436	0.588564	3.274234
43488	-1492.355	-1588.26	95.90509	0.9036776	0.7415239	0.504317	0.495683	4.215358
43494	-1479.607	-1577.04	97.43287	0.9036776	0.6513489	0.499811	0.500189	3.403425
43500	-1483.945	-1581.198	97.25288	1.044291	0.79786	0.431112	0.568888	3.317128
43506	-1471.834	-1566.52	94.68623	0.6054857	0.783309	0.676015	0.323985	5.037411
43512	-1474.352	-1567.876	93.52415	0.6293181	0.5457219	0.410413	0.589587	5.842152
43518	-1480.195	-1575.484	95.28981	0.649218	0.7980409	0.556526	0.443474	4.666775
43530	-1491.46	-1586.445	94.98478	0.5561162	0.5704604	0.561084	0.438916	5.057379
43536	-1479.8	-1574.091	94.29082	0.6326585	0.5276315	0.479669	0.520331	5.435286
43542	-1477.873	-1571.972	94.09916	0.7625642	0.567428	0.452556	0.547444	5.435286
43548	-1481.937	-1577.08	95.14265	0.5624212	0.6205197	0.405995	0.594005	4.925482
43554	-1480.558	-1576.415	95.85702	0.7220161	0.5873805	0.480814	0.519186	4.463203
43560	-1473.632	-1570.266	96.63404	0.8598522	0.6543983	0.495611	0.504389	3.889403
43566	-1470.685	-1565.385	94.70068	0.6308618	0.6446415	0.466108	0.533892	5.114155
43572	-1476.408	-1570.755	94.34729	0.5626623	0.534206	0.421222	0.578778	5.436993
43578	-1485.589	-1581.226	95.63634	0.8146642	0.5833325	0.439124	0.560876	4.538585
43584	-1489.348	-1583.973	94.62466	0.6009002	0.6629175	0.53681	0.46319	5.159022
43590	-1477.737	-1572.287	94.55006	0.7625305	0.5560865	0.546021	0.453979	5.195978
43596	-1483.444	-1578.397	94.95285	0.6698738	0.5738836	0.450206	0.549794	5.009096
43602	-1484.606	-1579.871	95.26515	0.7077659	0.7522017	0.474061	0.525939	4.678809
43608	-1476.939	-1572.904	95.96485	0.8037228	0.6631022	0.550002	0.449998	4.295842
43614	-1490.979	-1586.98	96.00069	0.8037228	0.6186811	0.427232	0.572768	4.310426
43620	-1493.487	-1588.648	95.16087	0.7877488	0.5228546	0.511109	0.488891	4.871805
43626	-1493.749	-1590.841	97.09141	0.7578365	0.5033388	0.467924	0.532076	3.815088
43650	-1493.753	-1587.497	93.74421	0.5837733	0.6631068	0.514178	0.485822	5.65344
43656	-1478.38	-1574.37	95.99002	0.7528201	0.6367964	0.436217	0.563783	4.330822
43662	-1483.929	-1578.296	94.36698	0.7559817	0.6397813	0.436471	0.563529	5.233329
43668	-1493.588	-1588.769	95.18078	0.8708722	0.6088898	0.478055	0.521945	4.74146
43674	-1492.204	-1587.808	95.60394	0.8822257	0.6088898	0.598519	0.401481	4.49783
43680	-1483.98	-1580.582	96.6023	0.8822257	0.5614758	0.334873	0.665127	3.97152
43686	-1486.241	-1583.251	97.00941	1.005541	0.6023466	0.423071	0.576929	3.631135
43692	-1490.229	-1585.996	95.76726	0.5679803	0.4822857	0.522704	0.477296	4.693257
43698	-1499.139	-1593.411	94.27167	0.5181863	0.4860636	0.486839	0.513161	5.546253
43710	-1496.711	-1591.187	94.47569	0.6224398	0.6748549	0.423452	0.576548	5.220649
43716	-1488.552	-1585.221	96.66927	0.8432929	0.5559732	0.490774	0.509226	3.960297
43722	-1492.304	-1586.976	94.67189	0.63519	0.3984302	0.556858	0.443142	5.348494
43728	-1485.854	-1581.818	95.96369	0.641586	0.5625217	0.651736	0.348264	4.469401
43734	-1476.369	-1571.755	95.38605	0.8226611	0.4718541	0.290642	0.709358	4.773954
43740	-1468.559	-1565.331	96.77146	0.9417968	0.8059629	0.566857	0.433143	3.652459
43746	-1487.42	-1582.128	94.7082	1.108936	0.4129541	0.563961	0.436039	5.050983
43752	-1483.288	-1580.787	97.49837	1.152239	0.6570549	0.538648	0.461352	3.213836
43758	-1484.572	-1579.1	94.52733	0.8393915	0.6604807	0.489712	0.510288	5.082634
43764	-1492.476	-1586.349	93.87336	0.6264002	0.77437	0.485208	0.514792	5.480966
43770	-1484.054	-1577.852	93.79756	0.6008578	0.861596	0.547549	0.452451	5.480966
43776	-1479.16	-1574.984	95.82455	0.6832994	0.4895382	0.538991	0.461009	4.589676
43782	-1473.027	-1567.676	94.64818	0.6864392	0.7471107	0.498115	0.501885	5.038102
43788	-1481.103	-1576.965	95.86207	0.6232412	0.6394695	0.553529	0.446471	4.473989
43794	-1487.724	-1583.378	95.6542	0.7111933	0.518776	0.461405	0.538595	4.642601
43800	-1481.423	-1578.223	96.79968	0.7850004	0.4729125	0.461405	0.538595	3.996136
43806	-1488.16	-1584.202	96.04173	0.8052733	0.6950248	0.545175	0.454825	4.227355
43812	-1484.716	-1581.187	96.47103	0.895457	0.7244413	0.482484	0.517516	3.909594
43818	-1485.759	-1581.576	95.81721	0.7907387	0.7636601	0.405253	0.594747	4.313626
43824	-1473.244	-1569.06	95.8155	0.5831427	0.4900142	0.493247	0.506753	4.650459
43830	-1483.282	-1578.763	95.48114	0.7857831	0.4596155	0.453201	0.546799	4.753309
43836	-1483.626	-1577.907	94.28136	0.4579949	0.6508237	0.453201	0.546799	5.436566
43842	-1493.103	-1586.93	93.82688	0.4579949	0.6259785	0.453201	0.546799	5.705195
43848	-1507.004	-1600.836	93.83282	0.5012625	0.4495297	0.436656	0.563344	5.830795
43962	-1490.553	-1586.595	96.04219	0.9320305	0.731994	0.461114	0.538886	4.128151
43968	-1478.169	-1573.23	95.06071	0.8527578	0.7960839	0.512729	0.487271	4.682383
43974	-1482.6	-1580.138	97.53869	1.097784	0.7960839	0.420588	0.579412	3.11749
43980	-1477.348	-1574.63	97.28115	0.9338996	0.8274942	0.475918	0.524082	3.3451
43986	-1478.646	-1576.476	97.82984	0.9720495	0.6811169	0.475918	0.524082	3.104757
43992	-1485.252	-1581.583	96.33128	0.9207343	0.6208159	0.348059	0.651941	4.054503
43998	-1485.749	-1581.979	96.23009	0.8133903	0.5601906	0.51354	0.48646	4.223821
44004	-1487.759	-1581.637	93.87784	0.5199877	0.5394896	0.495964	0.504036	5.713723
44022	-1491.452	-1587.309	95.85687	0.7062265	0.4548598	0.453383	0.546617	4.592163
44028	-1488.969	-1584.577	95.60804	0.7022186	0.4080942	0.351169	0.648831	4.781625
44034	-1482.958	-1577.722	94.764	0.8111465	0.5405836	0.443009	0.556991	5.063835
44040	-1481.173	-1575.478	94.30521	0.4939807	0.5816073	0.443009	0.556991	5.458007
44046	-1490.27	-1585.063	94.79337	0.5737053	0.5491265	0.443009	0.556991	5.171762
44052	-1484.094	-1579.84	95.74598	0.6308456	0.627207	0.44588	0.55412	4.544642
44058	-1477.339	-1574.717	97.37762	0.7809412	0.5679575	0.44588	0.55412	3.577319
44064	-1480.748	-1578.192	97.44435	0.9728191	0.7450595	0.44588	0.55412	3.284139
44070	-1482.837	-1578.701	95.86392	0.8916401	0.5922774	0.440024	0.559976	4.359591
44076	-1475.104	-1571.421	96.3169	0.8391511	0.4942794	0.529401	0.470599	4.219573
44082	-1480.076	-1575.202	95.1266	0.4290502	0.5684081	0.445287	0.554713	5.050908
44088	-1492.522	-1584.848	92.32603	0.2497358	0.6240981	0.444367	0.555633	6.636697
44094	-1475.674	-1570.489	94.81548	0.3993425	0.6001599	0.496315	0.503685	5.213656
44100	-1488.469	-1583.14	94.67084	0.4205715	0.6066531	0.335735	0.664265	5.276666
44106	-1494.124	-1588.848	94.72499	0.6219865	0.6285483	0.543466	0.456534	5.118033
44112	-1483.472	-1578.236	94.76419	0.7404377	0.5233811	0.543466	0.456534	5.118033
44118	-1488.546	-1583.799	95.25223	0.7318542	0.6629516	0.573853	0.426147	4.737072
44124	-1491.885	-1587.453	95.56803	0.6411184	0.4839291	0.530069	0.469931	4.762201
44130	-1484.996	-1579.885	94.88964	0.7119341	0.508251	0.445538	0.554462	5.077858
44136	-1480.634	-1573.997	93.36329	0.5346149	0.6173632	0.411138	0.588862	5.923568
44142	-1482.733	-1576.221	93.48753	0.5141132	0.4853592	0.448447	0.551553	5.978473
44148	-1480.47	-1573.716	93.24622	0.4703485	0.6658432	0.448447	0.551553	5.985868
44154	-1478.924	-1572.454	93.52947	0.3952978	0.5238932	0.448447	0.551553	5.985868
44160	-1485.817	-1579.089	93.27172	0.6530492	0.5238932	0.348478	0.651522	5.985868
44166	-1483.719	-1577.912	94.19336	0.4228298	0.5713166	0.535431	0.464569	5.567102
44172	-1485.922	-1579.203	93.28147	0.4523751	0.6838892	0.519763	0.480237	5.963286
44178	-1487.52	-1580.789	93.26877	0.4523751	0.6935322	0.40319	0.59681	5.963286
44184	-1492.149	-1585.864	93.71571	0.3886642	0.5538665	0.419789	0.580211	5.862103
44190	-1478.383	-1573.414	95.03113	0.6253223	0.4718794	0.579616	0.420384	5.081255
44196	-1475.204	-1570.014	94.8101	0.5727177	0.6357801	0.447448	0.552552	5.092552
44202	-1476.607	-1569.64	93.03319	0.604342	0.5788322	0.511534	0.488466	6.096193
44208	-1478.339	-1571.549	93.21003	0.4790139	0.5543202	0.607665	0.392335	6.088356
44214	-1481.851	-1575.953	94.10189	0.6827769	0.6353084	0.555984	0.444016	5.42343
44220	-1475.6	-1570.101	94.50106	0.6612268	0.5064898	0.585816	0.414184	5.322466
44226	-1484.527	-1579.084	94.55712	0.499869	0.5736664	0.550307	0.449693	5.322466
44232	-1480.095	-1574.661	94.56695	0.572196	0.4437456	0.532044	0.467956	5.394551
44238	-1483.182	-1578.086	94.90434	0.5717314	0.6244206	0.532044	0.467956	5.049669
44244	-1488.114	-1582.741	94.62734	0.6593474	0.4238877	0.480299	0.519701	5.333169
44250	-1482.112	-1576.542	94.43052	0.4468989	0.4593912	0.515341	0.484659	5.523332
44256	-1483.793	-1578.215	94.42207	0.3368818	0.5304663	0.439746	0.560254	5.523332
44262	-1470.596	-1565.416	94.82086	0.7036602	0.5244942	0.490866	0.509134	5.106024
44268	-1483.885	-1579.552	95.66635	0.8151558	0.4698198	0.490866	0.509134	4.623279
44274	-1486.774	-1581.152	94.37865	0.8392098	0.5410251	0.4769	0.5231	5.261254
44280	-1483.206	-1579.734	96.52729	0.9520042	0.63592	0.506968	0.493032	3.912401
44286	-1484.639	-1581.958	97.3188	0.9520042	0.63592	0.609603	0.390397	3.454392
44292	-1488.122	-1585.08	96.95783	1.076127	0.7285759	0.477722	0.522278	3.520878
44298	-1490.197	-1586.781	96.58427	0.9132444	0.5859635	0.475564	0.524436	3.943053
44304	-1487.17	-1583.285	96.1151	0.8801938	0.5660269	0.497938	0.502062	4.246109
44310	-1481.013	-1577.097	96.08374	0.8250735	0.5455491	0.57431	0.42569	4.312864
44316	-1485.238	-1581.793	96.55456	0.8250735	0.848177	0.489838	0.510162	3.816991
44322	-1480.838	-1576.215	95.37764	0.8250735	0.8712636	0.442772	0.557228	4.471682
44328	-1480.294	-1576.915	96.62079	1.155104	0.6884859	0.464178	0.535822	3.700672
44334	-1490.15	-1587.28	97.12981	0.9294944	0.4962781	0.461551	0.538449	3.700672
44340	-1483.729	-1582.228	98.49824	0.9909879	0.5350915	0.46069	0.53931	2.818072
44346	-1492.333	-1590.612	98.27932	0.9256339	0.6707727	0.344569	0.655431	2.870987
44352	-1485.032	-1582.107	97.07501	1.148933	0.8181134	0.466556	0.533444	3.346244
44358	-1491.728	-1589.145	97.41694	1.184109	0.5671968	0.466556	0.533444	3.319203
44364	-1496.39	-1593.412	97.02235	0.9064408	0.5720493	0.44415	0.55585	3.706913
44370	-1491.253	-1588.499	97.24572	0.6910113	0.5117798	0.44415	0.55585	3.756736
44376	-1485.487	-1582.637	97.14997	0.8184829	0.4645184	0.398076	0.601924	3.784271
44382	-1492.331	-1589.431	97.09977	1.026632	0.9818077	0.47745	0.52255	3.299241
44388	-1491.3	-1587.343	96.04367	0.9401769	0.6958741	0.580103	0.419897	4.149029
44394	-1490.047	-1585.328	95.28131	0.8400221	0.6496161	0.398333	0.601667	4.67046
44400	-1489.212	-1585.544	96.33266	0.9467861	0.5272804	0.395079	0.604921	4.118923
44406	-1497.955	-1593.339	95.38379	0.7369824	0.6150868	0.395171	0.604829	4.697839
44412	-1487.124	-1582.469	95.3457	0.6314014	0.6150868	0.457184	0.542816	4.77815
44418	-1494.187	-1589.41	95.22283	0.7464309	0.5228927	0.457184	0.542816	4.860269
44472	-1498.176	-1595.37	97.19378	0.9417911	0.5365441	0.470453	0.529547	3.6188
44478	-1500.798	-1596.91	96.11167	0.88424	0.6183191	0.492669	0.507331	4.20222
44490	-1492.672	-1588	95.32872	0.7705289	0.7389195	0.491	0.509	4.617282
44496	-1497.813	-1593.126	95.31342	0.7705289	0.6006456	0.532399	0.467601	4.730069
44502	-1496.157	-1590.41	94.25317	0.6934902	0.5032771	0.474522	0.525478	5.44423
44508	-1502.002	-1596.629	94.62664	0.6900997	0.6609258	0.450095	0.549905	5.110009
44514	-1494.379	-1589.733	95.35378	0.5851872	0.6609258	0.387794	0.612206	4.763818
44520	-1492.922	-1586.69	93.76749	0.6002406	0.6333654	0.613601	0.386399	5.65408
44526	-1486.677	-1580.673	93.99578	0.5773661	0.4982143	0.423625	0.576375	5.65408
44532	-1493.729	-1588.852	95.1231	0.5917986	0.7695913	0.582294	0.417706	4.811117
44538	-1483.965	-1578.057	94.09214	0.6529473	0.6674398	0.52816	0.47184	5.42097
44544	-1489.222	-1583.535	94.31282	0.6574921	0.6674398	0.39232	0.60768	5.29677
44550	-1488.951	-1584.078	95.12707	0.7386899	0.4965407	0.432112	0.567888	4.941843
44556	-1481.569	-1576.164	94.59515	0.578999	0.7315788	0.51983	0.48017	5.137852
44562	-1486.763	-1581.053	94.29002	0.578999	0.6417438	0.592844	0.407156	5.372017
44568	-1487.738	-1582.701	94.96256	0.6486979	0.6476186	0.542357	0.457643	4.956598
44574	-1496.626	-1591.918	95.29221	0.5014893	0.5244738	0.463006	0.536994	4.956598
44580	-1494.457	-1588.802	94.3444	0.3882407	0.702967	0.44863	0.55137	5.40196
44586	-1498.91	-1592.888	93.97835	0.4423619	0.5990334	0.441869	0.558131	5.651886
44592	-1493.599	-1588.298	94.69878	0.5663833	0.6313002	0.562935	0.437065	5.161205
44598	-1488.864	-1583.734	94.86999	0.7232959	0.5986865	0.469439	0.530561	5.005083
44604	-1494.485	-1590.047	95.56236	0.768616	0.5593048	0.520012	0.479988	4.626254
44610	-1486.408	-1581	94.59137	0.5715547	0.5593048	0.520602	0.479398	5.275986
44616	-1509.174	-1604.589	95.41488	0.7738079	0.691233	0.539101	0.460899	4.60139
44640	-1497.916	-1592.946	95.0308	0.3088415	0.6571415	0.514418	0.485582	5.100163
44646	-1500.715	-1595.537	94.82154	0.5986191	0.4915199	0.56016	0.43984	5.19368
44862	-1486.805	-1582.254	95.44885	0.6872238	0.4828191	0.536668	0.463332	4.804053
44868	-1487.703	-1583.048	95.34489	0.7911828	0.4828191	0.466164	0.533836	4.804053
44940	-1484.474	-1579.192	94.71811	0.6217457	0.546691	0.513572	0.486428	5.188918
44946	-1481.123	-1576	94.87762	0.5941413	0.546691	0.531959	0.468041	5.115879
45252	-1487.186	-1582.419	95.23287	0.6254019	0.4973786	0.481723	0.518277	4.945232
45258	-1493.908	-1588.635	94.72636	0.6134693	0.6739174	0.37826	0.62174	5.08751
45264	-1488.704	-1584.923	96.21918	0.8364515	0.7951861	0.579078	0.420922	4.037778
45270	-1481.48	-1579.229	97.74909	0.8373295	0.5370064	0.463836	0.536164	3.355194
45276	-1483.307	-1580.606	97.29875	0.8057043	0.6124934	0.424353	0.575647	3.570679
45282	-1487.58	-1585.103	97.52252	0.8676054	0.6186466	0.440583	0.559417	3.39878
45288	-1486.162	-1581.449	95.28703	0.8271384	0.5980129	0.601982	0.398018	4.715312
45462	-1496.819	-1589.562	92.74316	0.4484392	0.555514	0.407774	0.592226	6.357811
45468	-1483.735	-1578.639	94.90402	0.391364	0.4430199	0.487421	0.512579	5.309103
45474	-1475.396	-1570.035	94.63913	0.5395928	0.5001504	0.487421	0.512579	5.319153
45480	-1470.175	-1565.101	94.92641	0.541483	0.494686	0.376166	0.623834	5.164333
45486	-1479.789	-1573.845	94.05543	0.4252959	0.4474169	0.496535	0.503465	5.75261
45492	-1483.179	-1576.417	93.23778	0.4103038	0.4881655	0.427335	0.572665	6.16854
45498	-1494.078	-1587.46	93.38214	0.6639134	0.6571568	0.457647	0.542353	5.812302
45570	-1497.208	-1592.3	95.09211	0.4950756	0.4926766	0.373662	0.626338	5.100106
45576	-1491.427	-1586.887	95.46013	0.6789432	0.4926766	0.427133	0.572867	4.793122
45690	-1492.182	-1587.498	95.31577	0.6632077	0.5862212	0.466218	0.533782	4.800517
45696	-1495.108	-1590.534	95.42612	0.5528527	0.5862212	0.484746	0.515254	4.800517
45870	-1481.111	-1574.66	93.549	0.5635666	0.5936218	0.389393	0.610607	5.82499
45876	-1484.398	-1579.633	95.23549	0.4005196	0.5465087	0.512652	0.487348	5.024927
45882	-1486.248	-1581.187	94.93928	0.6322303	0.5891577	0.486953	0.513047	5.024927
45888	-1478.492	-1572.452	93.9605	0.6322303	0.5104485	0.517327	0.482673	5.632303
46014	-1494.695	-1590.803	96.10829	0.7444067	0.431912	0.378376	0.621624	4.452544
46092	-1483.797	-1578.851	95.0542	0.6638815	0.6676512	0.420709	0.579291	4.881969
46098	-1489.38	-1584.854	95.47365	0.5973757	0.6098003	0.464862	0.535138	4.729897
46152	-1481.069	-1575.895	94.82613	0.6519213	0.7324969	0.492135	0.507865	4.96857
46158	-1483.469	-1577.057	93.58777	0.4697378	0.5458182	0.351143	0.648857	5.894521
46164	-1485.03	-1577.937	92.90711	0.3903257	0.5137793	0.553021	0.446979	6.336116
46170	-1492.297	-1586.313	94.01552	0.4052416	0.7460735	0.599599	0.400401	5.543473
46176	-1486.534	-1581.004	94.46987	0.5568545	0.6475355	0.445496	0.554504	5.28058
46182	-1482.415	-1577.937	95.52134	0.7459056	0.6007065	0.486789	0.513211	4.627404
46188	-1477.613	-1573.268	95.65458	0.6777839	0.4220566	0.558632	0.441368	4.754619
46194	-1489.183	-1584.946	95.76266	0.6040687	0.4686528	0.395666	0.604334	4.6887
46200	-1486.764	-1582.527	95.76266	0.6040687	0.4686528	0.61445	0.38555	4.6887
46206	-1478.098	-1572.69	94.59184	0.5447828	0.5324753	0.506864	0.493136	5.313542
46212	-1484.707	-1579.603	94.89583	0.8104434	0.6971771	0.448939	0.551061	4.866739
46218	-1488.854	-1584.321	95.46762	0.9122266	0.6231851	0.372677	0.627323	4.54613
46224	-1481.756	-1578.69	96.93383	0.8283584	0.5147488	0.401701	0.598299	3.854433
46230	-1483.125	-1579.08	95.95499	0.9261505	0.7643974	0.470994	0.529006	4.158239
46236	-1482.832	-1580.684	97.85228	0.9828815	0.569989	0.628798	0.371202	3.17836
46242	-1490.687	-1587.624	96.93709	1.2158	0.8493676	0.434066	0.565934	3.366964
46248	-1487.802	-1584.928	97.1257	1.190607	0.6955794	0.383996	0.616004	3.380578
46254	-1492.252	-1588.212	95.95938	1.0079	0.6187405	0.473277	0.526723	4.218127
46272	-1483.462	-1578.205	94.74309	0.6529393	0.661851	0.382444	0.617556	5.065347
46278	-1488.27	-1583.593	95.32331	0.721004	0.5426727	0.366335	0.633665	4.800965
46284	-1486.041	-1579.526	93.48499	0.5614305	0.5426727	0.331015	0.668985	5.903251
46290	-1483.407	-1579.075	95.66832	0.5198425	0.5503946	0.4496	0.5504	4.713889
46296	-1489.794	-1584.965	95.1711	0.805304	0.4812886	0.468821	0.531179	4.894514
46302	-1487.022	-1582.27	95.24768	0.62292	0.7818938	0.468821	0.531179	4.715835
46308	-1492.061	-1589.225	97.16477	0.7915523	0.6033675	0.468821	0.531179	3.664253
46314	-1485.658	-1581.918	96.25997	0.7657236	0.4111622	0.380827	0.619173	4.376764
46320	-1486.479	-1582.692	96.21223	0.7542818	0.5308256	0.55777	0.44223	4.293304
46326	-1479.342	-1574.136	94.79333	0.6085864	0.5151191	0.484333	0.515667	5.182279
46332	-1479.652	-1576.015	96.36339	0.9877045	0.7414274	0.452889	0.547111	3.906163
46338	-1474.965	-1571.127	96.16184	0.8702744	0.6699704	0.478852	0.521148	4.141095
46344	-1473.942	-1568.327	94.38499	0.8702744	0.7409889	0.478852	0.521148	5.086356
46350	-1484.782	-1580.127	95.34548	0.7877126	0.5063268	0.486957	0.513043	4.783798
46356	-1488.251	-1581.374	93.12273	0.7891055	0.6853579	0.297414	0.702586	5.865007
46362	-1476.862	-1573.923	97.06087	1.040528	0.6147645	0.568596	0.431404	3.570567
46368	-1478.849	-1577.152	98.30274	1.061078	0.5958666	0.521755	0.478245	2.838235
46374	-1478.595	-1575.449	96.85458	0.7715827	0.5958666	0.521755	0.478245	3.860927
46380	-1488.898	-1582.587	93.68898	0.5802778	0.7175539	0.410843	0.589157	5.646386
46386	-1484.313	-1577.641	93.32835	0.4460568	0.6829325	0.487143	0.512857	5.941832
46392	-1487.548	-1583.391	95.84316	0.5744565	0.4792486	0.52643	0.47357	4.650022
46398	-1495.071	-1589.818	94.74717	0.6410654	0.4792486	0.593392	0.406608	5.222792
46404	-1483.298	-1577.444	94.14582	0.6410654	0.5692776	0.560909	0.439091	5.474944
46410	-1488.45	-1583.435	94.98466	0.7694071	0.5692776	0.560909	0.439091	4.939936
46416	-1490.767	-1586.104	95.33737	0.7794103	0.6925509	0.437852	0.562148	4.640736
46422	-1480.535	-1574.037	93.50217	0.5034229	0.508037	0.455584	0.544416	5.955758
46428	-1482.711	-1578.198	95.48704	0.6296963	0.6800469	0.524739	0.475261	4.650011
46434	-1486.872	-1581.475	94.60241	0.649176	0.6649544	0.412863	0.587137	5.143084
46440	-1485.066	-1580.083	95.01646	0.5798426	0.4426585	0.541401	0.458599	5.143084
46446	-1501.195	-1595.531	94.33681	0.4589924	0.809818	0.333034	0.666966	5.294571
46452	-1486.403	-1581.615	95.21257	0.5718583	0.5345373	0.570024	0.429976	4.952864
46458	-1483.098	-1576.352	93.25354	0.6222083	0.5570592	0.412148	0.587852	5.984281
46854	-1486.324	-1581.732	95.4083	0.6398587	0.6465694	0.427141	0.572859	4.713755
46860	-1480.917	-1575.908	94.99105	0.5476268	0.5581635	0.344447	0.655553	5.068971
46866	-1489.061	-1584.143	95.0822	0.5217069	0.4913096	0.389164	0.610836	5.092104
46872	-1488.973	-1582.553	93.57949	0.5234814	0.5766826	0.432864	0.567136	5.843951
46878	-1483.872	-1578.847	94.97509	0.5344824	0.7569948	0.432864	0.567136	4.934094
46884	-1480.017	-1574.481	94.46451	0.3996052	0.7131302	0.597351	0.402649	5.322229
46890	-1476.07	-1570.628	94.55797	0.4482471	0.5426622	0.547292	0.452708	5.376646
46896	-1478.544	-1572.912	94.36828	0.4942202	0.640388	0.426862	0.573138	5.376646
46902	-1487.596	-1581.734	94.13797	0.5057893	0.8126176	0.588953	0.411047	5.376646
46908	-1479.708	-1571.901	92.19321	0.4621716	0.8126176	0.568756	0.431244	6.462842
46914	-1483.918	-1579.657	95.7386	0.6969131	0.6223646	0.507333	0.492667	4.515497
46920	-1482.317	-1578.143	95.82584	0.8077461	0.6458383	0.419416	0.580584	4.385449
46926	-1480.744	-1574.543	93.79878	0.5680365	0.6425768	0.502172	0.497828	5.647552
46932	-1503.293	-1599.611	96.31748	0.9413859	0.7016645	0.257945	0.742055	3.987951
46938	-1497.721	-1593.9	96.17909	0.8779414	0.5813934	0.597327	0.402673	4.198008
46944	-1491.64	-1585.888	94.24721	0.6080514	1.120816	0.597327	0.402673	5.084018
46950	-1480.115	-1574.016	93.90096	0.6527058	0.6064757	0.488726	0.511274	5.572988
46956	-1479.868	-1574.002	94.13392	0.5584121	0.643077	0.487509	0.512491	5.468323
46962	-1490.05	-1584.343	94.29272	0.6516795	0.478497	0.552894	0.447106	5.468323
46968	-1487.855	-1582.969	95.11417	0.495079	0.550384	0.541772	0.458228	5.036448
46974	-1491.927	-1586.163	94.23678	0.3894226	0.5904772	0.612069	0.387931	5.545938
46980	-1484.38	-1578.739	94.35909	0.737366	0.7470135	0.49668	0.50332	5.170183
46986	-1493.346	-1588.467	95.12084	0.8246697	0.6353474	0.384036	0.615964	4.779816
46992	-1486.182	-1582.715	96.53316	0.9620703	0.8490761	0.384036	0.615964	3.749805
46998	-1488.984	-1584.733	95.74914	0.9356182	0.4842494	0.488069	0.511931	4.495287
47004	-1484.654	-1580.639	95.98461	1.088155	0.8575465	0.388496	0.611504	3.986931
47010	-1481.209	-1578.757	97.54757	0.8952954	0.6259845	0.506663	0.493337	3.361735
47016	-1481.153	-1576.06	94.90632	0.8716559	1.109242	0.457793	0.542207	4.575273
47022	-1487.086	-1581.723	94.63649	0.6177936	0.7086405	0.402159	0.597841	5.109652
47028	-1479.931	-1574.427	94.49583	0.6880543	0.7647786	0.623324	0.376676	5.109652
47034	-1483.405	-1579.453	96.04808	0.6693687	0.5217741	0.439828	0.560172	4.442091
47040	-1478.472	-1573.505	95.03278	0.8574134	0.6623738	0.439828	0.560172	4.789961
47046	-1484.327	-1577.063	92.73595	0.5864662	0.6076154	0.439828	0.560172	6.244688
47052	-1494.566	-1589.227	94.66148	0.6225888	0.6040057	0.364758	0.635242	5.172257
47058	-1487.699	-1581.065	93.36619	0.5853416	0.517382	0.445998	0.554002	5.976976
47124	-1481.71	-1576.426	94.71557	0.6010323	0.5189208	0.533468	0.466532	5.226076
47130	-1483.686	-1578.049	94.36226	0.6018126	0.5189208	0.533468	0.466532	5.420613
47136	-1492.722	-1586.14	93.41852	0.5568402	0.590514	0.413824	0.586176	5.902482
47394	-1494.908	-1589.902	94.99435	0.4108411	0.5664294	0.432178	0.567822	5.13599
47400	-1488.285	-1581.928	93.64325	0.4543152	0.624871	0.507177	0.492823	5.808613
47406	-1482.636	-1578.055	95.41942	0.5648172	0.6698275	0.37536	0.62464	4.731807
47412	-1479.293	-1574.642	95.34977	0.5663806	0.7219141	0.506543	0.493457	4.731807
47418	-1488.078	-1580.724	92.64668	0.6525849	0.6598674	0.366026	0.633974	6.217551
47424	-1482.72	-1578.644	95.92403	0.6879172	0.4940789	0.415722	0.584278	4.526953
47430	-1482.914	-1578.583	95.66882	0.4345214	0.6100335	0.579694	0.420306	4.711637
47436	-1490.354	-1586.243	95.88886	0.7855252	0.6100335	0.443615	0.556385	4.390865
48030	-1486.054	-1581.657	95.60263	0.5301876	0.4821893	0.496509	0.503491	4.806468
48036	-1477.665	-1572.119	94.45428	0.5417818	0.6470389	0.608165	0.391835	5.297889
48042	-1479.598	-1575.58	95.98181	0.7793597	0.5578386	0.505054	0.494946	4.385563
48048	-1476.165	-1571.784	95.61827	0.7812055	0.6636538	0.584273	0.415727	4.503636
48054	-1491.917	-1587.341	95.42398	0.7812055	0.818992	0.385614	0.614386	4.503636
48060	-1499.719	-1592.577	92.85779	0.7221405	0.6757782	0.479472	0.520528	6.053108
48066	-1498.424	-1591.318	92.89365	0.5727765	0.4772747	0.445159	0.554841	6.277335
48072	-1498.397	-1591.34	92.94258	0.5524645	0.6746747	0.315529	0.684471	6.100159
48078	-1475.586	-1571.119	95.53335	0.7553046	0.4177513	0.451672	0.548328	4.783513
48084	-1469.342	-1564.739	95.39752	0.7553046	0.6347801	0.451672	0.548328	4.664328
48090	-1469.545	-1564.658	95.11336	0.6144621	0.6347801	0.469417	0.530583	4.901643
48096	-1494.424	-1588.815	94.39068	0.6334615	0.6524792	0.487532	0.512468	5.278257
48102	-1492.752	-1587.212	94.45987	0.5736662	0.6524792	0.488382	0.511618	5.273071
48108	-1483.504	-1577.874	94.3704	0.6813313	0.6392869	0.547715	0.452285	5.273071
48114	-1489.249	-1585.369	96.11991	0.7949533	0.6336913	0.490001	0.509999	4.235892
48120	-1482.227	-1578.367	96.13986	0.6530324	0.6238784	0.490001	0.509999	4.312773
48126	-1483.042	-1578.525	95.48234	0.5666643	0.468932	0.566003	0.433997	4.865866
48132	-1483.632	-1578.875	95.24328	0.5511296	0.4780011	0.540917	0.459083	4.998855
48138	-1483.205	-1578.946	95.74184	0.7224087	0.4917375	0.540917	0.459083	4.612067
48144	-1480.699	-1576.314	95.6143	0.6733261	0.4300503	0.540917	0.459083	4.771363
48150	-1480.717	-1575.841	95.12428	0.6745748	0.7214686	0.486846	0.513154	4.797645
48156	-1478.143	-1573.847	95.70354	0.6303233	0.5413784	0.498116	0.501884	4.640169
48162	-1503.42	-1597.327	93.90773	0.6827906	0.4676525	0.526584	0.473416	5.672944
48168	-1484.854	-1580.827	95.97318	0.885304	0.4534156	0.50194	0.49806	4.427487
48174	-1487.324	-1581.657	94.33308	0.885304	0.4132299	0.515751	0.484249	5.381825
48180	-1484.305	-1578.632	94.32722	0.5132264	0.6495587	0.573647	0.426353	5.381825
48186	-1487.88	-1583.004	95.12374	0.6798385	0.5728817	0.318074	0.681926	4.909367
48192	-1477.724	-1573.268	95.54403	0.8539045	0.5283888	0.446494	0.553506	4.615735
48198	-1476.676	-1573.313	96.63739	0.9042044	0.345767	0.534717	0.465283	4.158754
48204	-1492.42	-1588.66	96.23931	0.9042044	0.6749476	0.471629	0.528371	4.073884
48210	-1497.655	-1591.856	94.20044	0.7912253	0.3896579	0.375688	0.624312	5.531568
48216	-1501.749	-1597.591	95.84182	0.6571158	0.4962969	0.412481	0.587519	4.588345
48222	-1497.856	-1593.483	95.62726	0.8975239	0.4809162	0.498966	0.501034	4.588345
48228	-1492.802	-1587.167	94.36519	0.7168648	0.5579678	0.459166	0.540834	5.321763
48234	-1488.31	-1584.127	95.81784	0.8422041	0.5817069	0.421868	0.578132	4.422295
48390	-1499.346	-1594.758	95.41209	0.548362	0.4909713	0.52598	0.47402	4.894305
48396	-1495.354	-1590.45	95.09525	0.5751078	0.686839	0.490454	0.509546	4.894305
48402	-1491.636	-1586.848	95.21249	0.6999571	0.5202272	0.333546	0.666454	4.894305
48408	-1491.687	-1587.441	95.75394	0.7274426	0.5896784	0.383171	0.616829	4.516239
48414	-1483.575	-1579.28	95.70493	0.8340981	0.5896784	0.570533	0.429467	4.483813
48420	-1481.927	-1577.908	95.98041	0.7669312	0.4597343	0.49899	0.50101	4.483813
48426	-1479.72	-1576.932	97.21168	0.7823118	0.3062713	0.502467	0.497533	3.950493
48432	-1485.404	-1581.786	96.38131	0.7823118	0.3118796	0.471299	0.528701	4.414838
48438	-1489.865	-1584.621	94.75548	0.5593571	0.4527187	0.471299	0.528701	5.288807
48444	-1485.419	-1580.622	95.20257	0.5456599	0.5823911	0.471299	0.528701	4.932265
48450	-1484.651	-1580.448	95.79782	0.434782	0.5624857	0.471299	0.528701	4.678647
48456	-1487.553	-1582.149	94.59562	0.485698	0.6656632	0.319122	0.680878	5.236765
48462	-1482.733	-1577.36	94.62684	0.4520223	0.5500045	0.540231	0.459769	5.330288
48468	-1475.912	-1570.27	94.35838	0.459673	0.4775104	0.424733	0.575267	5.538733
48534	-1489.348	-1582.963	93.6154	0.4323069	0.4978674	0.3325	0.6675	5.941912
48540	-1492.497	-1586.6	94.10311	0.3706045	0.6565198	0.509598	0.490402	5.578361
48546	-1501.017	-1594.797	93.78032	0.2966469	0.5407927	0.443972	0.556028	5.888171
48552	-1498.749	-1591.184	92.4342	0.3994052	0.5704622	0.443972	0.556028	6.539531
48558	-1496.506	-1588.88	92.37384	0.4597681	0.5704622	0.426979	0.573021	6.539531
48564	-1499.534	-1592.993	93.45882	0.4500309	0.5704622	0.45888	0.54112	5.955099
48570	-1495.966	-1588.565	92.59911	0.3458903	0.5393546	0.448962	0.551038	6.505101
48576	-1492.09	-1585.621	93.53012	0.6773968	0.5393546	0.448962	0.551038	5.818032
48840	-1490.713	-1585.246	94.53329	0.6415009	0.7396445	0.459897	0.540103	5.131886
48846	-1476.23	-1571.036	94.80519	0.7423443	0.4821637	0.493875	0.506125	5.131886
49002	-1487.624	-1581.486	93.86197	0.2335612	0.5396646	0.338227	0.661773	5.878992
49008	-1484.158	-1578.087	93.92958	0.2945164	0.64214	0.335946	0.664054	5.726123
49014	-1489.318	-1583.276	93.95771	0.2060279	0.6867958	0.353791	0.646209	5.726123
49020	-1478.041	-1572.542	94.50096	0.2847054	0.6107389	0.419948	0.580052	5.442032
49026	-1473.147	-1567.59	94.44346	0.496269	0.5099412	0.473902	0.526098	5.442032
49032	-1475.833	-1570.167	94.33386	0.4509632	0.6348748	0.451754	0.548246	5.423675
49038	-1494.504	-1589.977	95.47346	0.5939894	0.6348748	0.463965	0.536035	4.712035
49044	-1489.53	-1585.649	96.11911	0.8981262	0.550403	0.53564	0.46436	4.24722
49050	-1483.527	-1578.719	95.19294	0.8189079	0.5968498	0.365506	0.634494	4.773449
49056	-1486.403	-1581.284	94.88078	0.8352515	0.5968498	0.503066	0.496934	4.938337
49062	-1495.601	-1591.671	96.07016	0.6120793	0.5968498	0.498795	0.501205	4.3972
49068	-1501.064	-1594.557	93.4933	0.1560366	0.5185548	0.430029	0.569971	6.140635
49164	-1485.857	-1581.414	95.55726	0.5732233	0.5244966	0.532796	0.467204	4.768883
49170	-1486.713	-1581.291	94.5778	0.4386241	0.5791502	0.273837	0.726163	5.340319
49176	-1486.781	-1582.259	95.47792	0.6739524	0.5791502	0.48658	0.51342	4.709776
49182	-1489.924	-1585.261	95.33718	0.5543671	0.6298171	0.500581	0.499419	4.814259
49188	-1490.125	-1583.461	93.33525	0.5931549	0.7741049	0.461514	0.538486	5.79463
49194	-1479.031	-1574.241	95.20914	0.7188386	0.6613773	0.298728	0.701272	4.769614
49200	-1485.714	-1581.225	95.51093	0.3955631	0.6613773	0.671007	0.328993	4.781616
49206	-1485.35	-1580.173	94.82352	0.4722818	0.6557471	0.512092	0.487908	5.125513
49212	-1480.194	-1573.876	93.6814	0.5536363	0.7623077	0.628222	0.371778	5.63447
49218	-1484.7	-1579.002	94.30241	0.5654807	0.5966019	0.366186	0.633814	5.408014
49224	-1484.378	-1578.848	94.47087	0.5660189	0.4885615	0.490776	0.509224	5.408014
49230	-1481.098	-1575.324	94.22621	0.5243791	0.680916	0.34503	0.65497	5.408014
49236	-1474.346	-1569.888	95.54273	0.6870453	0.5405824	0.470294	0.529706	4.699149
49242	-1486.506	-1582.133	95.62678	0.6029918	0.5405824	0.372189	0.627811	4.699149
49248	-1494.219	-1588.432	94.21283	0.6029918	0.5405824	0.347473	0.652527	5.483288
49254	-1493.063	-1587.277	94.21398	0.4221552	0.503944	0.472471	0.527529	5.614327
49260	-1484.503	-1578.923	94.42061	0.7555394	0.7135698	0.478225	0.521775	5.149428
49266	-1481.075	-1576.784	95.70934	0.5198797	0.4810469	0.453951	0.546049	4.753718
49272	-1481.356	-1577.45	96.09354	0.7507358	0.6201268	0.519012	0.480988	4.286703
49278	-1485.981	-1582.074	96.09268	0.8305249	0.6201268	0.529691	0.470309	4.242
49284	-1494.12	-1591.415	97.29574	0.7932461	0.4851396	0.512867	0.487133	3.6943
49374	-1494.825	-1589.879	95.05362	0.3578952	0.4844551	0.383044	0.616956	5.205033
49410	-1485.596	-1579.936	94.34004	0.669	0.6905893	0.488571	0.511429	5.258366
49416	-1494.289	-1588.961	94.67158	0.5771235	0.5248269	0.443806	0.556194	5.258366
49422	-1484.67	-1580.06	95.39041	0.7518657	0.5550262	0.443806	0.556194	4.735559
49428	-1476.108	-1571.14	95.0316	0.6970816	0.4539849	0.469754	0.530246	5.058501
49434	-1478.112	-1573.974	95.8616	0.8209437	0.6054825	0.524612	0.475388	4.389956
49440	-1489.367	-1584.568	95.20081	0.6847803	0.5853902	0.424172	0.575828	4.85329
49446	-1495.865	-1592.361	96.49596	0.6684942	0.4339846	0.605015	0.394985	4.274354
49452	-1498.088	-1592.762	94.6741	0.793735	0.6162788	0.580776	0.419224	5.060652
49458	-1492.586	-1586.37	93.78335	0.680675	0.8408083	0.47977	0.52023	5.457762
49464	-1491.377	-1585.335	93.95755	0.5702654	0.4984452	0.391624	0.608376	5.678727
49470	-1495.468	-1590.66	95.19286	0.7303686	0.6898031	0.595539	0.404461	4.751065
49476	-1502.824	-1598.233	95.40957	0.8130382	0.6898031	0.620143	0.379857	4.583415
49482	-1482.583	-1577.845	95.26189	0.7032394	0.6056023	0.406793	0.593207	4.792437
49488	-1479.005	-1574.433	95.42827	0.7032394	0.4881431	0.45149	0.54851	4.801588
49494	-1494.437	-1590.641	96.20408	0.7870897	0.423922	0.498905	0.501095	4.382762
49572	-1491.634	-1586.547	94.91265	0.5361452	0.6577809	0.42879	0.57121	5.039136
49578	-1488.433	-1583.049	94.61647	0.7577298	0.7142577	0.42879	0.57121	5.039136
49584	-1491.189	-1584.236	93.04693	0.4520352	0.7612882	0.462007	0.537993	6.037691
49590	-1481.365	-1575.282	93.91754	0.4994184	0.6662044	0.416142	0.583858	5.602319
49596	-1471.974	-1566.181	94.20722	0.445099	0.5044654	0.506337	0.493663	5.604969
49602	-1478.063	-1571.996	93.9337	0.5056979	0.6462037	0.445834	0.554166	5.604969
49608	-1484.226	-1578.629	94.40318	0.5290156	0.6973103	0.445834	0.554166	5.295952
49614	-1481.199	-1576.233	95.03466	0.5355973	0.4626502	0.456646	0.543354	5.137893
49620	-1484.551	-1579.509	94.95841	0.6498641	0.5240965	0.456646	0.543354	5.059927
49626	-1476.96	-1571.76	94.80035	0.7396459	0.5376022	0.430324	0.569676	5.085923
49632	-1478.002	-1572.712	94.70979	0.6522381	0.5099894	0.500303	0.499697	5.208957
49638	-1487.768	-1582.386	94.61785	0.6983479	0.5386451	0.570588	0.429412	5.208957
49644	-1476.466	-1570.927	94.46039	0.6780861	0.5225783	0.564384	0.435616	5.321217
49650	-1481.949	-1576.418	94.46962	0.5777973	0.7099513	0.379541	0.620459	5.223231
49656	-1483.986	-1578.9	94.91445	0.6524964	0.496636	0.557394	0.442606	5.107673
49662	-1482.193	-1578.178	95.98563	0.5225205	0.5954414	0.465632	0.534368	4.496434
49668	-1496.108	-1588.959	92.85144	0.6730542	0.6661438	0.511677	0.488323	6.090353
49680	-1496.756	-1592.106	95.34976	0.4821872	0.5563764	0.489578	0.510422	4.907521
49686	-1487.89	-1583.325	95.43508	0.5061566	0.5563764	0.489578	0.510422	4.84663
49704	-1490.025	-1584.78	94.75461	0.4111648	0.4394069	0.514891	0.485109	5.384187
49710	-1502.605	-1597.261	94.65588	0.509889	0.4394069	0.369129	0.630871	5.384187
49716	-1496.56	-1591.055	94.49495	0.6187206	0.6283922	0.367668	0.632332	5.247261
49722	-1494.028	-1587.775	93.74725	0.5884194	0.4455772	0.514671	0.485329	5.833786
49728	-1501.48	-1594.808	93.32859	0.756482	0.601454	0.375111	0.624889	5.833786
49734	-1489.96	-1583.527	93.56648	0.5828708	0.5583085	0.417667	0.582333	5.833786
49740	-1480.64	-1573.943	93.30311	0.3223216	0.5213174	0.506261	0.493739	6.151225
49746	-1486.814	-1579.711	92.89682	0.4108679	0.6424572	0.382402	0.617598	6.225947
49752	-1487.872	-1583.351	95.47937	0.8711259	0.4429197	0.446818	0.553182	4.723166
49758	-1485.927	-1581.92	95.99361	0.7795667	0.6198527	0.39401	0.60599	4.327147
49764	-1480.481	-1575.155	94.67398	0.6209427	0.8016691	0.4439	0.5561	5.023516
49770	-1476.954	-1571.671	94.71701	0.7177426	0.6893006	0.503618	0.496382	5.023516
49776	-1483.905	-1580.289	96.38412	0.9053749	0.625671	0.503618	0.496382	4.029196
49782	-1482.197	-1576.663	94.46536	0.4432352	0.6519678	0.467949	0.532051	5.342427
49788	-1487.276	-1582.715	95.43894	0.6593002	0.6293741	0.467949	0.532051	4.69912
50364	-1494.223	-1590.46	96.23619	0.8465572	0.5645237	0.548555	0.451445	4.1978
50400	-1490.754	-1585.115	94.36153	0.6041425	0.6557195	0.449499	0.550501	5.308101
50406	-1486.675	-1580.794	94.11877	0.6110284	0.4668352	0.49298	0.50702	5.597304
50760	-1503.898	-1601.17	97.27107	1.278029	0.6634486	0.418587	0.581413	3.268721
50766	-1501.894	-1600.321	98.42678	1.278029	0.6135209	0.429172	0.570828	2.613788
50772	-1488.908	-1586.879	97.97062	1.149784	0.8691764	0.382519	0.617481	2.775537
50778	-1491.891	-1588.211	96.31998	0.7970818	0.5369858	0.599193	0.400807	4.202473
50784	-1480.706	-1576.898	96.19243	0.8742843	0.5696767	0.477222	0.522778	4.202473
50790	-1497.665	-1593.465	95.7994	0.9242594	0.8316847	0.510149	0.489851	4.202473
50796	-1499.085	-1594.258	95.17273	0.7276423	0.6904201	0.375668	0.624332	4.763383
50802	-1497.079	-1592.348	95.26879	0.7253308	0.621703	0.524774	0.475226	4.763383
50808	-1492.064	-1586.444	94.37944	0.6900144	0.621703	0.485733	0.514267	5.276908
50814	-1488.512	-1583.016	94.50332	0.6167538	0.6400914	0.485733	0.514267	5.234688
50940	-1494.502	-1590.295	95.79278	0.5991143	0.5378092	0.561638	0.438362	4.610768
50946	-1473.721	-1569.621	95.90069	0.7445582	0.4087779	0.529211	0.470789	4.5934
50952	-1484.108	-1579.403	95.29546	0.660215	1.068856	0.382939	0.617061	4.496701
50958	-1481.383	-1574.745	93.36264	0.5606677	0.6846904	0.356672	0.643328	5.85922
50964	-1475.417	-1568.992	93.57464	0.7223406	0.592663	0.356672	0.643328	5.724815
50970	-1483.442	-1577.846	94.40392	0.7223406	0.9891259	0.38867	0.61133	5.003873
50976	-1485.735	-1580.437	94.70201	0.8106506	0.6575096	0.358623	0.641377	5.003873
50982	-1489.207	-1582.923	93.71603	0.6849396	0.5415378	0.622801	0.377199	5.710245
50988	-1484.095	-1579.152	95.05735	0.7348968	0.734016	0.52629	0.47371	4.792477
50994	-1492.699	-1587.051	94.35136	0.5636441	0.5583716	0.52629	0.47371	5.413531
51000	-1486.635	-1584.289	97.65454	0.8164606	0.5583716	0.52629	0.47371	3.40348
51006	-1492.746	-1587.147	94.40072	0.7560954	0.8729971	0.586628	0.413372	5.054979
51012	-1478.185	-1574.133	95.94782	0.7353046	0.4419026	0.4977	0.5023	4.537741
51018	-1476.19	-1571.618	95.42809	0.5251642	0.5964261	0.493996	0.506004	4.806505
51024	-1481.755	-1577.045	95.28926	0.7081663	0.674981	0.438837	0.561163	4.720567
51030	-1487.308	-1580.84	93.53251	0.6758329	0.7292618	0.401972	0.598028	5.67164
51036	-1480.827	-1574.854	94.02762	0.6382213	0.7292618	0.364503	0.635497	5.420216
51042	-1481.644	-1577.014	95.36967	0.6851463	0.526034	0.5292	0.4708	4.809758
51048	-1477.811	-1571.765	93.95373	0.6071149	0.5112494	0.471804	0.528196	5.649081
51054	-1471.478	-1566.854	95.37632	0.4858103	0.5297208	0.579814	0.420186	4.913872
51060	-1484.247	-1579.343	95.09661	0.4783782	0.6057571	0.657954	0.342046	5.009549
51066	-1478.784	-1574.552	95.76875	0.5627118	0.5657107	0.34808	0.65192	4.620513
51072	-1489.7	-1585.455	95.75461	0.4778671	0.5847815	0.508668	0.491332	4.659975
51078	-1482.318	-1577.841	95.52251	0.8716604	0.5037331	0.48288	0.51712	4.640197
51084	-1490.926	-1586.872	95.94559	0.7004681	0.5769316	0.418493	0.581507	4.43419
51090	-1495.097	-1589.303	94.20582	0.6725005	0.7067468	0.569246	0.430754	5.318924
51096	-1482.907	-1578.381	95.47384	0.5688736	0.5519593	0.512107	0.487893	4.793811
51102	-1474.789	-1569.711	94.92222	0.7437563	0.6500166	0.339311	0.660689	4.924329
51108	-1478.645	-1573.501	94.85638	0.666136	0.7607499	0.353991	0.646009	4.924329
51114	-1476.564	-1570.265	93.70094	0.5447189	0.569369	0.445072	0.554928	5.771895
51120	-1479.975	-1574.732	94.75704	0.608743	0.627425	0.532232	0.467768	5.108482
51126	-1489.733	-1582.497	92.76386	0.5053633	0.5658791	0.521239	0.478761	6.307093
51132	-1482.639	-1576.488	93.84975	0.5745896	0.7210847	0.521239	0.478761	5.558776
51138	-1480.76	-1575.181	94.42157	0.5110445	0.5268289	0.510001	0.489999	5.430958
51144	-1483.87	-1579.648	95.77798	0.6572648	0.5864156	0.392753	0.607247	4.544878
51150	-1490.106	-1583.908	93.80169	0.71864	0.6321452	0.535812	0.464188	5.571257
51156	-1483.109	-1577.026	93.91702	0.6804029	0.6136167	0.382062	0.617938	5.54331
51162	-1498.112	-1595.116	97.00389	0.7445687	0.926807	0.392594	0.607406	3.55387
51168	-1482.461	-1577.48	95.01844	0.7231128	0.9514601	0.471394	0.528606	4.682278
51174	-1489.185	-1584.877	95.69198	0.5701064	0.4870061	0.407504	0.592496	4.729717
51180	-1491.075	-1587.443	96.36882	0.6392962	0.4315272	0.591	0.409	4.365289
51186	-1488.842	-1584.151	95.30876	0.9988399	0.5420576	0.600726	0.399274	4.654289
51192	-1484.337	-1580.606	96.26841	0.7959735	0.4683239	0.428854	0.571146	4.296476
51198	-1485.22	-1581.465	96.24442	0.8740792	0.8005309	0.558381	0.441619	3.998265
51204	-1488.217	-1584.698	96.48142	0.9220699	0.5340271	0.536561	0.463439	4.042139
51210	-1483.502	-1579.806	96.30397	0.8476434	0.5346579	0.376028	0.623972	4.184942
51216	-1482.141	-1577.958	95.81725	0.8875868	0.7014528	0.452445	0.547555	4.303134
51222	-1483.413	-1578.749	95.33576	0.813292	0.7014528	0.562495	0.437505	4.616134
51228	-1483.103	-1577.817	94.71385	0.5004564	0.6268386	0.442628	0.557372	5.192822
51234	-1488.386	-1582.782	94.39581	0.4582856	0.8199294	0.442628	0.557372	5.255867
51240	-1496.079	-1590.249	94.17018	0.7102869	0.7974144	0.429454	0.570546	5.255867
51246	-1497.644	-1591.953	94.3092	0.5919241	0.4893997	0.4229	0.5771	5.481987
51354	-1504.139	-1601.351	97.21205	1.051203	0.4966661	0.488401	0.511599	3.582093
51360	-1497.788	-1592.336	94.54791	0.5890478	0.3891847	0.525115	0.474885	5.452155
51366	-1502.397	-1598.264	95.86678	0.5863307	0.605215	0.525115	0.474885	4.519397
51372	-1488.424	-1584.98	96.55651	1.050774	0.4493154	0.467679	0.532321	4.006804
51378	-1477.795	-1573.718	95.92281	0.651418	0.4476565	0.452122	0.547878	4.59309
51384	-1486.668	-1584.302	97.63462	0.797582	0.5600961	0.526388	0.473612	3.424665
51390	-1482.166	-1577.91	95.74413	0.5506434	0.5971258	0.481957	0.518043	4.614892
51396	-1490.284	-1585.779	95.4945	0.7410779	0.5816263	0.523882	0.476118	4.660859
51402	-1479.965	-1575.477	95.5124	0.6347414	0.6433277	0.523882	0.476118	4.660859
51408	-1482.075	-1576.184	94.10912	0.6984663	0.8949853	0.553076	0.446924	5.235035
51414	-1476.072	-1573.22	97.14816	0.8182548	0.4311433	0.536208	0.463792	3.819744
51420	-1483.923	-1580.735	96.81153	0.7242206	0.7143996	0.471417	0.528583	3.819744
51426	-1471.838	-1567.653	95.81591	0.7242206	0.5408069	0.520019	0.479981	4.524902
51432	-1468.82	-1565.171	96.35048	0.8181928	0.5408069	0.493456	0.506544	4.169761
51438	-1490.004	-1586.453	96.44856	0.8152401	0.4823806	0.591978	0.408022	4.169761
51462	-1484.831	-1580.481	95.64969	0.6075247	0.5712953	0.557064	0.442936	4.657396
51468	-1486.954	-1582.324	95.36978	0.6268248	0.5500731	0.606611	0.393389	4.821169
51474	-1490.752	-1587.276	96.52339	0.7588892	0.5739192	0.273074	0.726926	4.07625
51480	-1480.101	-1576.531	96.42995	0.658606	0.4592	0.443709	0.556291	4.291791
51486	-1478.311	-1574.193	95.88278	0.7078329	0.6233452	0.445773	0.554227	4.427405
51504	-1488.5	-1582.503	94.00283	0.751825	0.5882258	0.405873	0.594127	5.477123
51510	-1491.355	-1585.523	94.16836	0.5862989	0.5882258	0.54244	0.45756	5.477123
51516	-1488.016	-1582.479	94.46235	0.6858894	0.6410673	0.54244	0.45756	5.218364
51522	-1481.53	-1576.473	94.94319	0.4875911	0.459261	0.31873	0.68127	5.218364
51528	-1479.628	-1574.78	95.15154	0.6797993	0.7579921	0.375686	0.624314	4.754007
51534	-1480.736	-1577.346	96.61034	0.8203081	0.538044	0.57424	0.42576	4.023027
51540	-1487.311	-1581.771	94.46	0.8298449	0.7585343	0.31775	0.68225	5.055126
51546	-1489.759	-1585.038	95.27981	0.608128	0.6418039	0.454816	0.545184	4.806946
51552	-1490.018	-1584.41	94.39227	0.8545597	0.5486887	0.497191	0.502809	5.23865
51558	-1496.635	-1591.645	95.00958	0.4650661	0.542738	0.497191	0.502809	5.117688
51570	-1500.126	-1597.134	97.00824	0.8262494	0.3649305	0.30246	0.69754	3.968958
51576	-1502.855	-1600.13	97.27531	1.018541	0.6340731	0.455248	0.544752	3.442422
51684	-1486.893	-1582.029	95.13579	0.6744257	0.7309619	0.394076	0.605924	4.784591
51690	-1488.599	-1584.876	96.27768	0.4652314	0.4737483	0.527473	0.472527	4.472628
51696	-1493.806	-1588.589	94.78274	0.3398882	0.5515285	0.479423	0.520577	5.304833
51702	-1483.485	-1580.11	96.6255	0.7958901	0.6579654	0.479423	0.520577	3.928181
51708	-1497.147	-1593.724	96.57709	0.844301	0.6579654	0.479423	0.520577	3.928181
51714	-1500.555	-1597.163	96.60857	0.7894294	0.6753204	0.297566	0.702434	3.928181
51720	-1493.626	-1590.324	96.69807	0.7656717	0.4797614	0.621841	0.378159	4.058491
51726	-1487.784	-1584.368	96.58356	0.6457436	0.6319646	0.318244	0.681756	4.058491
51750	-1494.895	-1589.486	94.59076	0.5718843	0.6750958	0.457735	0.542265	5.184781
51756	-1487.291	-1580.654	93.36286	0.4823952	0.4538782	0.438538	0.561462	6.093378
51762	-1498.12	-1593.172	95.05151	0.5820227	0.5168663	0.435608	0.564392	5.052366
51768	-1499.155	-1594.183	95.02774	0.5403076	0.4694214	0.483701	0.516299	5.132603
51774	-1497.76	-1592.909	95.14892	0.622547	0.8184043	0.383321	0.616679	4.747167
51780	-1500.692	-1597.934	97.24258	1.022513	0.5469977	0.388424	0.611576	3.534018
51786	-1498.476	-1596.541	98.06471	0.9419132	0.6307108	0.407012	0.592988	3.023514
51792	-1498.889	-1595.463	96.57388	0.7205156	0.6247376	0.527546	0.472454	4.02715
51798	-1492.539	-1589.713	97.17407	1.002358	0.8916787	0.471133	0.528867	3.325544
51804	-1487.373	-1583.807	96.434	0.8302425	0.4809324	0.471133	0.528867	4.170905
51810	-1483.8	-1579.048	95.24802	0.686149	0.4658356	0.499405	0.500595	4.932795
51816	-1485.15	-1580.87	95.72091	0.7118295	0.7898974	0.499405	0.500595	4.394719
51822	-1487.659	-1582.895	95.23568	0.7204746	0.4639661	0.559047	0.440953	4.922371
51828	-1490.936	-1585.966	95.03036	0.6860505	0.6164734	0.354204	0.645796	4.922371
51834	-1486.127	-1581.169	95.04181	0.6267351	0.6507073	0.531254	0.468746	4.922371
51840	-1486.998	-1581.245	94.24633	0.5423904	0.5927571	0.537175	0.462825	5.454708
51846	-1488.674	-1584.846	96.17194	0.7578346	0.706908	0.537175	0.462825	4.171611
51852	-1473.976	-1569.086	95.11056	0.6998499	0.5285555	0.470346	0.529654	4.943684
51858	-1475.156	-1570.399	95.24274	0.6603358	0.5192661	0.446104	0.553896	4.900385
51864	-1480.544	-1573.57	93.02634	0.4774545	0.5304067	0.446104	0.553896	6.209505
51870	-1476.362	-1570.914	94.55269	0.805247	0.478468	0.625885	0.374115	5.240275
51876	-1480.001	-1575.117	95.11614	0.7094019	0.6107827	0.399729	0.600271	4.866135
51882	-1477.295	-1572.463	95.16762	0.7236109	0.5662272	0.473054	0.526946	4.866135
51888	-1476.372	-1573.547	97.17459	0.9210062	0.6398925	0.479075	0.520925	3.553357
51930	-1490.538	-1585.734	95.19532	0.6554608	0.5618745	0.524546	0.475454	4.892351
51936	-1477.108	-1573.345	96.23614	0.7207366	0.5464397	0.532709	0.467291	4.284888
51942	-1479.22	-1573.452	94.23266	0.3329013	0.5464397	0.475147	0.524853	5.615787
51948	-1477.232	-1570.067	92.83425	0.2949478	0.540512	0.410318	0.589682	6.404284
51954	-1478.394	-1572.465	94.07049	0.4959107	0.6802656	0.406327	0.593673	5.509866
51960	-1485.678	-1580.944	95.26645	0.589548	0.5220194	0.420739	0.579261	4.92413
51966	-1488.167	-1584.922	96.75555	0.5974635	0.5235781	0.404844	0.595156	4.080393
51972	-1479.241	-1574.556	95.3149	0.6182944	0.6605222	0.404844	0.595156	4.767347
51978	-1482.889	-1576.754	93.86535	0.6171209	0.5511664	0.404844	0.595156	5.657364
51984	-1484.301	-1579.875	95.57407	0.7096548	0.5782197	0.44645	0.55355	4.636725
51990	-1479.952	-1574.14	94.18782	0.7333574	0.6720185	0.511148	0.488852	5.320495
51996	-1482.202	-1577.746	95.54355	0.7333574	0.4160093	0.399768	0.600232	4.791897
52002	-1488.52	-1583.41	94.88973	0.4745467	0.6203355	0.399768	0.600232	5.114873
52008	-1483.216	-1576.287	93.07165	0.5437636	0.6649006	0.44482	0.55518	6.041728
52014	-1478.954	-1573.535	94.58121	0.395348	0.5248392	0.44482	0.55518	5.408502
52020	-1480.23	-1574.791	94.56106	0.5118872	0.4669161	0.44482	0.55518	5.408502
52026	-1485.047	-1579.877	94.83	0.4491855	0.5970919	0.497308	0.502692	5.180522
52032	-1487.529	-1581.364	93.83478	0.3638348	0.5970919	0.535156	0.464844	5.775136
52038	-1485.75	-1579.669	93.91975	0.5072846	0.4544774	0.614338	0.385662	5.775136
52044	-1478.665	-1573.352	94.6876	0.6996986	0.6709996	0.400718	0.599282	5.063346
52050	-1484.75	-1580.258	95.50754	0.598569	0.4773805	0.517197	0.482803	4.825936
52056	-1489.561	-1584.189	94.62824	0.441146	0.6694852	0.602309	0.397691	5.240519
52062	-1483.429	-1576.868	93.43858	0.3876791	0.6694852	0.503629	0.496371	5.92332
52068	-1474.841	-1570.514	95.67335	0.4895548	0.5325614	0.518904	0.481096	4.743601
52074	-1482.766	-1577.901	95.13541	0.7241033	0.686453	0.452404	0.547596	4.789119
52080	-1482.886	-1577.614	94.72809	0.6153641	0.7011433	0.452404	0.547596	5.06559
52086	-1487.067	-1583.006	95.93926	0.4747146	0.5021776	0.452404	0.547596	4.630534
52092	-1483.957	-1580.109	96.15227	0.6569279	0.5116413	0.452404	0.547596	4.399595
52098	-1490.137	-1586.195	96.05766	0.7779823	0.6005677	0.452404	0.547596	4.307485
52104	-1496.732	-1592.984	96.25204	0.7149801	0.5142535	0.513517	0.486483	4.308048
52110	-1492.93	-1588.171	95.24131	0.611994	0.5659016	0.490805	0.509195	4.88754
52116	-1489.192	-1582.7	93.50799	0.5943479	0.7455888	0.476457	0.523543	5.718527
52122	-1496.643	-1591.332	94.68828	0.7234508	0.4851102	0.557663	0.442337	5.204298
52128	-1483.937	-1578.403	94.46648	0.6505721	0.6828553	0.429981	0.570019	5.204298
52134	-1482.973	-1578.107	95.13318	0.5150012	0.5373213	0.561551	0.438449	5.026141
52140	-1484.106	-1578.979	94.87281	0.7038267	0.5333377	0.340412	0.659588	5.069327
52146	-1494.663	-1590.357	95.69428	0.7368484	0.4177425	0.476455	0.523545	4.703896
52152	-1486.45	-1579.793	93.34268	0.5513061	0.5564913	0.451959	0.548041	5.974803
52158	-1486.511	-1581.387	94.87622	0.5922829	0.5595225	0.44131	0.55869	5.106726
52164	-1484.053	-1579.322	95.26965	0.7184608	0.5747607	0.432183	0.567817	4.804938
52170	-1483.44	-1579.592	96.15221	0.7569411	0.5083102	0.5942	0.4058	4.346235
52176	-1490.634	-1586.448	95.81397	0.7556753	0.5680513	0.336315	0.663685	4.484741
52182	-1478.626	-1573.925	95.29876	0.5849032	0.5581859	0.437521	0.562479	4.877175
52188	-1476.616	-1573.251	96.63499	0.6824787	0.6297512	0.515298	0.484702	4.009946
52194	-1478.842	-1573.592	94.74977	0.8161738	0.5947164	0.43756	0.56244	5.023486
52350	-1505.53	-1600.99	95.45994	0.7376137	0.5102824	0.430678	0.569322	4.744229
52356	-1509.018	-1604.407	95.38898	0.5957164	0.4649663	0.392125	0.607875	4.905511
52554	-1480.73	-1574.686	93.9556	0.6742011	0.6342158	0.383097	0.616903	5.509501
52560	-1483.874	-1577.93	94.05592	0.5013514	0.6006753	0.513285	0.486715	5.57562
52566	-1478.175	-1573.137	94.96156	0.7118007	0.5079774	0.446772	0.553228	5.038275
52572	-1484.46	-1579.653	95.19276	0.8091825	0.796289	0.487605	0.512395	4.632691
52578	-1486.323	-1581.945	95.62145	0.7102284	0.5513683	0.551635	0.448365	4.632691
52584	-1490.092	-1586.581	96.48888	0.7332486	0.4101615	0.461227	0.538773	4.266762
52590	-1495.603	-1592.28	96.67697	0.9644127	0.8198665	0.341125	0.658875	3.68468
52596	-1478.62	-1574.793	96.17227	0.9644127	0.492647	0.443921	0.556079	4.232101
52620	-1498.689	-1591.534	92.84541	0.7449708	0.6489383	0.376861	0.623139	6.06722
52626	-1492.336	-1586.305	93.96922	0.6193468	0.565324	0.407656	0.592344	5.587247
52632	-1491.532	-1585.773	94.24091	0.4794727	0.7043966	0.623258	0.376742	5.407692
52638	-1479.247	-1572.691	93.44432	0.583412	0.4645688	0.499305	0.500695	5.983681
52644	-1480.117	-1575.124	95.0069	0.5527901	0.4478733	0.46367	0.53633	5.158184
52662	-1479.021	-1574.299	95.27835	0.6543608	0.5996072	0.457979	0.542021	4.815378
52668	-1490.878	-1587.919	97.04046	0.8303181	0.5203136	0.546369	0.453631	3.786797
52674	-1490.962	-1587.607	96.64523	0.8303181	0.6737479	0.436362	0.563638	3.884917
52710	-1486.468	-1580.624	94.15603	0.7205668	0.5483239	0.430085	0.569915	5.443202
52716	-1485.863	-1581.835	95.97265	0.7178509	0.4681014	0.592956	0.407044	4.507596
52722	-1485.756	-1582.129	96.37287	0.8113508	0.5854266	0.569951	0.430049	4.122328
52728	-1487.153	-1582.107	94.95384	0.4727431	0.4698067	0.444277	0.555723	5.210538
52734	-1486.267	-1582.878	96.61073	0.6315675	0.5388631	0.364281	0.635719	4.129637
52740	-1496.065	-1591.916	95.85095	0.7635618	0.5388631	0.67095	0.32905	4.484785
52746	-1493.179	-1588.283	95.10452	0.5974152	0.5388631	0.607003	0.392997	4.99494
52752	-1489.853	-1585.761	95.90857	0.6464042	0.612739	0.519911	0.480089	4.455991
52758	-1493.552	-1589.73	96.17766	0.6451767	0.4450213	0.431371	0.568629	4.455991
52800	-1503.815	-1598.612	94.7978	0.3733581	0.5349538	0.380814	0.619186	5.292316
52806	-1498.904	-1593.68	94.77589	0.522587	0.6165675	0.451059	0.548941	5.154291
52812	-1494.693	-1590.76	96.06689	0.5301719	0.6343101	0.468354	0.531646	4.415076
52818	-1488.955	-1584.958	96.00289	0.6149909	0.4356234	0.429675	0.570325	4.580764
52824	-1491.446	-1587.04	95.59321	0.6377898	0.7992496	0.561346	0.438654	4.502113
52842	-1489.801	-1585.265	95.464	0.7453768	0.6552836	0.363104	0.636896	4.616775
52848	-1486.326	-1582.068	95.74243	0.7664701	0.6552836	0.494505	0.505495	4.448442
52854	-1481.197	-1577.229	96.03201	0.774536	0.4618022	0.558216	0.441784	4.448442
52860	-1482.188	-1578.02	95.83225	0.7420928	0.5153761	0.431102	0.568898	4.52842
52866	-1491.348	-1588.569	97.22151	0.7225141	0.4976389	0.376181	0.623819	3.765926
52872	-1479.192	-1574.297	95.10461	0.7596952	0.4976389	0.451978	0.548022	4.941637
52878	-1482.736	-1578.534	95.79874	0.8166111	0.9112662	0.47921	0.52079	4.213872
52884	-1485.757	-1582.077	96.32063	0.7507362	0.4348355	0.448184	0.551816	4.326139
52890	-1485.232	-1580.969	95.7374	0.7876172	0.8146486	0.528516	0.471484	4.326139
52896	-1489.422	-1583.508	94.08634	0.7445911	0.3704809	0.511308	0.488692	5.640845
52902	-1485.364	-1581.108	95.74453	0.7065862	0.3834216	0.448299	0.551701	4.729684
52908	-1495.867	-1590.377	94.50972	0.9097225	0.6772153	0.440411	0.559589	5.0409
52914	-1479.241	-1574.306	95.06468	0.6614765	0.5232076	0.462243	0.537757	4.995268
52920	-1486.696	-1581.89	95.19333	0.6871678	0.5986572	0.484209	0.515791	4.845271
52926	-1477.832	-1572.517	94.68455	0.6259256	0.6068559	0.44361	0.55639	5.155363
52932	-1472.24	-1567.07	94.8303	0.6363466	0.5526407	0.538579	0.461421	5.113608
52938	-1485.555	-1581.481	95.92661	0.8873273	0.9234115	0.485623	0.514377	4.093628
52944	-1479.818	-1575.751	95.93282	0.9160692	0.5461328	0.465508	0.534492	4.346225
52950	-1476.755	-1573.733	96.9783	0.6419807	0.425041	0.491095	0.508905	4.024538
52956	-1488.629	-1584.743	96.11346	0.7408007	0.5762835	0.488397	0.511603	4.317203
52962	-1480.047	-1576.388	96.34071	0.8086798	0.5670933	0.504042	0.495958	4.157734
52968	-1486.567	-1581.773	95.20609	0.666284	0.5670933	0.410163	0.589837	4.875912
53034	-1489.398	-1583.685	94.28738	0.5677897	0.5012584	0.512538	0.487462	5.496407
53070	-1504.59	-1599.078	94.48778	0.3416096	0.5531229	0.434267	0.565733	5.465104
53076	-1496.903	-1590.057	93.15384	0.4268199	0.5802093	0.439968	0.560032	6.126047
53082	-1491.314	-1585.269	93.95444	0.5151058	0.5588199	0.439968	0.560032	5.658002
53088	-1480.688	-1575.591	94.90248	0.6317123	0.5923899	0.439968	0.560032	5.043002
53094	-1488.16	-1583.167	95.00685	0.5273467	0.5923899	0.439968	0.560032	5.043002
53100	-1486.938	-1583.224	96.28631	0.7173322	0.7090009	0.397476	0.602524	4.12808
53106	-1483.069	-1577.858	94.78888	0.619049	0.4641704	0.404091	0.595909	5.226259
53112	-1479.611	-1575.33	95.71926	0.5814352	0.6573136	0.571471	0.428529	4.563984
53118	-1487.346	-1583.364	96.01765	0.7591141	0.5377811	0.451957	0.548043	4.394316
53124	-1483.934	-1577.897	93.96315	0.5802588	0.4956246	0.467474	0.532526	5.672742
53130	-1487.979	-1582.576	94.59677	0.7658855	0.4956246	0.345854	0.654146	5.221696
53136	-1486.93	-1581.596	94.66649	0.6961686	0.4956246	0.498229	0.501771	5.221696
53142	-1485.635	-1579.603	93.96794	0.7655202	0.5447035	0.573179	0.426821	5.525046
53148	-1486.395	-1582.65	96.25519	0.7480115	0.5109582	0.437972	0.562028	4.290607
53154	-1481.39	-1575.862	94.47137	0.6452911	0.6141888	0.505757	0.494243	5.256738
53160	-1485.836	-1583.296	97.45958	0.92613	0.5022741	0.391881	0.608119	3.505406
53166	-1492.197	-1589.384	97.18696	1.093546	0.5022741	0.387507	0.612493	3.566672
53172	-1499.956	-1597.975	98.01846	0.9459031	0.5071548	0.481066	0.518934	3.160241
53178	-1488.732	-1584.906	96.17378	0.9459031	0.4244887	0.42244	0.57756	4.309562
53202	-1489.189	-1586.145	96.95637	0.672677	0.5838056	0.440703	0.559297	3.869465
53208	-1495.036	-1590.42	95.38373	0.7209196	0.45182	0.422327	0.577673	4.851552
53214	-1493.268	-1589.279	96.01095	0.7899164	0.4787064	0.491906	0.508094	4.435207
53220	-1501.65	-1597.668	96.0175	0.7953645	0.6394761	0.379746	0.620254	4.289103
53226	-1504.989	-1600.831	95.84134	0.8476154	0.3929088	0.350935	0.649065	4.586012
53232	-1488.744	-1582.527	93.78302	0.6514048	0.3929088	0.555997	0.444003	5.83359
53238	-1490.903	-1585.272	94.36845	0.615999	0.6631705	0.403709	0.596291	5.292146
53244	-1480.416	-1573.404	92.98842	0.5249514	0.6631705	0.403709	0.596291	6.098603
53250	-1484.906	-1579.493	94.58665	0.5145265	0.507226	0.446248	0.553752	5.355518
53256	-1475.622	-1570.792	95.17	0.6951379	0.5041432	0.446248	0.553752	4.935198
53262	-1473.996	-1569.103	95.10666	0.6157611	0.5963368	0.421213	0.578787	4.935198
53268	-1473.643	-1567.846	94.20284	0.5871042	0.5176792	0.491085	0.508915	5.517539
53274	-1477.065	-1570.514	93.44905	0.4741127	0.5642114	0.539011	0.460989	5.952452
53280	-1475.861	-1569.866	94.00485	0.7309471	0.5496467	0.40857	0.59143	5.519541
53286	-1476.066	-1571.601	95.53446	0.5177379	0.4873881	0.432823	0.567177	4.846534
53292	-1479.831	-1575.422	95.59097	0.7710264	0.6556856	0.510559	0.489441	4.530791
53298	-1482.426	-1578.92	96.49407	0.6536746	0.4830134	0.476328	0.523672	4.235021
53304	-1482.372	-1577.302	94.93051	0.5895028	0.5288801	0.476328	0.523672	5.104644
53310	-1485.696	-1580.28	94.58359	0.5587804	0.6089596	0.502482	0.497518	5.246676
53316	-1481.925	-1577.006	95.08102	0.4926893	0.6089596	0.531757	0.468243	5.007698
53322	-1491.478	-1586.733	95.25486	0.5310192	0.5618813	0.643793	0.356207	4.928477
53328	-1491.611	-1587.038	95.42732	0.4586438	0.498841	0.545038	0.454962	4.928477
53334	-1483.15	-1577.543	94.39273	0.6356684	0.5799538	0.423174	0.576826	5.333056
53340	-1498.214	-1593.409	95.19432	0.4283154	0.5857434	0.483116	0.516884	4.999328
53346	-1497.224	-1590.949	93.72521	0.7069198	0.6382192	0.500519	0.499481	5.615031
53352	-1494.155	-1589.042	94.88708	0.7039326	0.4479283	0.455493	0.544507	5.140783
53358	-1489.928	-1585.4	95.47211	0.5668924	0.437064	0.400287	0.599713	4.902871
53364	-1481.638	-1577.398	95.76057	0.6687902	0.4550062	0.410367	0.589633	4.666985
53370	-1487.585	-1580.187	92.60218	0.4855413	0.5312224	0.410367	0.589633	6.434712
53376	-1474.748	-1568.699	93.95069	0.6203074	0.4098666	0.567004	0.432996	5.740998
53382	-1479.982	-1574.736	94.75433	0.3088471	0.4195449	0.477792	0.522208	5.460786
53388	-1480.193	-1574.983	94.79017	0.5021034	0.5249931	0.463674	0.536326	5.234137
53394	-1482.365	-1576.821	94.45612	0.5206949	0.5308113	0.338983	0.661017	5.403124
53400	-1474.958	-1570.288	95.33028	0.5493775	0.6983932	0.359491	0.640509	4.769126
53406	-1485.181	-1579.28	94.09908	0.7385107	0.468122	0.457623	0.542377	5.536863
53412	-1478.073	-1572.095	94.02256	0.615722	0.5934958	0.490443	0.509557	5.536863
53418	-1478.513	-1574.312	95.79942	0.7331516	0.6647881	0.490443	0.509557	4.427833
53424	-1482.766	-1578.491	95.7247	0.7105574	0.6647881	0.602348	0.397652	4.482644
53430	-1481.626	-1575.635	94.00926	0.7548647	0.4992895	0.495683	0.504317	5.54825
53436	-1478.784	-1574.129	95.3445	0.5794473	0.6034522	0.374997	0.625003	4.817157
53442	-1481.412	-1576.733	95.32034	0.6057622	0.6019645	0.530863	0.469137	4.817157
53448	-1484.661	-1579.069	94.40827	0.4436573	0.5206018	0.497241	0.502759	5.480857
53454	-1478.8	-1573.729	94.92914	0.4587917	0.5206018	0.497241	0.502759	5.185121
53472	-1495.708	-1589.853	94.14503	0.4700638	0.7320702	0.399819	0.600181	5.446215
53478	-1482.201	-1576.621	94.42	0.6197119	0.4468958	0.482327	0.517673	5.446215
53484	-1481.619	-1576.923	95.30362	0.7328985	0.5896159	0.508704	0.491296	4.765591
53490	-1477.069	-1572.214	95.14508	0.568279	0.6053656	0.482605	0.517395	4.932941
53496	-1484.34	-1578.66	94.32063	0.6837012	0.4967272	0.521414	0.478586	5.418433
53502	-1486.752	-1582.826	96.07387	0.9165984	0.671787	0.521414	0.478586	4.163386
53508	-1479.925	-1573.496	93.57175	0.6827875	0.671787	0.481224	0.518776	5.687305
53514	-1482.947	-1577.534	94.58781	0.6489741	0.5217638	0.657821	0.342179	5.267661
53520	-1495.696	-1592.03	96.3338	0.7134984	0.4864805	0.564023	0.435977	4.2886
53526	-1495.548	-1592.019	96.47131	1.00555	0.6622781	0.403729	0.596271	3.893022
53532	-1484.167	-1580.257	96.09059	1.033171	0.6810961	0.558498	0.441502	4.080474
53538	-1487.569	-1582.764	95.19569	0.78136	0.4377298	0.459044	0.540956	4.93668
53544	-1492.477	-1587.965	95.48766	0.6294369	0.4211236	0.459044	0.540956	4.875688
53550	-1486.817	-1582.393	95.5759	0.6983308	0.6561183	0.486204	0.513796	4.579752
53556	-1483.946	-1578.372	94.42608	0.7055759	0.4141618	0.396619	0.603381	5.42864
53562	-1484.459	-1579.246	94.7863	0.8105483	0.5592233	0.455407	0.544593	5.03579
53568	-1487.629	-1581.981	94.35224	0.5888065	0.426032	0.493093	0.506907	5.521347
53574	-1488.939	-1585.583	96.64368	0.7476895	0.4539238	0.447516	0.552484	4.125242
53772	-1485.523	-1580.201	94.67782	0.6594534	0.5935398	0.4157	0.5843	5.151236
53778	-1491.033	-1585.702	94.66886	0.6601545	0.4557923	0.43144	0.56856	5.277978
53784	-1484.926	-1577.384	92.45789	0.5144032	0.5471475	0.607026	0.392974	6.483728
53790	-1487.655	-1581.271	93.61565	0.6105569	0.5992359	0.531157	0.468843	5.758316
53796	-1488.205	-1583.24	95.0351	0.5982273	0.5524703	0.420548	0.579452	5.021291
53802	-1486.767	-1582.508	95.74134	0.7166431	0.5524703	0.351866	0.648134	4.560879
53808	-1489.178	-1584.018	94.83969	0.4599535	0.5521079	0.467537	0.532463	5.206527
53814	-1491.632	-1586.391	94.75896	0.4599535	0.6038216	0.481552	0.518448	5.208459
53820	-1483.738	-1578.771	95.03245	0.6689654	0.6038216	0.456156	0.543844	4.940828
53826	-1489.653	-1585.07	95.4164	0.666185	0.5207296	0.533001	0.466999	4.799003
53832	-1490.731	-1585.34	94.60913	0.604873	0.6655468	0.539899	0.460101	5.163452
53838	-1490.275	-1585.271	94.99564	0.604873	0.64802	0.512694	0.487306	4.962268
53844	-1475.51	-1570.32	94.81024	0.4896091	0.5848849	0.512694	0.487306	5.179012
53880	-1486.457	-1581.682	95.22519	0.5353379	0.5535609	0.585386	0.414614	4.94967
53886	-1491.763	-1585.732	93.96836	0.5353379	0.5535609	0.573958	0.426042	5.643693
53892	-1474.85	-1568.783	93.93312	0.5353379	0.5767866	0.476248	0.523752	5.643693
53898	-1476.301	-1572.515	96.21414	0.6289089	0.4837955	0.476248	0.523752	4.406559
53904	-1485.748	-1581.461	95.71325	0.5405343	0.6167524	0.481722	0.518278	4.622009
53910	-1490.302	-1584.808	94.50636	0.587934	0.4566382	0.564597	0.435403	5.406632
53916	-1479.793	-1574.049	94.25665	0.5201071	0.518414	0.644244	0.355756	5.524137
53922	-1486.971	-1581.821	94.85007	0.7153236	0.52298	0.644244	0.355756	5.084704
53928	-1481.917	-1574.419	92.50226	0.4778163	0.5540637	0.60885	0.39115	6.473724
53934	-1480.353	-1575.517	95.16401	0.6674521	0.6961945	0.434165	0.565835	4.797638
53940	-1477.131	-1572.082	94.95111	0.5817225	0.3667295	0.434165	0.565835	5.258632
53946	-1491.39	-1585.033	93.64259	0.4243104	0.6110222	0.532656	0.467344	5.83617
53952	-1483.061	-1578.092	95.03138	0.4389288	0.6392285	0.609433	0.390567	5.041352
53958	-1482.484	-1576.814	94.32957	0.5042008	0.4149499	0.449089	0.550911	5.591635
53964	-1478.949	-1574.3	95.35145	0.4459017	0.4763028	0.449089	0.550911	4.998834
54084	-1491.239	-1588.354	97.11495	0.8203188	0.6496587	0.476438	0.523562	3.638636
54114	-1481.043	-1575.303	94.26089	0.4431828	0.5555576	0.416596	0.583404	5.531973
54162	-1484.97	-1583.192	98.22181	0.8914208	0.3332556	0.64112	0.35888	3.265482
54168	-1478.419	-1576.245	97.82622	1.058629	0.6092106	0.37681	0.62319	3.114495
54174	-1477.135	-1572.639	95.50401	0.901532	0.6092106	0.551963	0.448037	4.542896
54180	-1480.018	-1575.072	95.0538	0.6840573	0.7260847	0.547733	0.452267	4.828411
54186	-1491.139	-1583.351	92.2118	0.5327146	0.6274842	0.411525	0.588475	6.54281
54192	-1479.943	-1574.188	94.24481	0.6912121	0.7643607	0.411525	0.588475	5.247114
54198	-1480.63	-1575.344	94.71441	0.6912121	0.4441294	0.557604	0.442396	5.247114
54204	-1475.688	-1569.205	93.51683	0.4141634	0.604202	0.440576	0.559424	5.915816
54210	-1484.196	-1576.065	91.869	0.3827833	0.5038956	0.454432	0.545568	6.910392
54216	-1481.36	-1576.307	94.94682	0.784673	0.804722	0.442025	0.557975	4.778428
54222	-1485.472	-1578.908	93.43581	0.5306464	0.6900736	0.477782	0.522218	5.831749
54228	-1479.106	-1573.265	94.15972	0.6083869	0.6204009	0.477782	0.522218	5.444101
54234	-1478.935	-1573.054	94.11893	0.6466581	0.6221826	0.644382	0.355618	5.444101
54240	-1486.737	-1579.499	92.76222	0.5508907	0.7227079	0.52776	0.47224	6.16512
54246	-1483.399	-1577.143	93.74426	0.6730105	0.6618401	0.474316	0.525684	5.605385
54252	-1491.748	-1585.727	93.97929	0.4478748	0.6545695	0.443154	0.556846	5.605385
54258	-1499.689	-1593.704	94.01516	0.4940219	0.5874623	0.443154	0.556846	5.612648
54264	-1496.27	-1590.181	93.91048	0.5108834	0.649144	0.444224	0.555776	5.612648
54270	-1484.034	-1578.043	94.00957	0.5423182	0.5590246	0.461423	0.538577	5.612648
54276	-1483.901	-1578.063	94.16261	0.573974	0.656753	0.339882	0.660118	5.433626
54282	-1488.027	-1582.374	94.34687	0.568732	0.5345032	0.452622	0.547378	5.433626
54288	-1485.15	-1579.645	94.49509	0.5612976	0.5252511	0.486569	0.513431	5.364141
54294	-1479.68	-1573.619	93.93847	0.6067306	0.6914888	0.314315	0.685685	5.513373
54300	-1485.968	-1580.124	94.15674	0.6125819	0.5858773	0.314315	0.685685	5.47096
54306	-1474.242	-1568.368	94.12603	0.5879604	0.5713199	0.475702	0.524298	5.513346
54312	-1479.38	-1573.433	94.05312	0.657727	0.5734084	0.422338	0.577662	5.513346
54318	-1484.588	-1580.41	95.82248	0.5824115	0.6921617	0.359603	0.640397	4.479225
54324	-1489.144	-1582.478	93.33406	0.5824115	0.6774076	0.462474	0.537526	5.86824
54330	-1485.177	-1579.478	94.30028	0.5430659	0.495808	0.504266	0.495734	5.507875
54336	-1488.336	-1581.569	93.23376	0.4757287	0.6417254	0.504266	0.495734	6.007714
54342	-1480.483	-1574.01	93.52713	0.5127557	0.5528178	0.41806	0.58194	5.898226
54348	-1481.891	-1575.341	93.44986	0.372004	0.4426625	0.493535	0.506465	6.117006
54654	-1496.331	-1592.441	96.10985	0.7127839	0.6977569	0.572305	0.427695	4.23915
54660	-1488.927	-1582.617	93.68994	0.5571881	0.7552623	0.392831	0.607169	5.632581
54666	-1492.23	-1586.417	94.18768	0.5294656	0.5239509	0.363237	0.636763	5.552013
54672	-1495.174	-1589.698	94.52329	0.579625	0.6399018	0.558379	0.441621	5.244315
54678	-1484.281	-1579.037	94.75603	0.7262587	0.7779744	0.538268	0.461732	4.935072
54684	-1486.189	-1577.592	91.40295	0.6473045	1.01576	0.386069	0.613931	6.672471
54690	-1480.03	-1572.988	92.95874	0.6988216	0.5336899	0.397841	0.602159	6.123013
54696	-1478.084	-1571.779	93.69564	0.6473826	0.5112749	0.463635	0.536365	5.768424
54702	-1486.983	-1581.869	94.88567	0.6482601	0.6842595	0.463635	0.536365	4.972109
54708	-1476.836	-1570.081	93.2445	0.5645362	0.5474217	0.441805	0.558195	6.02877
54714	-1484.389	-1577.139	92.74963	0.7285825	0.4379859	0.388764	0.611236	6.308465
54720	-1477.059	-1572.054	94.99574	0.6654709	0.5301566	0.462255	0.537745	5.025188
54726	-1494.984	-1589.906	94.92196	0.7926304	0.5210239	0.522814	0.477186	5.00364
54732	-1486.837	-1580.919	94.08139	0.7926304	0.672766	0.46563	0.53437	5.345962
54738	-1484.932	-1580.193	95.26114	0.7518124	0.4686674	0.467417	0.532583	4.886204
54744	-1484.809	-1580.41	95.60086	1.043153	0.5371445	0.380753	0.619247	4.469695
54750	-1479.033	-1574.836	95.80296	0.6772918	0.5174297	0.427631	0.572369	4.579407
54756	-1471.049	-1565.723	94.67388	0.602992	0.6490476	0.427631	0.572369	5.141084
54762	-1475.812	-1569.706	93.89447	0.5382948	0.4935579	0.427631	0.572369	5.735268
54768	-1480.395	-1575.23	94.83498	0.6218625	0.4935579	0.427631	0.572369	5.171492
54774	-1488.833	-1583.208	94.37561	0.6075884	0.6717655	0.427631	0.572369	5.286443
55164	-1490.188	-1585.036	94.84821	0.6563622	0.6116103	0.48551	0.51449	5.043971
55170	-1491.513	-1587.52	96.00701	0.5863331	0.4833564	0.411117	0.588883	4.547527
55176	-1504.303	-1598.923	94.61992	0.8033946	0.8588808	0.59378	0.40622	4.915605
55344	-1486.113	-1580.177	94.06402	0.8304018	0.3793537	0.46299	0.53701	5.596197
55350	-1491.24	-1585.731	94.4911	0.6225148	0.7010996	0.496307	0.503693	5.192955
55356	-1492.178	-1586.86	94.68276	0.5571613	0.6086789	0.496307	0.503693	5.192955
55362	-1498.131	-1593.29	95.15955	0.5571613	0.6086789	0.520584	0.479416	4.928419
55368	-1488.794	-1582.751	93.9568	0.4816584	0.6086789	0.520774	0.479226	5.634489
55404	-1491.931	-1586.05	94.11894	0.7667219	0.5434042	0.398369	0.601631	5.442421
55410	-1488.523	-1582.788	94.26504	0.6074347	0.6345108	0.308713	0.691287	5.375662
55416	-1487.44	-1583.09	95.64941	0.8272281	0.6179166	0.429929	0.570071	4.495923
55422	-1490.862	-1585.693	94.83123	0.9413463	0.9920504	0.441235	0.558765	4.641673
55428	-1495.972	-1591.046	95.07392	0.8047395	0.8907203	0.550652	0.449348	4.641673
55434	-1489.65	-1584.773	95.12238	0.5939627	0.5293432	0.552964	0.447036	4.995285
55440	-1492.709	-1587.751	95.04192	0.6662811	0.5344819	0.521198	0.478802	4.995285
55446	-1492.009	-1585.501	93.49174	0.5394305	0.829772	0.467195	0.532805	5.702424
56100	-1498.964	-1592.789	93.82417	0.680304	0.4438005	0.379191	0.620809	5.743149
56106	-1480.546	-1574.996	94.44997	0.5760893	0.5542017	0.56545	0.43455	5.355845
56112	-1486.364	-1581.418	95.05427	0.6490837	0.6368027	0.32269	0.67731	4.913692
56118	-1487.775	-1582.194	94.41915	0.6564179	0.5076476	0.484415	0.515585	5.369257
56124	-1496.149	-1591.637	95.48749	0.6839541	0.3883074	0.453181	0.546819	4.880378
56130	-1501.373	-1598.019	96.64606	0.7282836	0.5314988	0.439016	0.560984	4.061045
56136	-1498.58	-1594.784	96.20414	0.8250831	0.5679046	0.476937	0.523063	4.22526
56142	-1492.846	-1587.465	94.61933	0.7493446	0.6787394	0.476937	0.523063	5.067944
56148	-1491.764	-1587.243	95.47911	0.6735458	0.9806288	0.405827	0.594173	4.434587
56154	-1497.955	-1591.982	94.02718	0.6457577	1.021647	0.522711	0.477289	5.237119
56160	-1485.986	-1580.567	94.58084	0.6457577	0.5636823	0.402324	0.597676	5.237119
56166	-1486.351	-1579.92	93.56867	0.5714244	0.5636823	0.539079	0.460921	5.834366
56172	-1487.013	-1580.021	93.00839	0.6027277	0.4763996	0.403621	0.596379	6.199502
56178	-1488.54	-1584.23	95.68936	0.6466377	0.5664533	0.403621	0.596379	4.617339
56184	-1491.091	-1585.043	93.95223	0.485267	0.7926627	0.377699	0.622301	5.503154
56190	-1483.99	-1577.478	93.48767	0.4238422	0.6425119	0.640832	0.359168	5.896847
56196	-1485.739	-1580.749	95.01054	0.6548092	0.6663883	0.47516	0.52484	4.912279
56202	-1480.63	-1576.608	95.97776	0.7568343	0.5726883	0.421772	0.578228	4.387847
56208	-1490.793	-1585.352	94.55891	0.7793449	0.7478497	0.530765	0.469235	5.035576
56214	-1491.94	-1587.56	95.61982	0.7448485	0.4135517	0.512567	0.487433	4.745456
56220	-1479.898	-1574.32	94.42202	0.5737037	0.6643489	0.462434	0.537566	5.285039
56226	-1479.681	-1572.683	93.00144	0.5691742	0.6892165	0.502698	0.497302	6.048476
56232	-1485.639	-1580.662	95.02266	0.7114308	0.4749418	0.502698	0.497302	5.035258
56238	-1488.4	-1584.251	95.85114	0.7838949	0.5968885	0.463783	0.536217	4.42379
56262	-1490.813	-1586.963	96.1502	0.606299	0.6904612	0.494829	0.505171	4.282024
56268	-1491.335	-1587.707	96.37214	0.7865599	0.7958203	0.505345	0.494655	3.978471
56274	-1481.649	-1577.607	95.95791	0.6366777	0.4877387	0.41817	0.58183	4.54267
56280	-1485.577	-1580.311	94.7336	0.6366777	0.5712735	0.41817	0.58183	5.151276
56286	-1484.027	-1578.245	94.218	0.5479881	0.5600915	0.430339	0.569661	5.494112
56292	-1493.473	-1589.297	95.82354	0.6373537	0.5166941	0.284498	0.715502	4.590935
56298	-1488.847	-1583.878	95.03109	0.8513378	0.6978837	0.481895	0.518105	4.767948
56304	-1475.999	-1570.13	94.13075	0.6810095	0.5090507	0.481895	0.518105	5.513244
56364	-1497.035	-1590.29	93.25472	0.7446393	0.9486871	0.563316	0.436684	5.64863
56370	-1483.722	-1577.68	93.95828	0.5035774	0.6477073	0.594389	0.405611	5.591503
56376	-1495.202	-1588.023	92.82099	0.425217	0.6477073	0.52377	0.47623	6.255428
56382	-1489.675	-1582.542	92.86676	0.4793789	0.5779644	0.540658	0.459342	6.255428
56388	-1489.197	-1582.143	92.94541	0.4373362	0.5538138	0.540658	0.459342	6.255428
56394	-1489.142	-1583.095	93.95337	0.3671099	0.9138021	0.44737	0.55263	5.492449
56400	-1489.447	-1584.139	94.69118	0.5638916	0.7327593	0.427274	0.572726	5.092184
56406	-1482.224	-1577.179	94.95536	0.4746072	0.6030746	0.563078	0.436922	5.092184
56412	-1479.894	-1576.126	96.23273	0.7089653	0.5055311	0.569358	0.430642	4.330411
56418	-1480.729	-1575.976	95.24667	0.5625975	0.6229722	0.526117	0.473883	4.865518
56424	-1485.743	-1580.699	94.95583	0.6450073	0.5566654	0.404399	0.595601	5.035753
56430	-1487.97	-1581.838	93.86722	0.6336613	0.5566654	0.597067	0.402933	5.642619
56436	-1478.047	-1573.34	95.29307	0.6695964	0.5565931	0.499506	0.500494	4.834497
56442	-1482.817	-1577.78	94.9637	0.5844964	0.6110629	0.533993	0.466007	5.020187
56448	-1479.592	-1575.775	96.18303	0.5814309	0.5508994	0.466237	0.533763	4.389728
56454	-1479.351	-1573.991	94.64016	0.5947786	0.6942948	0.466237	0.533763	5.1307
56460	-1487.256	-1582.942	95.68576	0.8820448	0.3196647	0.54057	0.45943	4.739441
56466	-1489.268	-1585.033	95.76427	0.5451193	0.6243498	0.542904	0.457096	4.58477
56472	-1481.495	-1576.887	95.39252	0.8086683	0.5006103	0.450764	0.549236	4.751069
56478	-1481.437	-1576.633	95.19619	0.5520402	0.5860559	0.428902	0.571098	4.929244
56484	-1491.838	-1586.992	95.1537	0.518886	0.6388353	0.358947	0.641053	4.929244
56490	-1494.2	-1590.775	96.57547	0.8241105	0.4755485	0.451753	0.548247	4.099154
56496	-1486.945	-1583.005	96.05985	0.8661011	0.6131668	0.451753	0.548247	4.246067
56502	-1478.218	-1574.262	96.0437	0.7133499	0.4698404	0.486884	0.513116	4.468455
56508	-1481.221	-1577.892	96.67083	0.7133499	0.5434272	0.486884	0.513116	4.044745
56514	-1483.483	-1578.489	95.00611	0.7168833	0.5617953	0.486884	0.513116	4.963529
56520	-1484.869	-1579.87	95.00094	0.6756797	0.8736604	0.451053	0.548947	4.76519
56526	-1469.948	-1566.144	96.1952	0.916296	0.6927575	0.475411	0.524589	4.078693
56532	-1472.086	-1569.052	96.96583	0.8859908	0.4245184	0.410945	0.589055	3.892582
56538	-1471.776	-1567.354	95.57781	0.6231008	0.5453211	0.423755	0.576245	4.711158
56544	-1474.075	-1570.483	96.40796	0.6688368	0.5511073	0.474281	0.525719	4.212832
56550	-1480.134	-1576.071	95.93687	0.5698062	0.5136591	0.489282	0.510718	4.567998
56556	-1471.884	-1566.76	94.87622	0.6917885	0.5397816	0.446004	0.553996	5.068488
56562	-1481.614	-1576.593	94.97918	0.68672	0.5101551	0.446004	0.553996	5.040444
56568	-1478.3	-1572.784	94.48419	0.7144051	0.4972897	0.498652	0.501348	5.310801
56574	-1481.366	-1575.555	94.1892	0.5663875	0.5047452	0.464112	0.535888	5.547999
56580	-1479.804	-1573.934	94.13019	0.6016053	0.6688372	0.440488	0.559512	5.427252
56586	-1483.879	-1578.43	94.55103	0.4988718	0.4606074	0.327629	0.672371	5.427252
56592	-1477.306	-1571.971	94.66503	0.6801376	0.6558156	0.523976	0.476024	5.098101
56598	-1490.641	-1584.682	94.04012	0.7389174	0.553388	0.524391	0.475609	5.492587
57030	-1490.329	-1584.695	94.3657	0.5111747	0.5638049	0.414357	0.585643	5.42997
57036	-1482.452	-1576.904	94.45284	0.5909817	0.5288951	0.506228	0.493772	5.367866
57042	-1487.844	-1582.431	94.58631	0.6649626	0.5889102	0.525751	0.474249	5.202601
57048	-1479.266	-1574.202	94.93573	0.6649626	0.4927938	0.513398	0.486602	5.092513
57054	-1482.485	-1576.338	93.85269	0.4904145	0.4945471	0.463778	0.536222	5.783457
57060	-1486.702	-1580.045	93.34294	0.4904145	0.5084739	0.511911	0.488089	6.049317
57066	-1487.335	-1581.301	93.96532	0.5197124	0.5827061	0.511911	0.488089	5.629763
57072	-1496.064	-1591.393	95.32878	0.5503719	0.4804734	0.440686	0.559314	4.94941
57078	-1488.118	-1582.971	94.85289	0.4391982	0.4804734	0.431602	0.568398	5.274778
57084	-1489.117	-1583.455	94.33834	0.6059243	0.7176549	0.382161	0.617839	5.274778
57090	-1480.994	-1576.219	95.22464	0.7703342	0.5134383	0.423038	0.576962	4.854437
57096	-1483.128	-1576.02	92.89225	0.5830349	0.7937971	0.494404	0.505596	6.02924
57102	-1481.307	-1574.333	93.02607	0.5849891	0.6636418	0.499356	0.500644	6.045026
57108	-1497.066	-1592.344	95.27784	0.3689511	0.5223122	0.427147	0.572853	5.04014
57114	-1491.278	-1585.222	93.94378	0.5075464	0.5353633	0.408109	0.591891	5.687958
57120	-1484.198	-1578.269	94.07119	0.4479081	0.4935827	0.559988	0.440012	5.687936
57126	-1483.009	-1577.621	94.61126	0.608702	0.4676479	0.385113	0.614887	5.326746
57132	-1481.856	-1575.97	94.11357	0.6510234	0.5788786	0.439224	0.560776	5.479285
57138	-1482.508	-1575.793	93.28579	0.5962199	0.5875151	0.488451	0.511549	5.955871
57144	-1479.914	-1573.437	93.52253	0.3930938	0.4624137	0.498184	0.501816	6.046862
57150	-1478.622	-1572.4	93.77827	0.6677651	0.5452491	0.493203	0.506797	5.682369
57156	-1480.271	-1574.564	94.29322	0.6677651	0.6114054	0.542887	0.457113	5.344883
57162	-1485.234	-1578.808	93.57416	0.5520726	0.7736054	0.415658	0.584342	5.686609
57168	-1485.308	-1580.353	95.04549	0.4252908	0.5258624	0.500341	0.499659	5.134589
57174	-1491.681	-1585.608	93.92661	0.6442202	0.4089988	0.600002	0.399998	5.741993
57180	-1489.91	-1583.798	93.88778	0.593559	0.5738524	0.527035	0.472965	5.639042
57186	-1487.167	-1581.084	93.91707	0.5656906	0.5728994	0.450871	0.549129	5.639042
57192	-1487.308	-1580.932	93.62396	0.6788606	0.6406253	0.49404	0.50596	5.684129
57198	-1491.05	-1586.273	95.22378	0.636056	0.7247215	0.419304	0.580696	4.761284
57204	-1494.283	-1587.843	93.56004	0.7354602	0.6497496	0.419304	0.580696	5.68124
57210	-1485.672	-1579.532	93.85964	0.7052289	0.5254822	0.354794	0.645206	5.634282
57216	-1486.017	-1581.643	95.62581	0.6092658	0.476457	0.42107	0.57893	4.754815
57222	-1488.34	-1581.705	93.36562	0.7924248	0.5918178	0.317876	0.682124	5.80156
57228	-1496.381	-1588.825	92.44407	0.3480326	0.5918178	0.499522	0.500478	6.544805
57234	-1488.198	-1583.757	95.55841	0.6140365	0.5551635	0.380527	0.619473	4.71857
57240	-1482.776	-1578.086	95.3104	0.8311922	0.5755028	0.535035	0.464965	4.71857
57246	-1478.884	-1572.534	93.64969	0.6123888	0.6024176	0.539135	0.460865	5.736144
57252	-1477.125	-1571.009	93.8835	0.5465696	0.6563399	0.549382	0.450618	5.602462
57258	-1492.167	-1585.74	93.57341	0.7668345	0.6201917	0.561941	0.438059	5.679331
57264	-1490.164	-1583.963	93.79955	0.5019654	0.5677152	0.437809	0.562191	5.742681
57270	-1489.833	-1584.729	94.89587	0.7258288	0.766313	0.440861	0.559139	4.865308
57276	-1481.994	-1576.857	94.86257	0.7437435	0.6821085	0.386633	0.613367	4.933437
57282	-1484.366	-1579.426	95.06023	0.5797414	0.6570569	0.491926	0.508074	4.933437
57288	-1475.469	-1568.378	92.90923	0.3816453	0.6699473	0.402774	0.597226	6.214712
57294	-1475.688	-1569.371	93.68342	0.5594124	0.4366463	0.538344	0.461656	5.893334
57300	-1472.193	-1566.105	93.91273	0.5847424	0.5242673	0.554487	0.445513	5.672318
57306	-1481.703	-1577.245	95.54186	0.7012258	0.4647035	0.436658	0.563342	4.761668
57312	-1476.74	-1573.466	96.72638	0.7493449	0.4647035	0.457378	0.542622	4.066434
57318	-1475.28	-1571.599	96.31914	0.644278	0.5338015	0.506619	0.493381	4.292389
57324	-1484.384	-1582.36	97.97657	0.7935924	0.513877	0.506619	0.493381	3.268741
57330	-1485.539	-1583.393	97.85392	0.792346	0.5943375	0.422485	0.577515	3.268741
57336	-1488.818	-1584.41	95.59179	0.807791	0.550033	0.422485	0.577515	4.595773
57342	-1471.566	-1567.609	96.04256	0.6177466	0.550033	0.422485	0.577515	4.449201
57348	-1486.229	-1582.136	95.90636	0.5748252	0.6318251	0.567818	0.432182	4.482313
57354	-1481.008	-1576.799	95.79076	0.5716888	0.7207513	0.526014	0.473986	4.482313
57360	-1484.896	-1580.427	95.53047	0.7077271	0.8785268	0.528831	0.471169	4.447181
57366	-1485.009	-1579.885	94.87619	0.7153575	0.7131427	0.577441	0.422559	4.919121
57372	-1485.82	-1580.958	95.13773	0.7648575	0.5146672	0.5448	0.4552	4.904791
57378	-1488.779	-1583.747	94.96808	0.595651	0.6014686	0.548634	0.451366	5.019251
57384	-1479.945	-1575.312	95.36779	0.6436799	0.6122376	0.420828	0.579172	4.761228
57390	-1490.697	-1587.957	97.25979	1.013019	0.9165055	0.420828	0.579172	3.252934
57396	-1480.883	-1577.406	96.5231	1.033957	0.9039776	0.386981	0.613019	3.679079
57402	-1483.235	-1579.492	96.25761	1.010086	0.7052255	0.488889	0.511111	3.98026
57408	-1484.234	-1581.049	96.81516	1.019683	0.9257037	0.488889	0.511111	3.504229
57414	-1481.187	-1576.423	95.23566	0.6926679	0.6970586	0.387997	0.612003	4.742902
57420	-1481.542	-1577.38	95.83788	0.6918598	0.6707563	0.546596	0.453404	4.424898
57426	-1485.731	-1581.418	95.68744	0.8105122	0.6947489	0.499873	0.500127	4.424898
57432	-1488.013	-1583.357	95.3448	0.7931037	0.7181662	0.338286	0.661714	4.61031
57438	-1488.245	-1579.976	91.73076	0.6667385	0.6034714	0.386673	0.613327	6.748972
57444	-1496.38	-1589.892	93.51224	0.5785564	0.8200039	0.440936	0.559064	5.675917
57450	-1503.696	-1598.704	95.00854	0.5488715	0.6390326	0.589488	0.410512	4.993133
57456	-1491.496	-1587.206	95.7093	0.6787271	0.5945611	0.543388	0.456612	4.56467
57462	-1494.247	-1589.239	94.9917	0.5363249	0.520218	0.459793	0.540207	5.107878
57468	-1483.353	-1577.095	93.74175	0.4584499	0.4911013	0.53534	0.46466	5.864768
57474	-1490.975	-1584.748	93.77322	0.4717239	0.4648763	0.480568	0.519432	5.864768
57480	-1490.236	-1583.66	93.42387	0.4631863	0.4648763	0.568891	0.431109	6.060092
57486	-1491.928	-1585.438	93.51029	0.4157661	0.4428242	0.533488	0.466512	6.060092
57492	-1477.071	-1571.786	94.71468	0.743933	0.5624992	0.542042	0.457958	5.109694
57498	-1477.502	-1571.453	93.95067	0.5234608	0.5365696	0.463133	0.536867	5.674412
57504	-1479.781	-1574.411	94.63013	0.7077576	0.843545	0.485788	0.514212	4.972742
57510	-1481.072	-1576.845	95.7736	0.7077576	0.36755	0.514801	0.485199	4.730626
57516	-1491.015	-1584.55	93.53488	0.7791827	0.318948	0.500591	0.499409	5.983673
57522	-1484.955	-1581.22	96.26515	0.8537436	0.5382058	0.561246	0.438754	4.200346
57528	-1484.797	-1580.9	96.10262	1.059636	0.5989306	0.383991	0.616009	4.123551
57534	-1483.746	-1581.502	97.75594	0.896938	0.5121696	0.461466	0.538534	3.339474
57540	-1490.918	-1588.644	97.72572	1.170318	0.5967768	0.392832	0.607168	3.118557
57546	-1486.465	-1583.679	97.21408	0.9365429	0.5287822	0.627996	0.372004	3.617189
57552	-1483.714	-1580.242	96.52804	0.7479798	0.637745	0.515857	0.484143	4.027234
57558	-1483.433	-1578.724	95.29126	0.5233441	0.389386	0.431262	0.568738	5.077543
57564	-1481.361	-1576.57	95.20866	0.6059395	0.389386	0.444443	0.555557	5.077543
57594	-1485.838	-1582.924	97.08581	0.78389	0.560391	0.38417	0.61583	3.751228
57600	-1487.437	-1584.039	96.60196	0.7794711	0.7181628	0.515435	0.484565	3.905609
57606	-1485.773	-1580.95	95.17774	0.5624678	0.7509365	0.363603	0.636397	4.809749
57630	-1492.952	-1586.874	93.92222	0.6452136	0.7122448	0.497528	0.502472	5.486321
57636	-1488.412	-1581.376	92.96371	0.6462465	0.67737	0.497528	0.502472	6.035579
57642	-1486.713	-1579.782	93.06825	0.3506481	0.7005525	0.509787	0.490213	6.123045
57648	-1483.684	-1576.145	92.4616	0.6687715	0.9003299	0.45568	0.54432	6.1514
57654	-1486.293	-1580.682	94.38907	0.4539576	0.5657893	0.416776	0.583224	5.446945
57660	-1499.493	-1593.607	94.11407	0.5315078	0.5844916	0.416776	0.583224	5.540142
57666	-1493.534	-1588.836	95.30207	0.7413273	0.6503158	0.49615	0.50385	4.713539
57672	-1489.249	-1586.345	97.09667	0.6990647	0.4266655	0.388152	0.611848	3.922466
57678	-1495.329	-1592.778	97.44907	0.9533259	0.4334919	0.462675	0.537325	3.56511
57684	-1500.008	-1594.774	94.76594	0.9335691	0.5504109	0.565317	0.434683	4.986296
57690	-1497.719	-1594.657	96.93742	0.9324352	0.3331356	0.456381	0.543619	3.987137
57696	-1485.316	-1579.231	93.9147	0.8553113	0.5082898	0.456381	0.543619	5.536878
57702	-1487.764	-1583.06	95.29648	0.8553113	0.5553727	0.456381	0.543619	4.729942
57708	-1493.876	-1589.224	95.34764	0.6040841	0.4690366	0.374409	0.625591	4.919937
57714	-1485.056	-1578.321	93.26574	0.5333263	0.6803629	0.374409	0.625591	5.930232
57720	-1492.886	-1587.134	94.24855	0.5661882	0.6659875	0.3465	0.6535	5.383672
57726	-1485.107	-1579.805	94.69846	0.4781583	0.4339461	0.334783	0.665217	5.383672
57732	-1490.428	-1586.831	96.40297	0.7346745	0.4339461	0.387694	0.612306	4.289568
57738	-1484.168	-1579.922	95.75405	0.7712839	0.5406848	0.494363	0.505637	4.533329
57744	-1486.345	-1582.125	95.78074	0.7445886	0.5406848	0.541363	0.458637	4.533329
57900	-1501.804	-1595.428	93.62353	0.5999717	0.5042883	0.413734	0.586266	5.840073
57906	-1496.445	-1591.075	94.63061	0.5853958	0.4090135	0.464582	0.535418	5.387529
57942	-1484.336	-1578.201	93.86543	0.7124949	0.5987034	0.357356	0.642644	5.565846
57948	-1492.542	-1585.144	92.60137	0.7124949	0.6886426	0.577739	0.422261	6.188688
57954	-1488.986	-1582.907	93.92104	0.6015609	0.5202741	0.49033	0.50967	5.662049
57960	-1489.891	-1583.651	93.76053	0.6004978	0.627787	0.336743	0.663257	5.662049
57966	-1493.101	-1588.432	95.33081	0.6870419	0.5054857	0.64579	0.35421	4.848921
57972	-1491.304	-1587.096	95.79215	0.5825784	0.5054857	0.449899	0.550101	4.649478
57978	-1489.228	-1582.864	93.63605	0.694007	0.5054857	0.449899	0.550101	5.780701
57984	-1495.115	-1589.733	94.61742	0.5604753	0.5050521	0.501571	0.498429	5.315157
57990	-1481.318	-1575.928	94.60948	0.7868652	0.5183164	0.555	0.445	5.182502
57996	-1473.536	-1566.144	92.60796	0.544422	0.746381	0.555	0.445	6.236358
58002	-1489.887	-1582.824	92.93771	0.5505151	0.6245734	0.612526	0.387474	6.141345
58008	-1484.874	-1579.581	94.70731	0.4488176	0.6364128	0.535174	0.464826	5.217584
58032	-1489.426	-1583.753	94.32698	0.5221216	0.7666606	0.316257	0.683743	5.293578
58038	-1484.908	-1578.401	93.49332	0.3271538	0.4376363	0.35931	0.64069	6.122707
58044	-1483.181	-1579.046	95.8647	0.5719562	0.5345812	0.368246	0.631754	4.58851
58050	-1487.227	-1582.455	95.22802	0.6894179	0.4451799	0.446486	0.553514	4.962364
58056	-1490.408	-1585.15	94.74123	0.6104011	0.7207027	0.489525	0.510475	5.047087
58062	-1482.316	-1578.033	95.71736	0.6824236	0.5760294	0.546566	0.453434	4.573462
58068	-1498.187	-1592.806	94.61858	0.7957865	0.7071112	0.526911	0.473089	5.021938
58170	-1498.35	-1594.549	96.19909	0.7042287	0.402008	0.405129	0.594871	4.455601
58176	-1487.374	-1583.376	96.00202	0.6966583	0.5185325	0.405129	0.594871	4.455601
58182	-1486.555	-1582.906	96.35145	0.8386123	0.5081099	0.522632	0.477368	4.187317
58188	-1491.989	-1588.964	96.9746	0.8955545	0.6236427	0.407681	0.592319	3.697319
58194	-1489.231	-1585.376	96.14456	0.6884094	0.6225356	0.54811	0.45189	4.291175
58224	-1500.261	-1597.141	96.87997	0.8086244	0.6522999	0.462946	0.537054	3.779104
58230	-1498.538	-1595.042	96.50473	0.8086244	0.5117446	0.569904	0.430096	4.113855
58236	-1500.594	-1594.119	93.52429	0.5557533	0.566884	0.569904	0.430096	5.864545
58242	-1488.371	-1581.725	93.35341	0.3579319	0.5899405	0.517951	0.482049	6.047008
58248	-1484.021	-1577.883	93.86201	0.4022645	0.473987	0.456416	0.543584	5.845598
58254	-1485.454	-1578.953	93.49911	0.55383	0.6087383	0.529845	0.470155	5.845598
58260	-1488.846	-1582.362	93.51628	0.6009046	0.5652467	0.598876	0.401124	5.845598
58266	-1490.544	-1584.639	94.0952	0.6017924	0.6954614	0.526246	0.473754	5.426979
58380	-1494.897	-1590.777	95.88024	0.8639626	0.6211389	0.38561	0.61439	4.342487
58386	-1490.843	-1585.562	94.71864	0.4986853	0.577962	0.383925	0.616075	5.230352
58392	-1494.218	-1588.817	94.59865	0.5047374	0.4788485	0.470248	0.529752	5.380426
58398	-1495.403	-1589.798	94.39457	0.5072077	0.6077565	0.528307	0.471693	5.380426
58404	-1484.203	-1578.974	94.77106	0.7104252	0.6971968	0.564401	0.435599	4.99181
58410	-1490.442	-1586.544	96.10176	0.7096756	0.6971968	0.424175	0.575825	4.245911
58416	-1484.683	-1578.094	93.41113	0.4900044	0.6141335	0.43245	0.56755	5.924318
58422	-1481.249	-1576.54	95.29037	0.6621656	0.5381977	0.572936	0.427064	4.85606
58428	-1480.248	-1575.846	95.59812	0.5703165	0.4125288	0.486638	0.513362	4.85606
58434	-1502.305	-1597.856	95.55106	0.8085325	0.4157178	0.591877	0.408123	4.74602
58554	-1484.259	-1577.857	93.59793	0.3178935	0.5057001	0.561401	0.438599	6.006825
58560	-1491.725	-1587.059	95.33426	0.5806123	0.6088277	0.330551	0.669449	4.817892
58566	-1492.378	-1586.969	94.59089	0.599336	0.5347502	0.473719	0.526281	5.281966
58572	-1490.6	-1586.311	95.71024	0.5289325	0.4418635	0.431786	0.568214	4.786428
58578	-1495.297	-1589.773	94.47596	0.4268456	0.4418635	0.45981	0.54019	5.526499
58584	-1489.44	-1583.993	94.55297	0.6335297	0.541537	0.429507	0.570493	5.278137
58590	-1489.049	-1583.781	94.73184	0.3781082	0.592082	0.533336	0.466664	5.278137
58596	-1487.09	-1581.15	94.05996	0.5398549	0.592082	0.456876	0.543124	5.55914
58602	-1485.229	-1581.102	95.87287	0.5308428	0.3484282	0.326643	0.673357	4.796181
58608	-1489.498	-1585.157	95.65893	0.5132592	0.4388178	0.502566	0.497434	4.82688
58734	-1491.639	-1585.814	94.17529	0.8896348	0.5869807	0.443045	0.556955	5.307143
58980	-1490.621	-1584.354	93.73273	0.6124567	0.6024911	0.519818	0.480182	5.690544
58986	-1483.779	-1578.589	94.81085	0.5119813	0.8523037	0.448433	0.551567	4.975609
59772	-1490.088	-1585.843	95.7551	0.5988522	0.4911757	0.450283	0.549717	4.674401
59778	-1497.251	-1592.499	95.24873	0.7368442	0.6510824	0.609964	0.390036	4.745276
59784	-1487.797	-1582.415	94.61771	0.5220826	0.6368877	0.324307	0.675693	5.226251
59790	-1489.591	-1584.25	94.65818	0.4816046	0.6368877	0.526283	0.473717	5.226251
59796	-1489.849	-1584.279	94.42988	0.5236465	0.606233	0.475097	0.524903	5.353106
59802	-1484.776	-1579.28	94.50426	0.5963008	0.510277	0.423278	0.576722	5.353106
59808	-1480.284	-1575.752	95.46796	0.6027403	0.510277	0.380762	0.619238	4.815076
59814	-1480.064	-1576.338	96.27412	0.699594	0.4618024	0.448542	0.551458	4.354146
59820	-1487.925	-1582.516	94.59078	0.3857376	0.4947888	0.360851	0.639149	5.435527
59826	-1488.257	-1581.531	93.27396	0.6749818	0.4947888	0.353755	0.646245	5.9986
59832	-1493.395	-1588.189	94.79387	0.7061946	0.6935856	0.629074	0.370926	4.984107
59838	-1493.538	-1587.464	93.92553	0.7621299	0.716085	0.574254	0.425746	5.417429
59844	-1498.38	-1593.344	94.96431	0.466893	0.5051694	0.545573	0.454427	5.17505
59850	-1501.174	-1594.457	93.28328	0.4241035	0.5014504	0.429322	0.570678	6.124221
59856	-1486.369	-1579.654	93.28539	0.3264609	0.5617241	0.477552	0.522448	6.124221
59862	-1489.658	-1584.508	94.84988	0.4232906	0.5794119	0.536339	0.463661	5.198275
59868	-1490.337	-1585.083	94.74598	0.4535451	0.6303413	0.479672	0.520328	5.198275
59874	-1503.524	-1598.168	94.64449	0.4832126	0.6830352	0.515117	0.484883	5.198275
59880	-1486.91	-1581.673	94.76299	0.5549591	0.549914	0.457868	0.542132	5.198275
59886	-1479.953	-1575.02	95.06651	0.4454567	0.6602906	0.448652	0.551348	5.00216
59892	-1483.765	-1579.163	95.39813	0.3613461	0.495206	0.541134	0.458866	5.00216
59898	-1478.172	-1572.976	94.8036	0.4609086	0.5539357	0.541134	0.458866	5.224401
59904	-1482.218	-1576.46	94.24243	0.5841243	0.4258094	0.468437	0.531563	5.584483
59910	-1474.525	-1569.59	95.06562	0.6114552	0.7381417	0.451225	0.548775	4.853832
59916	-1473.26	-1568.416	95.15634	0.7578045	0.7870583	0.489208	0.510792	4.688012
59922	-1478.353	-1573.448	95.09555	0.6716099	0.4919464	0.489208	0.510792	5.000911
59928	-1496.812	-1591.507	94.69494	0.5437468	0.8467052	0.482661	0.517339	5.025863
59934	-1491.473	-1586.379	94.90548	0.5437468	0.548833	0.494272	0.505728	5.126524
59940	-1480.917	-1574.777	93.85918	0.6265902	0.5822948	0.494272	0.505728	5.629694
59946	-1488.446	-1581.856	93.40961	0.7450403	0.8011493	0.420493	0.579507	5.65299
59952	-1479.232	-1574.545	95.31203	0.7869694	0.7404677	0.43122	0.56878	4.616332
59958	-1482.61	-1577.778	95.16834	0.9120529	0.5648333	0.458885	0.541115	4.761773
59964	-1482.039	-1578.741	96.7023	0.6450439	0.5648333	0.620596	0.379404	4.04697
59970	-1480.406	-1576.329	95.92283	0.6142941	0.5648333	0.446919	0.553081	4.505778
59976	-1486.994	-1580.734	93.74015	0.4859587	0.5648333	0.52022	0.47978	5.786355
59982	-1485.756	-1581.031	95.27461	0.5397299	0.4945173	0.381961	0.618039	4.972309
59988	-1487.608	-1582.56	94.95213	0.6871879	0.7455531	0.42087	0.57913	4.869727
59994	-1488.257	-1584.312	96.05534	0.909085	0.7522851	0.42087	0.57913	4.119329
60000	-1485.367	-1581.026	95.65975	0.909085	0.490907	0.51864	0.48136	4.55415
60006	-1498.132	-1593.164	95.03198	0.900828	0.4856092	0.44352	0.55648	4.914717
60024	-1478.606	-1575.044	96.43833	0.7764292	0.5502382	0.453378	0.546622	4.135229
60030	-1478.89	-1574.684	95.79398	0.5019835	0.584445	0.51636	0.48364	4.624675
60036	-1488.808	-1584.066	95.2576	0.4989383	0.7004527	0.451037	0.548963	4.836341
60054	-1490.232	-1585.587	95.35512	0.651906	0.5610156	0.58482	0.41518	4.80598
60060	-1474.698	-1570.876	96.17779	0.6594121	0.5177289	0.430138	0.569862	4.378223
60066	-1476.6	-1572.309	95.70974	0.8187033	0.5235483	0.430138	0.569862	4.546822
60072	-1470.911	-1566.027	95.1161	0.881659	0.5673982	0.615944	0.384056	4.805741
60078	-1494.864	-1591.038	96.17448	0.881659	0.9785659	0.487842	0.512158	3.922546
60120	-1485.672	-1582.564	96.89169	0.9873611	0.6985198	0.612196	0.387804	3.633337
60126	-1478.222	-1574.436	96.21344	0.830119	0.7900979	0.491691	0.508309	4.048113
60132	-1487.16	-1584.131	96.97194	0.8472266	0.7900979	0.491945	0.508055	3.60192
60138	-1491.563	-1588.732	97.16825	0.8971139	0.6456788	0.491945	0.508055	3.566284
60144	-1480.486	-1577.006	96.51976	0.8773434	0.7248044	0.491945	0.508055	3.891774
60150	-1479.41	-1576.309	96.89877	0.7051756	0.5745703	0.503693	0.496307	3.891774
60156	-1488.061	-1582.17	94.10972	0.6635535	0.4679539	0.408494	0.591506	5.572365
60162	-1484.999	-1579.613	94.61414	0.6736086	0.5299038	0.510314	0.489686	5.232316
60168	-1507.017	-1600.538	93.52118	0.8331609	0.8470651	0.459411	0.540589	5.514199
60180	-1495.46	-1591.288	95.82803	0.8321654	0.5424441	0.467512	0.532488	4.455907
60186	-1495.404	-1590.994	95.58982	0.8412474	0.2797574	0.513646	0.486354	4.86772
60234	-1499.734	-1593.644	93.90997	0.5942595	0.6364832	0.350728	0.649272	5.576772
60240	-1488.798	-1582.705	93.9066	0.5067582	0.5625997	0.592909	0.407091	5.685651
60246	-1493.41	-1589.179	95.76941	0.825634	0.7015978	0.40493	0.59507	4.365084
60252	-1484.007	-1578.568	94.56079	0.6487082	0.4917281	0.393388	0.606612	5.309897
60258	-1479.986	-1573.493	93.50655	0.3980497	0.5676752	0.491223	0.508777	5.959718
60264	-1486.065	-1579.77	93.70428	0.5263168	0.701095	0.491223	0.508777	5.679223
60270	-1487.205	-1579.438	92.23326	0.5001696	0.7253486	0.442927	0.557073	6.478039
60276	-1478.323	-1572.826	94.50316	0.4506215	0.6337634	0.513866	0.486134	5.331394
60282	-1484.738	-1579.975	95.2368	0.2434888	0.4604201	0.513866	0.486134	5.189858
60288	-1479.036	-1574.081	95.04418	0.4748613	0.4386511	0.513866	0.486134	5.189858
60294	-1472.895	-1567.525	94.63005	0.5236011	0.732806	0.525506	0.474494	5.14835
60300	-1477.704	-1572.282	94.57816	0.4332237	0.5446336	0.460354	0.539646	5.372101
60306	-1487.055	-1581.469	94.414	0.4324179	0.5919097	0.443459	0.556541	5.423624
60312	-1482.549	-1578.945	96.39606	0.5806273	0.5403253	0.601789	0.398211	4.27907
60318	-1486.852	-1580.923	94.07052	0.6785553	0.8596973	0.439732	0.560268	5.28886
60324	-1487.313	-1585.26	97.94683	0.9082957	0.5611618	0.524183	0.475817	3.174456
60330	-1482.153	-1579.317	97.16457	0.8081355	0.4206186	0.461116	0.538884	3.827304
60336	-1473.309	-1569.532	96.2233	0.7308199	0.4441457	0.458897	0.541103	4.382865
60342	-1487.557	-1583.595	96.03803	0.9770021	0.4872296	0.458897	0.541103	4.30614
60348	-1481.99	-1578.174	96.18392	0.6076297	0.5317662	0.458897	0.541103	4.391328
60354	-1483.288	-1578.56	95.27156	0.6917067	0.6833327	0.435218	0.564782	4.733458
60360	-1478.772	-1573.317	94.54545	0.6804048	0.6140104	0.472624	0.527376	5.196508
60366	-1483.492	-1579.503	96.01059	0.7714239	0.6906894	0.472624	0.527376	4.267411
60372	-1483.485	-1577.849	94.36407	0.7117099	0.473153	0.472624	0.527376	5.40101
60378	-1488.055	-1584.629	96.57336	0.88354	0.4731821	0.56817	0.43183	4.068804
60384	-1492.937	-1590.963	98.02621	0.8971173	0.5022825	0.264227	0.735773	3.189342
60390	-1487.251	-1579.942	92.69092	0.5015471	0.5838246	0.264227	0.735773	6.334163
60396	-1475.509	-1568.194	92.68514	0.63899	0.6117895	0.369722	0.630278	6.240498
60402	-1495.407	-1590.261	94.85405	0.482015	0.6117895	0.421969	0.578031	5.13726
60408	-1484.054	-1578.682	94.62794	0.5716169	0.7124443	0.600045	0.399955	5.13726
60414	-1475.702	-1570.357	94.6546	0.5716169	0.570052	0.380619	0.619381	5.231997
60420	-1481.404	-1576.794	95.38966	0.6541813	0.4892244	0.380619	0.619381	4.849477
60426	-1479.717	-1573.731	94.01343	0.4657529	0.4892244	0.421986	0.578014	5.713812
60432	-1475.237	-1568.498	93.26074	0.6587853	0.745945	0.542705	0.457295	5.818371
60438	-1474.387	-1569.86	95.47302	0.772613	0.452888	0.580998	0.419002	4.771825
60462	-1481.86	-1578.433	96.5728	0.7532339	0.5188717	0.3295	0.6705	4.100071
60468	-1472.345	-1566.622	94.27748	0.5445633	0.5543761	0.39423	0.60577	5.468087
60474	-1479.669	-1573.739	94.07005	0.560723	0.5639791	0.321572	0.678428	5.565182
60480	-1486.008	-1582.572	96.56405	0.7503079	0.35832	0.3742	0.6258	4.272715
60486	-1496.198	-1592.48	96.28285	0.7418149	0.6354559	0.411454	0.588546	4.172183
60492	-1487.908	-1582.08	94.17221	0.5872572	0.7377479	0.387719	0.612281	5.362739
60498	-1482.432	-1577.606	95.17323	0.6570762	0.5033098	0.531072	0.468928	4.955332
60504	-1487.954	-1583.976	96.02145	0.7207622	0.5231258	0.641402	0.358598	4.426912
60510	-1482.188	-1578.105	95.91645	0.9693726	0.6188927	0.454193	0.545807	4.264174
60516	-1476.596	-1573.989	97.39246	0.9578663	0.5099127	0.55984	0.44016	3.518732
60522	-1471.943	-1569.501	97.55792	0.7597528	0.5302124	0.466011	0.533989	3.518732
60528	-1481.549	-1579.312	97.76327	0.9232446	0.5439901	0.466011	0.533989	3.28985
60534	-1480.757	-1577.557	96.79982	0.804103	0.5729391	0.560619	0.439381	3.893192
60582	-1493.031	-1588.149	95.11787	0.7279266	0.5283291	0.474838	0.525162	4.924196
60588	-1493.213	-1589.085	95.87129	0.7123369	0.6109169	0.445	0.555	4.441323
60684	-1492.518	-1589.509	96.99106	0.8064922	0.7800422	0.575348	0.424652	3.621446
60690	-1478.851	-1575.559	96.70818	0.8241018	0.5135683	0.402435	0.597565	3.987285
60696	-1478.789	-1573.72	94.93122	0.7121954	0.8102038	0.427527	0.572473	4.824
60702	-1475.809	-1571.922	96.11276	0.7854703	0.5033381	0.552695	0.447305	4.357011
60708	-1484.164	-1578.345	94.18095	0.8865077	0.8562398	0.552695	0.447305	5.114887
60714	-1482.838	-1580.413	97.57546	0.9597076	0.7827365	0.365604	0.634396	3.187149
60720	-1474.738	-1571.377	96.63887	0.9597076	0.7800316	0.498838	0.501162	3.73659
60726	-1484.629	-1578.988	94.35898	0.9316982	0.8283537	0.262323	0.737677	5.008623
60732	-1496.627	-1592.287	95.65981	0.7041661	0.4914487	0.262323	0.737677	4.66853
60738	-1498.473	-1594.293	95.82061	0.5496721	0.8497962	0.516474	0.483526	4.390772
60744	-1497.697	-1593.949	96.25121	0.5496721	0.5265118	0.50142	0.49858	4.390772
60750	-1492.131	-1586.77	94.63868	0.4548367	0.520728	0.35938	0.64062	5.34766
60756	-1482.634	-1577.328	94.69397	0.587764	0.7206478	0.435953	0.564047	5.0859
60762	-1484.254	-1579.263	95.00927	0.5677273	0.5125009	0.50608	0.49392	5.087647
60768	-1481.281	-1574.707	93.42518	0.5215563	0.5277633	0.459057	0.540943	5.97051
60774	-1500.732	-1595.511	94.77902	0.4650474	0.5254535	0.483402	0.516598	5.260373
60780	-1493.869	-1588.202	94.33264	0.5340737	0.5254535	0.480653	0.519347	5.468447
60786	-1492.58	-1587.277	94.69644	0.729469	0.6575494	0.539958	0.460042	5.052011
60792	-1490.163	-1584.642	94.47875	0.5442505	0.6575494	0.43646	0.56354	5.275068
60798	-1486.914	-1582.01	95.09671	0.5442505	0.7530744	0.511439	0.488561	4.863618
60804	-1482.329	-1576.7	94.37084	0.5406635	0.641337	0.464151	0.535849	5.348903
60810	-1484.014	-1577.726	93.71176	0.453443	0.5663463	0.49207	0.50793	5.818426
60816	-1481.518	-1577.46	95.94271	0.4666961	0.5626635	0.460217	0.539783	4.579385
60822	-1473.014	-1566.941	93.92753	0.515184	0.54055	0.391112	0.608888	5.68821
60828	-1475.628	-1571.259	95.63175	0.7608957	0.6327995	0.441858	0.558142	4.53134
60834	-1473.058	-1568.753	95.69488	0.6415356	0.6738985	0.455459	0.544541	4.53134
60840	-1478.578	-1573.24	94.66255	0.7065856	0.6472673	0.452078	0.547922	5.091313
60846	-1475.126	-1569.628	94.50196	0.7065856	0.7558566	0.452078	0.547922	5.10204
60984	-1499.308	-1594.064	94.75628	0.6212041	0.662038	0.28432	0.71568	5.075495
62034	-1485.093	-1578.687	93.59399	0.5350013	0.6720821	0.439059	0.560941	5.755869
62040	-1475.824	-1570.25	94.42611	0.42966	0.542733	0.547021	0.452979	5.459455
62046	-1478.335	-1572.761	94.42611	0.42966	0.542733	0.470612	0.529388	5.459455
62052	-1495.263	-1588.821	93.55777	0.4735766	0.589694	0.470612	0.529388	5.872554
62058	-1487.58	-1581.582	94.00282	0.4093172	0.5878239	0.477083	0.522917	5.665595
62064	-1484.761	-1579.12	94.35828	0.6095399	0.5287227	0.440839	0.559161	5.409906
62070	-1489.66	-1584.2	94.54011	0.4277153	0.5287227	0.609596	0.390404	5.409906
62076	-1491.023	-1585.267	94.24373	0.5541138	0.602175	0.52378	0.47622	5.442127
62082	-1484.659	-1579.493	94.8341	0.6706538	0.602175	0.534863	0.465137	5.05142
62088	-1488.756	-1582.689	93.93253	0.7552322	0.5138527	0.443106	0.556894	5.577093
62094	-1489.373	-1583.498	94.12517	0.4299592	0.5178997	0.475841	0.524159	5.646303
62190	-1502.201	-1595.68	93.47967	0.4386489	0.7386079	0.565439	0.434561	5.824035
62196	-1488.099	-1580.726	92.62643	0.5890761	0.5063725	0.538269	0.461731	6.387129
62202	-1485.51	-1579.879	94.36829	0.5472448	0.7187268	0.353738	0.646262	5.289888
62208	-1477.12	-1571.603	94.48277	0.6130575	0.587221	0.353738	0.646262	5.289888
62214	-1477.841	-1574.301	96.46001	0.8075145	0.5037361	0.411924	0.588076	4.147379
62220	-1475.88	-1572.204	96.32435	0.8081255	0.5906493	0.437502	0.562498	4.147379
62226	-1490.74	-1586.378	95.63735	0.9056828	0.5906493	0.500218	0.499782	4.480759
62250	-1496.364	-1593.778	97.41422	1.033038	0.519557	0.398047	0.601953	3.453032
62256	-1487.919	-1584.239	96.32005	0.9153234	0.7163238	0.382207	0.617793	3.990575
62262	-1486.498	-1582.634	96.13639	0.8279179	0.5490662	0.542922	0.457078	4.278377
62268	-1488.415	-1584.558	96.14275	0.7587224	0.5907169	0.444934	0.555066	4.278377
62352	-1488.483	-1582.601	94.11771	0.4150913	0.5701202	0.49876	0.50124	5.61388
62358	-1488.983	-1583.172	94.18874	0.4358099	0.6090726	0.39562	0.60438	5.531979
63054	-1494.991	-1588.229	93.2381	0.1765909	0.605935	0.556165	0.443835	6.195838
63060	-1494.458	-1588.376	93.91866	0.4592723	0.5380993	0.521466	0.478534	5.72582
63066	-1492.355	-1586.268	93.91361	0.5108449	0.6255429	0.552876	0.447124	5.628991
63072	-1495.75	-1590.589	94.83894	0.4966573	0.6908473	0.517201	0.482799	5.077411
63078	-1492.428	-1587.314	94.88658	0.6818425	0.8369741	0.378334	0.621666	4.848572
63090	-1483.407	-1578.22	94.81285	0.5953868	0.4829941	0.492033	0.507967	5.208212
63096	-1482.806	-1577.8	94.99464	0.6610279	0.7205284	0.532237	0.467763	4.878157
63102	-1481.277	-1575.487	94.21016	0.6610279	0.6520969	0.438349	0.561651	5.362957
63108	-1486.345	-1582.323	95.97803	0.6324089	0.7044936	0.502744	0.497256	4.354267
63114	-1482.954	-1577.554	94.60044	0.5764408	0.609429	0.478907	0.521093	5.22723
63120	-1495.512	-1589.864	94.35214	0.5136442	0.5948885	0.527938	0.472062	5.410551
63126	-1492.196	-1587.939	95.74309	0.6837609	0.4275418	0.404599	0.595401	4.69611
63132	-1488.19	-1583.507	95.31665	0.7032101	0.6910516	0.357387	0.642613	4.69611
63138	-1489.035	-1584.969	95.93319	0.7383912	0.4987967	0.400989	0.599011	4.489003
63144	-1491.61	-1586.767	95.15696	0.7494793	0.4987967	0.432094	0.567906	4.917123
63150	-1482.716	-1579.387	96.67088	0.7367681	0.4209043	0.465607	0.534393	4.150047
63156	-1484.422	-1580.25	95.82773	0.87688	0.5140947	0.50819	0.49181	4.456299
63162	-1481.007	-1575.286	94.27892	0.7119002	0.5498356	0.635372	0.364628	5.378988
63168	-1480.187	-1573.061	92.87391	0.5625321	0.5189297	0.496709	0.503291	6.256094
63174	-1485.198	-1579.125	93.92653	0.6804626	0.5189297	0.422915	0.577085	5.616932
63180	-1480.304	-1576.275	95.97023	0.6804626	0.5387333	0.475021	0.524979	4.464528
63186	-1489.088	-1583.69	94.60145	0.6217961	0.5212087	0.5697	0.4303	5.27563
63192	-1485.95	-1580.354	94.40365	0.631749	0.5393968	0.371063	0.628937	5.363371
63198	-1484.575	-1579.091	94.51627	0.5395725	0.5264691	0.316487	0.683513	5.363371
63204	-1485.014	-1579.547	94.533	0.7177734	0.6673197	0.378595	0.621405	5.141767
63210	-1485.604	-1578.965	93.36145	0.7090985	0.4116144	0.410224	0.589776	6.012687
63216	-1469.749	-1564.293	94.54328	0.7090985	0.5114022	0.522408	0.477592	5.268297
63222	-1474.378	-1568.991	94.61314	0.6995288	0.5670952	0.422387	0.577613	5.186652
63228	-1470.061	-1565.04	94.97852	0.515718	0.5670952	0.476201	0.523799	5.08608
63234	-1477.058	-1572.525	95.46692	0.6317531	0.5670952	0.334124	0.665876	4.749643
63240	-1485.438	-1582.265	96.82654	0.8120849	0.59253	0.246387	0.753613	3.856576
63246	-1493.111	-1589.713	96.6015	0.8403607	0.6970185	0.529304	0.470696	3.886607
63252	-1479.887	-1574.62	94.73243	0.8076151	0.5708983	0.565283	0.434717	5.057482
63258	-1478.865	-1573.516	94.65087	0.8449361	0.5708983	0.466937	0.533063	5.082024
63264	-1483.03	-1579.789	96.75911	0.8234072	0.690525	0.403864	0.596136	3.810661
63270	-1485.901	-1581.433	95.53195	0.8524939	0.5845369	0.517001	0.482999	4.574966
63276	-1482.04	-1578.432	96.39229	0.7761326	0.430606	0.543973	0.456027	4.275599
63282	-1480.839	-1576.716	95.87678	0.7813771	0.5512079	0.38516	0.61484	4.44939
63288	-1476.112	-1572.353	96.24131	0.7066252	0.4214457	0.458219	0.541781	4.40975
63294	-1483.003	-1579.915	96.91206	0.938966	0.4897213	0.464021	0.535979	3.827079
63300	-1483.152	-1580.135	96.98362	0.938966	0.8435693	0.55337	0.44663	3.505569
63306	-1480.648	-1576.017	95.3692	0.8002274	0.7320602	0.431842	0.568158	4.582742
63312	-1482.311	-1577.445	95.13414	0.7142502	0.6062634	0.402778	0.597222	4.857024
63318	-1480.161	-1575.273	95.11267	0.8554168	0.5272704	0.409145	0.590855	4.857024
63324	-1485.939	-1581.458	95.5191	0.8692027	0.5783834	0.409145	0.590855	4.577934
63330	-1482.777	-1579.443	96.66671	0.9852586	0.5487153	0.409145	0.590855	3.886825
63336	-1483.357	-1576.683	93.32674	0.6515191	0.6466697	0.607337	0.392663	5.857231
63342	-1481.03	-1574.185	93.1546	0.4334512	0.6466697	0.481789	0.518211	6.070193
63348	-1477.023	-1572.046	95.02265	0.6418095	0.6289544	0.481789	0.518211	4.941449
63354	-1484.779	-1578.847	94.06792	0.6143573	0.5032672	0.380205	0.619795	5.589603
63360	-1480.487	-1574.476	93.98931	0.5977549	0.5634827	0.579018	0.420982	5.589603
63366	-1487.131	-1583.844	96.71328	0.5977549	0.5500408	0.373931	0.626069	4.08059
63372	-1474.244	-1569.64	95.39606	0.8190462	0.5085704	0.461914	0.538086	4.735984
63378	-1479.67	-1575.545	95.87486	0.6282738	0.5950568	0.482001	0.517999	4.499572
63384	-1479.466	-1574.591	95.12436	0.6899761	0.5950568	0.487794	0.512206	4.885069
63414	-1485.841	-1580.84	94.99945	0.7831953	0.6288327	0.522582	0.477418	4.87575
63420	-1483.271	-1578.332	95.06106	0.6348597	0.4396964	0.430614	0.569386	5.090841
63426	-1484.21	-1577.286	93.07544	0.6348597	0.6928702	0.56414	0.43586	5.96968
63432	-1478.655	-1573.144	94.48842	0.6680192	0.4384035	0.477908	0.522092	5.390331
63438	-1480.618	-1573.644	93.0269	0.708273	0.5240442	0.450423	0.549577	6.089094
63444	-1491.192	-1587.158	95.96654	1.044666	0.6090984	0.610657	0.389343	4.201026
63450	-1496.603	-1592.803	96.19967	0.8115373	0.6090984	0.628558	0.371442	4.201026
63456	-1496.885	-1592.603	95.71741	0.9321638	0.8653928	0.545413	0.454587	4.22289
63480	-1502.038	-1598.17	96.13249	0.8960466	1.055349	0.381011	0.618989	3.894884
63486	-1486.828	-1581.935	95.10754	0.7995374	0.74042	0.46728	0.53272	4.723833
63594	-1487.119	-1582.289	95.16981	0.4979918	0.6391696	0.504965	0.495035	4.931645
63600	-1475.669	-1570.139	94.46985	0.5715804	0.5500205	0.467213	0.532787	5.350924
63606	-1487.309	-1581.232	93.92374	0.3271064	0.622497	0.535256	0.464744	5.726537
63612	-1479.928	-1573.601	93.67285	0.627898	0.5879623	0.51	0.49	5.726537
63618	-1486.408	-1581.856	95.44806	0.5559413	0.4702928	0.527373	0.472627	4.889628
63624	-1488.375	-1584.441	96.06612	0.7930949	0.5200114	0.527373	0.472627	4.363719
63630	-1497.22	-1591.834	94.6133	0.5311878	0.4653345	0.429588	0.570412	5.370584
63636	-1485.597	-1580.578	94.9809	0.4843393	0.4520611	0.383854	0.616146	5.206332
63642	-1477.423	-1571.589	94.16678	0.6649285	0.6583516	0.4348	0.5652	5.380017
63648	-1476.611	-1573.276	96.66508	0.7032156	0.5464754	0.654704	0.345296	4.051099
63654	-1478.66	-1574.063	95.40342	0.8912536	0.5424143	0.546836	0.453164	4.661216
63660	-1480.263	-1576.933	96.67011	0.8914869	0.3051286	0.458132	0.541868	4.198446
63666	-1482.232	-1577.435	95.20329	0.6822228	0.6169295	0.412493	0.587507	4.827797
63672	-1477.874	-1573.196	95.3221	0.5545192	0.6487077	0.46475	0.53525	4.807945
63678	-1481.024	-1576.832	95.80801	0.4873734	0.6487077	0.553482	0.446518	4.573576
63684	-1484.459	-1579.669	95.20971	0.7023293	0.5542731	0.47222	0.52778	4.864706
63690	-1482.443	-1576.287	93.84467	0.641594	0.5992307	0.48649	0.51351	5.615757
63696	-1494.925	-1586.399	91.47413	0.3543442	0.8774023	0.448336	0.551664	6.870119
63702	-1486.168	-1578.809	92.64064	0.5279152	0.5568421	0.579758	0.420242	6.369213
63708	-1493.637	-1588.256	94.61912	0.3545561	0.5908643	0.311792	0.688208	5.354336
63714	-1482.926	-1575.492	92.56624	0.5203396	0.7007318	0.448934	0.551066	6.303623
63720	-1482.745	-1576.504	93.75891	0.5469122	0.4941109	0.526753	0.473247	5.804258
63726	-1492.268	-1587.019	94.75133	0.6990254	0.8399276	0.379696	0.620304	4.912468
63732	-1498.196	-1591.213	93.01695	0.5876762	0.7859232	0.373379	0.626621	5.963801
63738	-1481.174	-1576.535	95.36084	0.6687457	0.4362007	0.450009	0.549991	4.908988
63750	-1488.939	-1583.716	94.77698	0.6803977	0.7392295	0.496332	0.503668	4.975367
63756	-1491.527	-1586.622	95.09568	0.8596155	0.4777572	0.494154	0.505846	4.909615
63762	-1483.564	-1580.067	96.50262	0.8596155	0.4777572	0.418795	0.581205	4.118263
63768	-1487.233	-1583.239	96.00556	0.6912503	0.4254986	0.494158	0.505842	4.546863
63894	-1487.538	-1582.909	95.37157	0.7375265	0.4634467	0.518255	0.481745	4.837673
63900	-1486.286	-1583.896	97.61014	0.9444198	0.5457	0.50876	0.49124	3.365925
63906	-1485.206	-1581.468	96.26194	0.8533008	0.4792133	0.547506	0.452494	4.257098
63912	-1486.668	-1582.636	95.96883	0.7940202	0.7195542	0.547506	0.452494	4.257098
63918	-1485.328	-1582.217	96.8888	0.7089338	0.4814761	0.495335	0.504665	3.980311
63924	-1488.401	-1584.845	96.44413	0.6256412	0.6524091	0.53298	0.46702	4.133223
63930	-1486.706	-1582.503	95.79702	0.8327517	0.726008	0.51218	0.48782	4.327768
63936	-1481.434	-1577.117	95.68259	0.8327517	0.8850002	0.442223	0.557777	4.286677
63942	-1477.211	-1573.007	95.79604	0.7596196	0.5759037	0.556933	0.443067	4.485964
63948	-1483.31	-1579.562	96.25251	0.5114648	0.4481686	0.564325	0.435675	4.485964
63954	-1477.032	-1572.226	95.19428	0.680679	0.5961652	0.48518	0.51482	4.850385
63960	-1477.325	-1573.083	95.75812	0.836369	0.579874	0.453625	0.546375	4.460765
63966	-1481.165	-1578.035	96.86946	0.851017	0.6981097	0.431699	0.568301	3.725407
63972	-1482.191	-1578.095	95.9035	0.8932638	0.6981097	0.504033	0.495967	4.253549
63978	-1478.01	-1574.376	96.36611	0.6575097	0.5391297	0.504033	0.495967	4.253549
63984	-1480.175	-1576.217	96.04202	0.7015789	0.7397677	0.55987	0.44013	4.253549
63990	-1486.238	-1580.453	94.21481	0.6415057	0.5410387	0.443391	0.556609	5.460613
63996	-1479.106	-1573.423	94.31738	0.4988278	0.5159565	0.360136	0.639864	5.504628
64002	-1480.76	-1574.934	94.17427	0.5707856	0.5596226	0.436981	0.563019	5.506018
64008	-1480.789	-1576.514	95.7248	0.826672	0.6200506	0.540169	0.459831	4.452088
64014	-1485.465	-1582.866	97.40039	0.8100414	0.4117962	0.527438	0.472562	3.699774
64020	-1484.279	-1582.351	98.07231	1.253	0.7596796	0.476089	0.523911	2.728339
64026	-1479.185	-1577.081	97.8963	1.195669	0.3671512	0.312468	0.687532	3.235843
64032	-1472.237	-1569.666	97.42868	0.9504264	0.6899052	0.495563	0.504437	3.348068
64038	-1482.933	-1580.532	97.59946	1.179496	0.4306048	0.51466	0.48534	3.348068
64080	-1498.723	-1590.705	91.9821	0.7294916	0.6888346	0.425875	0.574125	6.515423
64086	-1489.209	-1582.65	93.4403	0.4515785	0.4670077	0.445439	0.554561	6.055448
64092	-1487.428	-1581.881	94.45295	0.4475873	0.6207261	0.457549	0.542451	5.37089
64098	-1488.183	-1581.845	93.66247	0.4683313	0.5300432	0.508065	0.491935	5.868007
64104	-1485.245	-1580.033	94.7875	0.4395995	0.6986615	0.597708	0.402292	5.131884
64110	-1480.127	-1575.536	95.40896	0.6784738	0.6081819	0.406581	0.593419	4.722024
64116	-1487.394	-1583.073	95.67882	0.7902523	0.5424778	0.569391	0.430609	4.563356
64122	-1499.51	-1595.979	96.4689	0.7710832	0.6197189	0.450558	0.549442	4.062254
64128	-1503.586	-1599.641	96.05496	0.7223155	0.4494129	0.450558	0.549442	4.477229
64134	-1497.225	-1592.435	95.20953	0.8209879	0.4336747	0.502178	0.497822	4.911028
64140	-1493.847	-1589.905	96.05809	0.9209057	0.4747789	0.544229	0.455771	4.338473
64146	-1492.531	-1588.696	96.16519	0.7633118	0.7166573	0.492921	0.507079	4.165211
64152	-1493.615	-1587.871	94.25575	0.4545163	0.5206526	0.492921	0.507079	5.558702
64158	-1483.971	-1578.202	94.23137	0.44077	0.5447573	0.574714	0.425286	5.558702
64164	-1483.818	-1577.767	93.94904	0.5098646	0.5447573	0.511585	0.488415	5.675734
64170	-1489.61	-1585.225	95.61456	0.5764327	0.5447573	0.500746	0.499254	4.717198
64176	-1484.558	-1579.35	94.79181	0.6655659	0.4543953	0.436588	0.563412	5.208393
64182	-1479.748	-1573.334	93.58618	0.5850421	0.674892	0.448927	0.551073	5.730683
64188	-1482.079	-1575.912	93.83317	0.5388132	0.5362352	0.449054	0.550946	5.730683
64194	-1495.021	-1589.611	94.59015	0.6709306	0.5984201	0.363099	0.636901	5.189466
64200	-1494.034	-1590.434	96.3999	0.8718309	0.6285116	0.553059	0.446941	4.037051
64206	-1488.566	-1585.001	96.4346	0.9530616	0.6443205	0.470355	0.529645	3.958209
64212	-1484.476	-1579.854	95.37785	0.680792	0.6443205	0.321967	0.678033	4.709628
64218	-1484.985	-1580.279	95.29455	0.6711876	0.6912498	0.340755	0.659245	4.726242
64224	-1493.461	-1588.887	95.42637	0.6322021	0.5946581	0.564083	0.435917	4.749134
64230	-1478.234	-1573.93	95.69604	0.6322021	0.4295981	0.334742	0.665258	4.749134
64236	-1480.487	-1576.022	95.53475	0.5085371	0.6098231	0.519162	0.480838	4.745384
64242	-1480.508	-1575.361	94.85349	0.4296126	0.6618339	0.512462	0.487538	5.127968
64248	-1476.879	-1571.081	94.20188	0.5592248	0.5917629	0.521982	0.478018	5.470714
64254	-1482.765	-1577.799	95.03411	0.6749633	0.5531749	0.521982	0.478018	4.978608
64260	-1486.164	-1581.959	95.79453	0.5199133	0.5163002	0.521982	0.478018	4.673376
64266	-1481.813	-1576.715	94.90191	0.8369014	0.5163002	0.438788	0.561212	4.994412
64272	-1482.179	-1577.945	95.76613	0.6440847	0.518897	0.621871	0.378129	4.617371
64278	-1495.757	-1591.349	95.59208	0.7366406	0.9348756	0.384576	0.615424	4.361925
64284	-1483.333	-1579.199	95.86584	0.8122173	0.6751111	0.569352	0.430648	4.337899
64290	-1487.594	-1584.704	97.10912	1.019405	0.6578567	0.569352	0.430648	3.519803
64296	-1498.682	-1597.551	98.86913	1.291472	0.4504702	0.526727	0.473273	2.491579
64302	-1494.173	-1592.562	98.38931	1.249535	0.6615874	0.363783	0.636217	2.613193
64308	-1485.684	-1582.733	97.04949	1.287978	1.187959	0.358307	0.641693	3.058732
64314	-1485.535	-1582.964	97.42916	1.049139	1.059776	0.548083	0.451917	3.044762
64320	-1479.586	-1576.962	97.37641	1.002185	0.6522892	0.398363	0.601637	3.378011
64326	-1491.885	-1589.492	97.60718	0.9180648	0.847392	0.407129	0.592871	3.148338
64380	-1500.586	-1599.288	98.70194	1.358203	0.5717099	0.385775	0.614225	2.43042
64386	-1483.456	-1582.953	99.49625	1.48409	0.6894282	0.41172	0.58828	1.712571
64392	-1481.248	-1580.937	99.68864	1.48409	0.6894282	0.52903	0.47097	1.574274
64398	-1486.387	-1583.665	97.27847	0.8623648	0.6190586	0.464656	0.535344	3.544063
64404	-1481.785	-1578.718	96.93234	0.8623648	0.728246	0.518417	0.481583	3.660103
64410	-1484.314	-1580.59	96.27644	0.5807502	0.5794405	0.348354	0.651646	4.312883
64416	-1478.54	-1572.45	93.91061	0.3473606	0.5794405	0.348354	0.651646	5.756885
64422	-1487.673	-1582.887	95.21361	0.6946784	0.5241037	0.589583	0.410417	4.89316
64428	-1480.073	-1576.746	96.67254	0.8385056	0.5011475	0.465158	0.534842	4.01104
64434	-1484.092	-1579.193	95.10163	0.7020484	0.7825832	0.551245	0.448755	4.752784
64440	-1481.636	-1575.25	93.61466	0.6715973	0.8609291	0.4152	0.5848	5.543051
64446	-1489.974	-1583.554	93.5797	0.4855157	0.504523	0.564678	0.435322	5.926354
64614	-1494.453	-1586.462	92.0087	0.6750812	0.670117	0.556521	0.443479	6.543954
64620	-1476.321	-1570.217	93.89617	0.56234	0.4773927	0.573457	0.426543	5.736114
64626	-1481.44	-1576.993	95.55371	0.6249205	0.4677025	0.574956	0.425044	4.794753
64632	-1479.793	-1575.746	95.95324	0.871821	0.6948863	0.615916	0.384084	4.239901
64638	-1486.477	-1583.953	97.47641	1.177473	0.603195	0.518243	0.481757	3.256629
64644	-1483.98	-1582.834	98.85398	1.085514	0.5200979	0.518243	0.481757	2.556092
64650	-1478.928	-1576.281	97.3531	0.9606602	0.8462183	0.350463	0.649537	3.274365
64656	-1490.695	-1586.69	95.99478	1.031142	0.7141417	0.41331	0.58669	4.111642
64662	-1488.011	-1584.12	96.10966	0.9738942	0.8867226	0.479009	0.520991	3.962281
64668	-1486.872	-1583.272	96.39989	0.7445274	0.5612519	0.442605	0.557395	4.165604
64770	-1492.081	-1586.446	94.36482	0.6183533	0.6992029	0.348742	0.651258	5.266435
64776	-1488.554	-1584.176	95.62237	0.7463084	0.57141	0.488682	0.511318	4.594813
64782	-1479.629	-1576.189	96.56073	0.6337425	0.5196296	0.488682	0.511318	4.174199
64788	-1482.107	-1576.948	94.841	0.5804018	0.5196296	0.407979	0.592021	5.167463
64794	-1477.247	-1571.966	94.71851	0.5346631	0.6317936	0.407979	0.592021	5.167463
64800	-1483.267	-1576.061	92.79362	0.3967022	0.519744	0.413567	0.586433	6.389012
64806	-1485.685	-1578.934	93.24876	0.8160294	0.519744	0.33237	0.66763	5.913068
64812	-1486.643	-1580.248	93.60487	0.4216515	0.6243583	0.542413	0.457587	5.847862
64818	-1489.434	-1582.393	92.95889	0.4107186	0.508093	0.542413	0.457587	6.301955
64824	-1484.379	-1578.869	94.49032	0.6759937	0.6505214	0.532278	0.467722	5.201158
64830	-1485.426	-1581.131	95.70535	0.6849209	0.5712945	0.414331	0.585669	4.582793
64836	-1488.164	-1584.246	96.08195	0.6499473	0.6028391	0.366737	0.633263	4.36426
64842	-1489.909	-1585.737	95.82769	0.6564495	0.5852849	0.478364	0.521636	4.518335
64848	-1494.7	-1590.206	95.50602	0.6847835	0.5710667	0.485981	0.514019	4.694768
64992	-1489.908	-1585.133	95.22482	0.5529113	0.5480535	0.416971	0.583029	4.944831
64998	-1491.968	-1585.599	93.6311	0.610203	0.5246341	0.409179	0.590821	5.812298
65874	-1485.103	-1583.205	98.10189	1.106872	0.8394434	0.422701	0.577299	2.741996
65880	-1493.489	-1591.351	97.8625	1.106872	0.4110949	0.372763	0.627237	3.257275
65886	-1496.66	-1593.88	97.22036	1.14741	0.4110949	0.558226	0.441774	3.609405
66960	-1489.897	-1583.469	93.57211	0.6931514	0.8231834	0.509894	0.490106	5.57816
66966	-1486.909	-1579.31	92.40158	0.6033532	0.7997744	0.527683	0.472317	6.281356
66972	-1479.389	-1573.901	94.51261	0.4717386	0.6022504	0.478905	0.521095	5.339281
66978	-1493.938	-1586.983	93.04562	0.4188054	0.6316718	0.290459	0.709541	6.148864
67002	-1486.474	-1583.084	96.61013	0.8073238	0.6648169	0.462457	0.537543	3.925115
67008	-1492.28	-1588.876	96.59528	1.081993	0.908213	0.485695	0.514305	3.606769
67014	-1482.486	-1579.72	97.23411	0.9331231	0.529632	0.465914	0.534086	3.606769
67020	-1497.2	-1594.936	97.7365	0.8116278	0.4233153	0.465914	0.534086	3.49112
67026	-1502.271	-1598.963	96.69119	0.889214	0.682192	0.428665	0.571335	3.818206
67362	-1480.932	-1575.299	94.36673	0.5530534	0.5619634	0.3482	0.6518	5.407878
67368	-1487.019	-1581.445	94.42549	0.7209513	0.6201101	0.53769	0.46231	5.235619
67374	-1479.071	-1574.838	95.76769	0.6540115	0.6053137	0.472506	0.527494	4.536974
67380	-1480.78	-1577.087	96.30651	0.5614593	0.6010421	0.472506	0.527494	4.288805
67386	-1478.231	-1574.432	96.20138	0.6005706	0.6462287	0.421637	0.578363	4.289996
67392	-1489.432	-1583.169	93.73702	0.5083168	0.6034671	0.41241	0.58759	5.744481
67398	-1486.352	-1581.73	95.37763	0.5612776	0.4105269	0.348847	0.651153	4.985909
67404	-1482.195	-1578.782	96.58657	0.8716931	0.5978046	0.423339	0.576661	3.95557
67410	-1482.452	-1579.406	96.95392	0.7338905	0.5978046	0.43947	0.56053	3.823867
67416	-1483.635	-1579.806	96.17121	0.858913	0.6169175	0.560704	0.439296	4.183932
67422	-1489.988	-1584.684	94.69575	0.7275975	0.7493701	0.428664	0.571336	4.98727
67428	-1489.566	-1585.965	96.39889	0.7691338	0.8489718	0.526835	0.473165	3.937945
67434	-1481.307	-1577.562	96.25525	0.9127782	0.8489718	0.557893	0.442107	3.937945
67440	-1484.535	-1581.561	97.02608	0.7981848	0.4072674	0.345733	0.654267	3.926949
67446	-1497.865	-1594.831	96.96645	0.7287729	0.4019484	0.345733	0.654267	4.006596
67452	-1484.609	-1580.232	95.62212	0.7287729	0.5980909	0.399527	0.600473	4.582621
67458	-1486.655	-1580.342	93.68626	0.5005938	0.694219	0.399527	0.600473	5.708114
67464	-1493.98	-1588.171	94.19103	0.5419696	0.7423437	0.631953	0.368047	5.374161
67470	-1488.106	-1583.621	95.51484	0.6535534	0.5340191	0.440333	0.559667	4.739248
67476	-1498.032	-1592.157	94.1247	0.7817098	0.6710802	0.557808	0.442192	5.32934
67482	-1490.677	-1586.43	95.75349	0.6718624	0.4007055	0.476134	0.523866	4.725212
67488	-1491.37	-1586.58	95.2099	0.8039356	0.8556015	0.476134	0.523866	4.587659
67494	-1492.476	-1588.793	96.31764	0.6518086	0.4800164	0.476134	0.523866	4.338819
67500	-1499.776	-1596.402	96.62584	0.7423289	0.4905924	0.420755	0.579245	4.102532
67506	-1485.071	-1581.202	96.13149	0.8377108	0.7511205	0.514724	0.485276	4.117427
67512	-1476.169	-1569.569	93.39963	0.5507142	0.7511205	0.502892	0.497108	5.798
67518	-1485.334	-1580.142	94.8085	0.5870274	0.5483089	0.481083	0.518917	5.156712
67524	-1488.443	-1582.116	93.67303	0.5703549	0.7017977	0.429156	0.570844	5.671708
68454	-1485.293	-1580.745	95.45209	0.7494884	0.4331615	0.451552	0.548448	4.816217
68460	-1493.169	-1588.429	95.25966	0.4220211	0.6428512	0.464927	0.535073	4.921083
68466	-1489.674	-1585.362	95.68845	0.595192	0.4422591	0.507562	0.492438	4.761195
68472	-1490.402	-1585.877	95.47549	0.5695163	0.6314594	0.438347	0.561653	4.727261
68478	-1486.881	-1583.413	96.53169	0.4463569	0.4044793	0.547098	0.452902	4.410817
68484	-1488.881	-1585.68	96.79903	0.6485442	0.5808866	0.454318	0.545682	3.97594
68490	-1480.859	-1576.585	95.7258	0.7182127	0.554836	0.32499	0.67501	4.566679
68496	-1488.268	-1584.234	95.96597	0.6008593	0.5363187	0.376405	0.623595	4.513855
68502	-1493.004	-1588.455	95.4506	0.5073449	0.6338475	0.361041	0.638959	4.774043
68508	-1491.501	-1587.776	96.27429	0.7375386	0.5805783	0.495829	0.504171	4.224344
68514	-1494.592	-1590.809	96.21684	0.7375386	0.6201025	0.433115	0.566885	4.224344
68520	-1488.394	-1586.242	97.84785	0.8886585	0.5711338	0.476534	0.523466	3.235776
68526	-1487.306	-1585.081	97.7754	0.961108	0.5711338	0.476534	0.523466	3.235776
68532	-1491.843	-1588.428	96.58434	0.8301425	0.5667192	0.445343	0.554657	4.007011
68538	-1490.487	-1586.363	95.87631	0.8226071	0.5897179	0.44817	0.55183	4.393687
68544	-1493.903	-1587.887	93.98327	0.6888367	0.5611547	0.455879	0.544121	5.544838
68550	-1489.747	-1585.557	95.80999	0.6818021	0.4511712	0.433218	0.566782	4.635811
68556	-1490.867	-1585.465	94.59739	0.745338	0.6721833	0.435555	0.564445	5.087189
68562	-1492.415	-1585.293	92.87853	0.6607295	0.8339882	0.437591	0.562409	5.968791
68568	-1488.652	-1584.815	96.16277	0.8469279	0.8461569	0.533222	0.466778	4.03029
68574	-1490.134	-1588.008	97.87362	0.9775078	0.6332511	0.400086	0.599914	3.114268
68580	-1483.626	-1580.502	96.87586	0.9755123	0.5719289	0.436844	0.563156	3.751718
68586	-1488.428	-1583.847	95.41979	0.8633104	0.5719289	0.611702	0.388298	4.642359
68592	-1481.253	-1577.064	95.8106	0.7495591	0.6284756	0.437632	0.562368	4.44049
68598	-1481.674	-1576.973	95.2992	0.6833389	0.6060873	0.456114	0.543886	4.782331
68604	-1483.608	-1577.999	94.3906	0.5928486	0.6060873	0.467875	0.532125	5.336716
68610	-1476.016	-1570.579	94.56223	0.5596543	0.4672904	0.459886	0.540114	5.381176
68616	-1468.787	-1564.158	95.37116	0.6086735	0.4223677	0.411335	0.588665	4.950807
68622	-1478.062	-1572.204	94.14172	0.6086735	0.6921259	0.487145	0.512855	5.399968
68628	-1477.428	-1571.794	94.36559	0.6794605	0.7426022	0.526871	0.473129	5.201664
68634	-1472.3	-1566.954	94.6543	0.8170062	0.895835	0.43601	0.56399	4.866185
68640	-1482.565	-1577.3	94.73523	0.6684138	0.7442413	0.464468	0.535532	5.001754
68646	-1487.192	-1581.233	94.04114	0.5767171	0.4887749	0.46206	0.53794	5.638192
68652	-1482.883	-1579.259	96.3763	0.6424076	0.4887749	0.413572	0.586428	4.302593
68658	-1484.566	-1580.92	96.35425	0.8628882	0.4887749	0.469259	0.530741	4.190133
68664	-1485.609	-1581.233	95.62415	0.5978591	0.4920694	0.436284	0.563716	4.747366
68682	-1497.629	-1593.527	95.89875	0.7401635	0.6347694	0.507363	0.492637	4.39111
68688	-1497.113	-1593.378	96.26533	0.6847808	0.5214499	0.509416	0.490584	4.311046
68694	-1502.041	-1596.38	94.33856	0.4911295	0.657345	0.475238	0.524762	5.381884
68700	-1493.747	-1588.201	94.45414	0.5156602	0.5888173	0.582608	0.417392	5.358132
68706	-1488.317	-1582.921	94.60387	0.432458	0.5448826	0.610443	0.389557	5.358132
68730	-1487.284	-1582.797	95.51228	0.9259276	0.709613	0.493535	0.506465	4.44769
68736	-1495.081	-1592.948	97.86685	1.034091	0.5458504	0.395835	0.604165	3.161251
68742	-1490.678	-1585.635	94.95723	0.971766	0.5458504	0.605361	0.394639	4.862519
68748	-1482.296	-1580.051	97.75559	1.062357	0.6315316	0.501225	0.498775	3.135454
68754	-1475.05	-1572.826	97.7762	1.062357	0.7233047	0.589893	0.410107	3.050162
68760	-1474.039	-1571.818	97.77874	1.062357	0.7213115	0.491646	0.508354	3.050162
68766	-1474.369	-1571.766	97.39659	0.8867106	0.5226437	0.486528	0.513472	3.545783
68772	-1480.978	-1576.992	96.01418	0.835001	0.4381823	0.399135	0.600865	4.448094
68778	-1488.967	-1585.518	96.55169	0.8486698	0.527303	0.399135	0.600865	4.050012
68784	-1486.001	-1581.97	95.96952	0.6843312	0.6385423	0.396324	0.603676	4.379711
68790	-1480.581	-1575.628	95.04646	0.6843312	0.5240374	0.396324	0.603676	4.991956
68796	-1482.826	-1578.482	95.65613	0.9279294	0.8006917	0.410886	0.589114	4.302
68802	-1482.781	-1579.491	96.71027	0.9125309	0.544834	0.494062	0.505938	3.907011
68808	-1480.421	-1576.321	95.9004	0.5632976	0.6346758	0.473284	0.526716	4.48991
68814	-1489.53	-1585.115	95.58528	0.7658313	0.7562178	0.439072	0.560928	4.463709
68820	-1483.019	-1579.749	96.73069	0.8496762	0.6589963	0.385556	0.614444	3.836137
68826	-1479.789	-1576.601	96.81142	0.6291369	0.4992521	0.547203	0.452797	4.053063
68832	-1482.87	-1578.953	96.08305	0.6592463	0.4028338	0.583007	0.416993	4.545285
68838	-1477.169	-1572.927	95.75878	0.6845962	0.5804433	0.498651	0.501349	4.545285
68844	-1488.325	-1580.895	92.57072	0.5546603	0.4800933	0.411466	0.588534	6.459784
68850	-1487.761	-1583.226	95.46426	0.3180082	0.6323343	0.46173	0.53827	4.873219
68856	-1490.452	-1583.185	92.73341	0.2786942	0.5179779	0.371473	0.628527	6.487166
68862	-1488.048	-1581.789	93.74078	0.4065525	0.55892	0.372932	0.627068	5.834377
68868	-1490.848	-1585.426	94.57756	0.7592638	0.8305219	0.659693	0.340307	4.981595
68874	-1493.847	-1588.897	95.04999	0.809557	0.709704	0.425712	0.574288	4.772171
68880	-1482.396	-1576.506	94.11046	0.4764758	0.7203656	0.362811	0.637189	5.469874
68886	-1482.394	-1575.718	93.32454	0.4159072	0.7203656	0.330393	0.669607	5.933826
68892	-1477.729	-1571.357	93.62824	0.6932756	0.6407684	0.330393	0.669607	5.67377
68898	-1470.384	-1564.836	94.45178	0.748736	0.5808651	0.345326	0.654674	5.237252
68904	-1479.517	-1572.979	93.46222	0.6072955	0.7043032	0.534454	0.465546	5.765192
68910	-1486.783	-1580.296	93.51335	0.5561733	0.7043032	0.500553	0.499447	5.765192
68916	-1490.876	-1585.91	95.03372	0.7772805	0.6425147	0.370761	0.629239	4.849307
68922	-1487.015	-1581.509	94.49378	0.5161186	0.5935221	0.551268	0.448732	5.332205
68928	-1495.223	-1587.98	92.75673	0.5406686	0.7716979	0.509239	0.490761	6.140582
68934	-1486.194	-1581.886	95.69215	0.6189725	0.4982294	0.414536	0.585464	4.691796
68940	-1489.603	-1582.829	93.22629	0.6533872	0.4771107	0.414536	0.585464	6.052623
68946	-1487.245	-1581.621	94.37618	0.7672329	0.57276	0.517247	0.482753	5.2755
68952	-1491.524	-1587.782	96.2579	0.6909613	0.5654263	0.548654	0.451346	4.272928
68958	-1492.682	-1587.113	94.43181	0.7081602	0.6576468	0.540394	0.459606	5.210345
68964	-1484.749	-1578.123	93.37407	0.7061324	0.7574718	0.540394	0.459606	5.722611
68970	-1488.133	-1581.202	93.06847	0.5244036	0.7184124	0.490911	0.509089	6.015708
68976	-1492.102	-1586.505	94.40301	0.2281872	0.6144027	0.490911	0.509089	5.524126
68982	-1488.939	-1583.698	94.75939	0.2772877	0.4395605	0.440692	0.559308	5.45514
68988	-1480.914	-1575.337	94.42303	0.5406349	0.6845444	0.440692	0.559308	5.287836
68994	-1497.573	-1591.568	93.9956	0.5977441	0.752792	0.47507	0.52493	5.443966
69000	-1494.777	-1589.445	94.66793	0.4339143	0.5439753	0.385686	0.614314	5.322772
69006	-1501.268	-1594.886	93.61748	0.2043104	0.5439753	0.385686	0.614314	6.024738
69012	-1501.201	-1595.229	94.02793	0.1479092	0.5027167	0.581635	0.418365	5.867541
69018	-1487.887	-1581.394	93.50656	0.1161467	0.679511	0.542888	0.457112	6.027079
69024	-1489.558	-1582.854	93.29596	0.2302388	0.6611308	0.544455	0.455545	6.09312
69030	-1481.667	-1574.694	93.02633	0.4379227	0.6549766	0.464869	0.535131	6.131412
69036	-1480.336	-1574.094	93.75811	0.3685147	0.5130539	0.35028	0.64972	5.885196
69042	-1489.56	-1583.036	93.47533	0.192572	0.6313997	0.476895	0.523105	6.038238
69048	-1488.143	-1581.96	93.81667	0.2735627	0.6313997	0.523373	0.476627	5.8076
69054	-1476.766	-1569.591	92.82449	0.3297128	0.6313997	0.536036	0.463964	6.317708
69060	-1477.319	-1572.676	95.35659	0.4999109	0.4596595	0.682823	0.317177	4.981975
69066	-1479.953	-1575.245	95.29168	0.4335358	0.4922036	0.51195	0.48805	5.023966
69072	-1481.308	-1576.458	95.15033	0.6646851	0.6159875	0.51195	0.48805	4.867851
69078	-1478.774	-1574.491	95.71617	0.658114	0.71369	0.554145	0.445855	4.480734
69084	-1481.936	-1577.866	95.92991	0.7039641	0.531144	0.558884	0.441116	4.480734
69090	-1485.769	-1581.449	95.68001	0.6486481	0.7686871	0.558884	0.441116	4.467765
69096	-1494.222	-1589.67	95.44803	0.5411199	0.7472015	0.521349	0.478651	4.673189
69102	-1483.449	-1578.416	94.96662	0.65961	0.7828345	0.489148	0.510852	4.851655
69108	-1490.387	-1584.1	93.71363	0.7979674	0.7537045	0.532691	0.467309	5.488332
69114	-1500.499	-1594.35	93.85024	0.6260488	0.7116629	0.553488	0.446512	5.536852
69120	-1497.566	-1592.113	94.54757	0.4542286	0.7020907	0.553488	0.446512	5.254066
69126	-1493.226	-1588.777	95.55188	0.7182658	0.7578215	0.405168	0.594832	4.50816
69132	-1493.824	-1589.953	96.12932	0.6992979	0.5522498	0.482407	0.517593	4.352331
69138	-1497.819	-1592.644	94.82476	0.5513709	0.5199102	0.562608	0.437392	5.19227
69144	-1490.977	-1584.568	93.59121	0.8939522	0.7951649	0.5872	0.4128	5.4753
69150	-1489.254	-1584.972	95.71858	0.8271969	0.6513468	0.520841	0.479159	4.430696
69156	-1492.582	-1587.112	94.5302	0.6605826	0.6290261	0.520841	0.479159	5.204134
69162	-1488.487	-1583.478	94.99015	0.4753311	0.8467887	0.500093	0.499907	4.899708
69168	-1487.697	-1582.798	95.10102	0.5921176	0.6625349	0.533229	0.466771	4.899708
69174	-1485.088	-1580.673	95.58467	0.6749674	0.5051163	0.533229	0.466771	4.714248
69180	-1489.866	-1584.16	94.29381	0.6792992	0.8037722	0.424607	0.575393	5.200499
69186	-1494.57	-1589.599	95.02849	0.5119063	0.7969222	0.390179	0.609821	4.890128
69192	-1479.107	-1572.566	93.45915	0.4969151	0.5858865	0.587504	0.412496	5.916752
69198	-1482.087	-1578.315	96.22826	0.6718774	0.5858865	0.632831	0.367169	4.283166
69204	-1493.331	-1588.451	95.12008	0.6420926	0.4135729	0.363263	0.636737	5.080826
69210	-1478.338	-1571.891	93.55233	0.5868773	0.4737854	0.497069	0.502931	5.914132
69216	-1492.088	-1587.5	95.41163	0.643415	0.633477	0.497069	0.502931	4.720068
69222	-1485.388	-1580.111	94.72249	0.7306723	0.5916683	0.563438	0.436562	5.088543
69228	-1480.382	-1576.907	96.52515	0.7418807	0.5857128	0.499658	0.500342	4.074931
69234	-1489.372	-1585.694	96.32124	0.6197189	0.5440045	0.388035	0.611965	4.29604
69240	-1481.963	-1577.139	95.17519	0.7535496	0.5440045	0.417715	0.582285	4.864261
69246	-1484.505	-1580.136	95.63081	0.7192965	0.5351906	0.486029	0.513971	4.63651
69252	-1494.796	-1589.309	94.51299	0.5519004	0.460135	0.497182	0.502818	5.41945
69258	-1491.33	-1585.603	94.27292	0.5665399	0.800589	0.497182	0.502818	5.27645
69264	-1485.333	-1579.712	94.37899	0.480603	0.4948685	0.500328	0.499672	5.4998
69270	-1483.407	-1579.158	95.75057	0.4807599	0.4338563	0.344595	0.655405	4.798906
69276	-1488.772	-1584.664	95.8919	0.6138254	0.4512875	0.35491	0.64509	4.627883
69282	-1479.514	-1575.15	95.63617	0.5966925	0.6241096	0.545173	0.454827	4.627883
69288	-1483.705	-1579.77	96.06522	0.9038297	0.9287203	0.459547	0.540453	4.001937
69294	-1485.904	-1579.958	94.05354	0.5977911	0.5519156	0.511243	0.488757	5.564035
69300	-1480.922	-1576.031	95.10892	0.5678258	0.4473696	0.460454	0.539546	5.093827
69306	-1493.118	-1587.773	94.65455	0.6942159	0.6588369	0.460454	0.539546	5.093827
69312	-1493.066	-1587.733	94.66689	0.6492732	0.6831335	0.500661	0.499339	5.093827
69318	-1487.533	-1582.127	94.59403	0.4944949	0.4774984	0.422302	0.577698	5.389885
69774	-1493.722	-1589.266	95.54433	0.5984416	0.3876207	0.462417	0.537583	4.897101
69780	-1489.774	-1584.414	94.6401	0.5593464	0.4854872	0.47754	0.52246	5.321236
69786	-1488.634	-1583.032	94.39836	0.5793911	0.5877691	0.421165	0.578835	5.354603
69792	-1481.595	-1574.923	93.32796	0.4262131	0.4355255	0.510538	0.489462	6.160882
69798	-1485.036	-1577.971	92.93481	0.5268255	0.6180061	0.522845	0.477155	6.160882
70014	-1480.776	-1575.043	94.26719	0.7009885	0.4142869	0.499714	0.500286	5.518465
70020	-1489.146	-1583.132	93.98647	0.7009885	0.5828452	0.634276	0.365724	5.518465
70026	-1487.249	-1580.572	93.32244	0.334154	0.545682	0.473865	0.526135	6.113302
70032	-1493.583	-1586.507	92.92366	0.2482194	0.5561025	0.572484	0.427516	6.368024
70038	-1494.502	-1586.518	92.01553	0.4716111	0.7046658	0.337094	0.662906	6.625703
70044	-1483.545	-1577.356	93.81109	0.4734503	0.6455652	0.396303	0.603697	5.690406
70050	-1481.724	-1575.775	94.05151	0.5872803	0.4233734	0.519768	0.480232	5.689973
70056	-1478.259	-1572.25	93.99176	0.6526091	0.6135611	0.519768	0.480232	5.517548
70062	-1475.512	-1569.619	94.10781	0.4246148	0.6135611	0.506992	0.493008	5.57906
70068	-1483.644	-1578.595	94.95047	0.5936503	0.5018209	0.575113	0.424887	5.115564
70074	-1481.467	-1576.515	95.04734	0.5031447	0.6103077	0.494512	0.505488	5.019523
70080	-1480.96	-1574.182	93.22239	0.5533328	0.5568797	0.56911	0.43089	6.038981
70086	-1492.627	-1585.982	93.35506	0.4206604	0.5568797	0.56911	0.43089	6.038981
70092	-1490.047	-1584.325	94.27801	0.5788218	0.4973654	0.52632	0.47368	5.499038
70098	-1485.727	-1581.72	95.9927	0.5623973	0.4973654	0.504858	0.495142	4.555818
70104	-1488.104	-1583.688	95.58374	0.6067744	0.5390129	0.492717	0.507283	4.722486
70110	-1492.509	-1587.2	94.69043	0.6053183	0.5390129	0.426413	0.573587	5.219946
70116	-1491.147	-1587.419	96.27216	0.6040854	0.4630955	0.482251	0.517749	4.407885
70122	-1480.695	-1576.491	95.79557	0.599729	0.4788282	0.573282	0.426718	4.662923
70128	-1485.705	-1579.809	94.1043	0.5355961	0.6532389	0.476058	0.523942	5.489479
70134	-1485.744	-1578.821	93.0776	0.5273829	0.6254369	0.367406	0.632594	6.077097
70170	-1495.894	-1591.964	96.0699	0.7010437	0.6807498	0.508652	0.491348	4.281113
70176	-1505.238	-1602.627	97.38859	0.7010437	0.5889088	0.574312	0.425688	3.599198
70182	-1490.03	-1588.034	98.00388	1.001589	0.6067669	0.406956	0.593044	3.044592
70188	-1498.949	-1597.037	98.08874	1.178609	0.2913611	0.378352	0.621648	3.230656
70194	-1486.94	-1582.702	95.76267	0.6144452	0.4946335	0.386178	0.613822	4.658191
70200	-1485.988	-1582.58	96.5918	0.8132884	0.6004203	0.358623	0.641377	3.983815
70206	-1487.925	-1582.903	94.97745	0.8132884	0.5978129	0.558922	0.441078	4.895971
70212	-1496.345	-1593.555	97.21054	1.042525	0.5978129	0.566938	0.433062	3.496478
70218	-1495.398	-1591.94	96.54174	0.91347	0.4829586	0.552772	0.447228	4.06026
70224	-1500.722	-1597.426	96.70408	0.9225167	0.691246	0.458404	0.541596	3.784735
70230	-1481.761	-1578.831	97.0691	0.832745	0.5905418	0.458404	0.541596	3.706592
70236	-1481.423	-1577.821	96.3978	0.8085379	0.5330259	0.40339	0.59661	4.155317
70242	-1484.507	-1580.502	95.99548	0.6836717	0.7990676	0.568125	0.431875	4.249246
70248	-1480.945	-1576.307	95.36138	0.5480378	0.4343401	0.39462	0.60538	4.977714
70254	-1486.344	-1582.182	95.83765	0.6693042	0.4281717	0.448123	0.551877	4.650606
70260	-1488.42	-1583.574	95.154	0.6378419	0.5828468	0.451552	0.548448	4.907615
70266	-1488.289	-1584.044	95.75597	0.5751477	0.6684396	0.413481	0.586519	4.538436
70272	-1496.176	-1589.655	93.47893	0.468906	0.4393383	0.56718	0.43282	6.05165
70278	-1499.937	-1595.679	95.74163	0.6079458	0.6149631	0.409391	0.590609	4.569696
70284	-1488.853	-1583.131	94.27762	0.538571	0.5302491	0.430555	0.569445	5.492044
70290	-1499.051	-1594.288	95.23629	0.618885	0.5916512	0.494282	0.505718	4.865096
70296	-1484.201	-1579.579	95.37768	0.5842166	0.5220863	0.37647	0.62353	4.865096
70302	-1491.146	-1584.475	93.32811	0.3530962	0.6332572	0.537151	0.462849	6.029567
70308	-1489.224	-1583.596	94.37227	0.6181042	0.6011859	0.507203	0.492797	5.336809
70314	-1481.789	-1575.462	93.67343	0.4929511	0.6011859	0.466625	0.533375	5.789518
70320	-1487.932	-1581.684	93.75235	0.7712588	0.5559436	0.40687	0.59313	5.630756
70326	-1481.207	-1575.023	93.81602	0.4762113	0.7181341	0.453461	0.546539	5.633378
70332	-1482.141	-1578.149	96.00804	0.7001577	0.4882945	0.576382	0.423618	4.47826
70338	-1486.292	-1582.598	96.30677	0.7978012	0.5328426	0.409264	0.590736	4.213266
70344	-1481.218	-1577.143	95.92473	0.7298051	0.5723959	0.409264	0.590736	4.433243
70350	-1475.979	-1570.952	94.97359	0.583251	0.5555525	0.47481	0.52519	5.061115
70356	-1473.564	-1569.749	96.18465	0.8832396	0.5866623	0.440958	0.559042	4.187412
70362	-1477.096	-1573.352	96.25566	0.8832396	0.6054305	0.425453	0.574547	4.131478
70368	-1486.116	-1582.737	96.62091	0.7586055	0.3998218	0.484181	0.515819	4.188722
70374	-1495.338	-1589.975	94.63669	0.8965338	0.4683476	0.443192	0.556808	5.152918
70380	-1485.908	-1580.732	94.82334	0.6155305	0.8034619	0.5023	0.4977	4.942344
70386	-1485.786	-1580.564	94.77845	0.6230931	0.8618461	0.419923	0.580077	4.925878
70392	-1487.916	-1583.655	95.73935	0.6307904	0.6309895	0.516639	0.483361	4.545409
70398	-1489.501	-1584.463	94.96243	0.6702502	0.6486408	0.446126	0.553874	4.943905
70404	-1481.575	-1576.538	94.96243	0.6702502	0.6486408	0.352777	0.647223	4.943905
70410	-1488.129	-1581.878	93.74864	0.6667311	0.7697568	0.55435	0.44565	5.530446
70416	-1479.574	-1573.852	94.27845	0.6560785	0.7697568	0.445336	0.554664	5.244307
70422	-1481.57	-1576.806	95.23617	0.7749241	0.8584678	0.494308	0.505692	4.587393
70428	-1481.454	-1575.685	94.23129	0.7147273	0.7928294	0.370386	0.629614	5.222635
70434	-1468.233	-1562.392	94.15896	0.7036515	0.7051316	0.579808	0.420192	5.328745
70452	-1483.579	-1578.889	95.31059	0.7926674	0.5042454	0.496423	0.503577	4.802416
70458	-1479.208	-1573.797	94.5895	0.711086	0.5537294	0.384384	0.615616	5.204624
70464	-1476.556	-1571.548	94.9929	0.7834608	0.5700231	0.424922	0.575078	4.92691
70470	-1476.118	-1570.613	94.49528	0.6993106	0.5584597	0.472283	0.527717	5.259207
70476	-1483.363	-1577.672	94.30822	0.3789967	0.537732	0.444216	0.555784	5.55645
70482	-1482.411	-1576.529	94.11774	0.3963526	0.6561609	0.588103	0.411897	5.55645
70488	-1480.725	-1573.686	92.96121	0.2992836	0.4967837	0.587366	0.412634	6.371304
70494	-1476.128	-1571.514	95.3863	0.6418845	0.5431908	0.372359	0.627641	4.809513
70524	-1480.959	-1575.036	94.0776	0.3921387	0.5260082	0.556343	0.443657	5.685994
70530	-1488.371	-1583.428	95.05739	0.7433758	0.8375177	0.527566	0.472434	4.718494
70536	-1482.355	-1577.743	95.38793	0.8136667	0.5859747	0.458641	0.541359	4.676274
70542	-1487.031	-1583.585	96.55369	0.7890603	0.818086	0.52389	0.47611	3.858013
70548	-1484.323	-1580.031	95.70777	0.6680279	0.5935507	0.52389	0.47611	4.572363
70554	-1481.399	-1576.754	95.35451	0.5761795	0.534367	0.52389	0.47611	4.871599
70560	-1478.562	-1574.465	95.90368	0.6859085	0.6178775	0.542356	0.457644	4.432354
70566	-1491.044	-1585.685	94.64062	0.494244	0.6494024	0.480795	0.519205	5.219404
70572	-1479.386	-1574.49	95.10338	0.6799947	0.5544454	0.61332	0.38668	4.936202
70578	-1488.43	-1582.058	93.6275	0.2803918	0.5544454	0.5116	0.4884	5.968929
70584	-1489.39	-1581.907	92.51744	0.330417	0.4586506	0.537214	0.462786	6.630077
70590	-1487.656	-1581.854	94.19743	0.3862784	0.4750076	0.479064	0.520936	5.669734
70596	-1487.252	-1581.302	94.04996	0.374809	0.5742555	0.608925	0.391075	5.669734
70602	-1481.836	-1577.212	95.37606	0.5096592	0.5742555	0.314546	0.685454	4.862463
70608	-1482.646	-1578.117	95.47066	0.6104335	0.552248	0.435201	0.564799	4.772133
70632	-1480.336	-1574.788	94.45106	0.5422305	0.6060163	0.444618	0.555382	5.331341
70638	-1481.197	-1575.838	94.64092	0.5164009	0.6832597	0.470349	0.529651	5.181722
70644	-1489.025	-1582.751	93.72585	0.5841943	0.81695	0.483595	0.516405	5.557525
70650	-1483.603	-1579.284	95.68081	0.7406862	0.4622282	0.474884	0.525116	4.664287
70656	-1478.117	-1572.5	94.38319	0.6190508	0.4622282	0.48307	0.51693	5.451934
70662	-1486.001	-1582.294	96.29311	0.6877123	0.5397262	0.532623	0.467377	4.277263
70668	-1476.507	-1572.118	95.61071	0.4921069	0.5351339	0.532623	0.467377	4.774902
70674	-1492.487	-1587.431	94.94366	0.3966829	0.5351339	0.597428	0.402572	5.198656
70680	-1487.426	-1582.194	94.76837	0.5855306	0.5351339	0.540319	0.459681	5.191153
70686	-1484.964	-1578.574	93.61019	0.4491022	0.6125826	0.503487	0.496513	5.839108
70692	-1487.332	-1582.918	95.58682	0.6472507	0.5278667	0.527032	0.472968	4.707977
70698	-1488.205	-1583.164	94.95863	0.628349	0.916551	0.511904	0.488096	4.789229
70704	-1492.413	-1588.278	95.86423	0.7682479	0.5397851	0.657669	0.342331	4.473859
70710	-1484.837	-1579.526	94.68929	0.4957121	0.6237365	0.525813	0.474187	5.211455
70716	-1490.847	-1585.625	94.77829	0.3879407	0.4635134	0.475279	0.524721	5.360348
70722	-1493.639	-1590.019	96.38026	0.6956622	0.5321195	0.488956	0.511044	4.230167
70728	-1486.566	-1583.442	96.876	0.7692871	0.5551534	0.386102	0.613898	3.88496
70734	-1489.286	-1586.604	97.3178	0.8288529	0.7174866	0.43432	0.56568	3.463343
70740	-1486.529	-1582.276	95.74746	0.7264431	0.7174866	0.469614	0.530386	4.421881
70746	-1480.699	-1577.403	96.7047	0.8020214	0.6116067	0.342847	0.657153	3.916385
70752	-1476.813	-1572.196	95.38296	0.5766835	0.4109217	0.374678	0.625322	4.97397
70758	-1480.991	-1576.297	95.30599	0.5608893	0.6726229	0.453233	0.546767	4.795271
70764	-1481.984	-1577.499	95.51519	0.7735938	0.7502353	0.453233	0.546767	4.502935
70770	-1480.342	-1576.606	96.26321	0.6106079	0.5508385	0.4339	0.5661	4.328015
70776	-1480.634	-1575.885	95.25021	0.7522924	0.4921697	0.493184	0.506816	4.869765
70782	-1487.04	-1584.56	97.51984	0.9359817	0.5937202	0.399928	0.600072	3.38135
70788	-1479.298	-1574.35	95.05112	0.7602597	0.5937202	0.399928	0.600072	4.887807
70794	-1477.533	-1571.137	93.60394	0.6998738	0.678621	0.638021	0.361979	5.655277
70800	-1478.161	-1574.748	96.58682	0.7070933	0.6262598	0.439933	0.560067	4.026199
70806	-1474.697	-1571.21	96.51303	0.8983448	0.5468305	0.580162	0.419838	4.026199
70812	-1474.328	-1569.648	95.3192	0.7311794	0.5468305	0.580162	0.419838	4.793966
70818	-1479.205	-1573.645	94.44042	0.7127401	0.7446928	0.402274	0.597726	5.140386
70824	-1479.118	-1575.723	96.60503	0.7461617	0.4087509	0.473202	0.526798	4.195102
70830	-1472.667	-1568.785	96.11723	0.7461617	0.5615516	0.473202	0.526798	4.32462
70836	-1473.437	-1569.756	96.3191	0.6088644	0.5615516	0.584284	0.415716	4.288089
70842	-1479.226	-1574.197	94.97072	0.5219684	0.5685357	0.488912	0.511088	5.085731
70848	-1477.297	-1571.707	94.40995	0.4167046	0.4165681	0.493628	0.506372	5.593869
70854	-1481.073	-1575.532	94.45855	0.3681047	0.4165681	0.493628	0.506372	5.593869
70860	-1486.025	-1580.33	94.30522	0.6347448	0.4769844	0.633567	0.366433	5.472182
70866	-1480.731	-1574.856	94.12517	0.6474172	0.5175806	0.39979	0.60021	5.527172
70872	-1476.735	-1571.34	94.60444	0.4358039	0.5097102	0.488683	0.511317	5.386873
70878	-1482.236	-1576.085	93.84852	0.4874477	0.5901218	0.488683	0.511317	5.705499
70884	-1484.79	-1579.16	94.37068	0.3509708	0.5901218	0.635318	0.364682	5.493747
70890	-1486.163	-1580.754	94.59021	0.2548611	0.5177849	0.467934	0.532066	5.487125
70896	-1482.306	-1576.196	93.89005	0.6116101	0.6736546	0.393634	0.606366	5.550301
70902	-1482.605	-1577.407	94.80231	0.7423726	0.6336694	0.489225	0.510775	5.004359
70908	-1480.201	-1577.892	97.69077	1.117461	0.4522487	0.465601	0.534399	3.307887
70914	-1483.603	-1581.849	98.24554	1.342742	0.6138568	0.479295	0.520705	2.685307
70920	-1496.781	-1593.607	96.82581	1.269033	1.117362	0.615841	0.384159	3.240648
70926	-1487.682	-1585.111	97.42935	1.131407	0.6903459	0.294167	0.705833	3.240648
70932	-1487.864	-1582.871	95.00689	0.889575	0.9963193	0.507872	0.492128	4.569781
70938	-1490.072	-1586.792	96.71963	0.7343959	0.5632737	0.402363	0.597637	3.987397
70944	-1491.634	-1587.588	95.95383	0.8207239	0.7039955	0.492878	0.507122	4.261799
70950	-1487.912	-1581.595	93.6825	0.5962121	0.5144329	0.497642	0.502358	5.800813
70956	-1491.402	-1587.397	95.99531	0.574059	0.579483	0.327083	0.672917	4.47524
70962	-1492.314	-1586.039	93.72452	0.4895708	0.5444272	0.436986	0.563014	5.810097
70968	-1486.983	-1580.918	93.93536	0.5792283	0.6282937	0.401867	0.598133	5.57738
70974	-1480.667	-1574.583	93.91546	0.5792283	0.6425505	0.423309	0.576691	5.57738
70980	-1484.817	-1579.73	94.91318	0.5358196	0.5186982	0.379854	0.620146	5.153017
70986	-1476.107	-1571.525	95.4183	0.5769803	0.6205716	0.559002	0.440998	4.763633
70992	-1485.37	-1580	94.62932	0.7561579	0.7192848	0.591824	0.408176	5.029303
70998	-1493.629	-1588.806	95.17653	0.6722062	0.4169244	0.394208	0.605792	5.029303
71004	-1493.458	-1590.098	96.64033	0.7709117	0.5666476	0.473306	0.526694	4.008924
71010	-1474.407	-1569.421	95.0132	0.5254133	0.6015741	0.490749	0.509251	5.033113
71016	-1480.07	-1574.965	94.89526	0.6433535	0.6015741	0.441325	0.558675	5.033113
71022	-1474.436	-1568.621	94.18501	0.5933622	0.5664144	0.441325	0.558675	5.48201
71028	-1477.963	-1571.742	93.7785	0.4833663	0.5335261	0.451256	0.548744	5.793314
71034	-1478.209	-1574.369	96.15934	0.8729624	0.5563847	0.598	0.402	4.233462
71040	-1475.836	-1571.093	95.25702	0.7889719	0.5490503	0.421979	0.578021	4.79449
71046	-1479.448	-1575.224	95.77532	0.9201316	0.5919699	0.458533	0.541467	4.393774
71052	-1478.641	-1572.362	93.72122	0.6685806	0.5237231	0.580292	0.419708	5.731804
71058	-1479.611	-1574.352	94.74146	0.6685806	0.3498909	0.476219	0.523781	5.345708
71064	-1477.768	-1572.029	94.26041	0.4554591	0.5068038	0.447214	0.552786	5.567969
71070	-1480.061	-1573.71	93.6495	0.5932505	0.4526096	0.600728	0.399272	5.877737
71076	-1480.855	-1575.985	95.1303	0.7403138	0.6036774	0.519847	0.480153	4.846722
71082	-1484.76	-1580.307	95.54748	0.6584176	0.4413021	0.516202	0.483798	4.80557
71088	-1476.791	-1571.748	94.95688	0.7410155	0.7920105	0.549297	0.450703	4.80557
71094	-1471.767	-1568.345	96.57879	0.9887182	0.5843489	0.44055	0.55945	3.904315
71100	-1476.025	-1571.413	95.388	0.8733833	0.6282419	0.441188	0.558812	4.60862
71106	-1485.338	-1579.034	93.69634	0.7122098	0.4629957	0.428572	0.571428	5.777073
71112	-1488.761	-1584.757	95.99528	0.5700658	0.4783475	0.436018	0.563982	4.568028
71118	-1482.813	-1578.791	95.97758	0.7431004	0.3930685	0.436018	0.563982	4.568028
71124	-1487.287	-1582.184	94.89684	0.6519839	0.3996279	0.485318	0.514682	5.213702
71130	-1486.669	-1582.09	95.42083	0.6473583	0.6878931	0.4577	0.5423	4.671387
71136	-1489.904	-1586.059	96.15488	0.6375062	0.6072454	0.4577	0.5423	4.326484
71142	-1489.985	-1586.24	96.25491	0.8988256	0.6072454	0.43079	0.56921	4.121546
71148	-1479.432	-1575.384	95.95178	0.7262429	0.5221219	0.41678	0.58322	4.46398
71154	-1488.012	-1583.995	95.98239	0.5604633	0.4547469	0.376258	0.623742	4.603632
71160	-1485.874	-1581.377	95.5027	0.8048527	0.4766373	0.384251	0.615749	4.714128
71166	-1478.653	-1573.679	95.0256	0.5910547	0.386752	0.471292	0.528708	5.190069
71172	-1478.204	-1574.189	95.98495	0.8033446	0.5070306	0.363846	0.636154	4.415629
71178	-1481.098	-1575.655	94.55728	0.8033446	0.6364806	0.475486	0.524514	5.104312
71184	-1491.87	-1585.382	93.51153	0.4916174	0.4935848	0.544406	0.455594	5.97012
71262	-1484.313	-1581.262	96.94924	0.6175337	0.5237395	0.487433	0.512567	3.958182
71268	-1481.372	-1578.406	97.03454	0.7764971	0.5484564	0.500357	0.499643	3.79562
71292	-1483.616	-1580.527	96.91083	0.9455067	0.4951045	0.509314	0.490686	3.818853
71298	-1492.939	-1587.033	94.09447	0.6428155	0.7252543	0.49231	0.50769	5.383647
71304	-1482.235	-1577.96	95.7249	0.727701	0.5536258	0.364777	0.635223	4.562904
71310	-1487.465	-1581.562	94.09674	0.8084648	0.8651982	0.403977	0.596023	5.199177
71316	-1494.91	-1588.59	93.68002	0.5507353	0.7082746	0.403977	0.596023	5.674036
71322	-1485.771	-1581.155	95.38443	0.560128	0.4417817	0.497361	0.502639	4.95068
71328	-1488.471	-1584.057	95.58547	0.5594524	0.4916507	0.34377	0.65623	4.790819
71334	-1488.745	-1583.166	94.4213	0.7991411	0.745758	0.580511	0.419489	5.102369
71340	-1490.957	-1585.195	94.23831	0.8502805	0.7242443	0.444208	0.555792	5.190353
71346	-1484.943	-1579.662	94.71905	0.6332303	0.7058686	0.491496	0.508504	5.057296
71352	-1481.269	-1575.376	94.1068	0.4612186	0.5157867	0.447432	0.552568	5.641103
71358	-1487.91	-1582.573	94.66245	0.7204581	0.6032535	0.534253	0.465747	5.118122
71364	-1487.327	-1581.626	94.29981	0.5067838	0.6638728	0.40581	0.59419	5.389734
71370	-1489.617	-1582.541	92.92391	0.7288575	0.7355457	0.546282	0.453718	5.971205
71376	-1501.526	-1596.548	95.0215	0.5558399	0.4928696	0.563564	0.436436	5.105385
71382	-1498.726	-1593.782	95.05617	0.5755573	0.5397371	0.495764	0.504236	5.033166
71388	-1493.563	-1588.608	95.04542	0.7739612	0.6648257	0.495764	0.504236	4.827625
71394	-1496.415	-1589.114	92.69847	0.621477	0.6347983	0.495764	0.504236	6.225073
71400	-1492.101	-1587.976	95.87412	0.6020502	0.6347983	0.558426	0.441574	4.482796
71406	-1486.668	-1581.779	95.11139	0.5665938	0.4721821	0.634033	0.365967	5.069025
71412	-1480.809	-1575.944	95.13512	0.6521829	0.5486849	0.461198	0.538802	4.938961
71418	-1481.608	-1575.938	94.32909	0.6321277	0.5699759	0.389302	0.610698	5.37835
71424	-1481.91	-1576.361	94.45043	0.7298978	0.7262898	0.387138	0.612862	5.13813
71430	-1487.299	-1581.245	93.94586	0.5168182	0.4601057	0.430551	0.569449	5.750203
71436	-1481.313	-1575.261	93.94818	0.6911394	0.6654914	0.537405	0.462595	5.480639
71442	-1480.213	-1575.773	95.55947	0.639485	0.5513572	0.449291	0.550709	4.707023
71448	-1482.161	-1575.836	93.67472	0.6730296	0.5779459	0.449291	0.550709	5.708929
71454	-1484.927	-1578.853	93.92648	0.5835959	0.4762499	0.437643	0.562357	5.708929
71460	-1491.953	-1585.454	93.50093	0.6800231	0.4430455	0.437643	0.562357	5.92082
71466	-1481.36	-1576.979	95.61886	0.808299	0.5626369	0.437643	0.562357	4.569443
71472	-1483.846	-1580.812	96.96616	0.9539912	0.4967138	0.449629	0.550371	3.780566
71478	-1480.361	-1576.698	96.33693	0.9539912	0.990728	0.449629	0.550371	3.780566
71484	-1483.761	-1580.008	96.24708	0.9989359	0.5589998	0.449629	0.550371	4.109774
71490	-1486.05	-1582.708	96.65821	1.090415	0.5604253	0.392094	0.607906	3.820947
71496	-1487.112	-1583.654	96.54247	0.9994108	0.631853	0.517004	0.482996	3.87976
71502	-1483.894	-1578.429	94.53431	0.8902546	0.631853	0.555522	0.444478	5.072445
71508	-1473.286	-1570.278	96.99194	0.7498046	0.478505	0.498692	0.501308	3.900739
71514	-1485.994	-1582.9	96.90611	0.9900712	0.7075533	0.492009	0.507991	3.616611
71550	-1486.349	-1581.099	94.74941	0.5693237	0.557864	0.462541	0.537459	5.191072
71556	-1486.217	-1580.236	94.01861	0.5016318	0.6961285	0.529519	0.470481	5.523759
71562	-1488.898	-1584.455	95.55685	0.6359298	0.7160494	0.464651	0.535349	4.581042
71568	-1490.196	-1584.771	94.57548	0.58739	0.5362541	0.464651	0.535349	5.295764
71574	-1488.406	-1582.968	94.56181	0.5368341	0.6191591	0.453977	0.546023	5.262782
71580	-1484.746	-1580.081	95.335	0.4504445	0.6137543	0.378634	0.621366	4.886099
71586	-1494.926	-1591.616	96.69071	0.618631	0.6119365	0.386642	0.613358	4.029017
71592	-1482.355	-1577.192	94.83652	0.6151302	0.6112675	0.471358	0.528642	5.07361
71598	-1489.677	-1583.954	94.27709	0.6151302	0.5789271	0.467588	0.532412	5.408975
71604	-1484.526	-1579.47	94.94345	0.5413083	0.5898982	0.459133	0.540867	5.072467
71610	-1491.596	-1587.542	95.94574	0.8635118	0.4120139	0.478885	0.521115	4.497817
71616	-1484.708	-1578.539	93.83072	0.7589698	0.6844235	0.478885	0.521115	5.494027
71622	-1479.166	-1573.515	94.34967	0.7374342	0.6208752	0.498882	0.501118	5.267811
71628	-1482.067	-1576.037	93.9699	0.6467213	0.4954035	0.487179	0.512821	5.632787
71634	-1484.84	-1578.53	93.69044	0.8597644	0.5666369	0.499367	0.500633	5.607216
71640	-1482.928	-1577.059	94.13121	0.778694	0.4690257	0.314649	0.685351	5.496246
71646	-1481.714	-1577.234	95.51966	0.7577007	0.6939909	0.548211	0.451789	4.549583
71652	-1482.454	-1576.881	94.42694	0.5030221	0.5773985	0.549972	0.450028	5.389436
71658	-1480.369	-1575.225	94.85553	0.6405036	0.4651972	0.549972	0.450028	5.176534
71664	-1479.232	-1572.182	92.94969	0.6446911	0.4879453	0.370724	0.629276	6.197954
71670	-1471.674	-1565.974	94.29997	0.6629769	0.4879453	0.453836	0.546164	5.449307
71676	-1476.611	-1572.084	95.47243	0.686776	0.5469222	0.378749	0.621251	4.73309
71682	-1483.232	-1578.712	95.48006	0.6791498	0.5469222	0.378749	0.621251	4.73309
71688	-1483.894	-1578.855	94.96163	0.7955985	0.5415166	0.519818	0.480182	4.961896
72030	-1490.586	-1586.196	95.61041	0.7862967	0.6636435	0.401268	0.598732	4.505199
72036	-1494.018	-1590.388	96.36984	0.8670033	0.6598573	0.40732	0.59268	4.032243
72330	-1489.077	-1586.437	97.36045	1.09155	0.3617207	0.403697	0.596303	3.617089
72336	-1491.08	-1588.038	96.95858	0.7485639	0.3879053	0.403697	0.596303	4.015381
72342	-1486.385	-1579.451	93.06566	0.5609348	0.7103108	0.535477	0.464523	6.002986
72348	-1489.298	-1583.304	94.00552	0.7717113	0.3962039	0.535477	0.464523	5.642312
72354	-1489.43	-1583.351	93.92045	0.8282444	0.5657027	0.535477	0.464523	5.498925
72360	-1482.311	-1576.834	94.52244	0.8282444	0.5657027	0.577841	0.422159	5.166779
72366	-1491.927	-1586.27	94.34284	0.7040726	0.6573023	0.459215	0.540785	5.262044
72372	-1483.823	-1581.806	97.983	0.9468008	0.4824519	0.455563	0.544437	3.20515
72378	-1490.718	-1585.585	94.86721	0.7607396	0.5730521	0.392308	0.607692	5.006884
72384	-1478.331	-1571.873	93.542	0.5577658	0.482662	0.351508	0.648492	5.927403
72390	-1472.408	-1566.128	93.71988	0.4478995	0.6296854	0.431951	0.568049	5.766475
72396	-1478.16	-1573.135	94.97462	0.7724945	0.6346242	0.483005	0.516995	4.891023
72402	-1478.749	-1574.434	95.68508	0.7724945	0.5718064	0.483005	0.516995	4.544567
72408	-1487.617	-1583.596	95.97886	0.7552683	0.4796056	0.427178	0.572822	4.471937
72414	-1485.6	-1582.023	96.42318	0.8535076	0.4179585	0.537793	0.462207	4.227524
72420	-1495.624	-1591.801	96.1768	0.8365694	0.5757893	0.570635	0.429365	4.227524
72426	-1487.846	-1584.012	96.16606	0.9170953	0.4927206	0.5958	0.4042	4.262367
72870	-1499.077	-1594.704	95.62753	0.9055497	1.123509	0.494397	0.505603	4.141332
72876	-1495.62	-1593.252	97.63254	0.9170637	0.5745859	0.372959	0.627041	3.342925
73020	-1491.739	-1586.167	94.42807	0.635787	0.4013925	0.478595	0.521405	5.479332
73026	-1483.875	-1579.713	95.83785	0.5593691	0.4102275	0.357933	0.642067	4.730772
73032	-1477.022	-1572.193	95.17162	0.6409572	0.8083016	0.435905	0.564095	4.730772
73038	-1474.315	-1567.687	93.37199	0.4843902	0.645655	0.358042	0.641958	5.924584
73044	-1475.79	-1571.796	96.00626	0.7997544	0.645655	0.370343	0.629657	4.288139
73050	-1478.486	-1573.673	95.18704	0.7081437	0.6005756	0.356978	0.643022	4.83553
73056	-1467.78	-1563.352	95.57185	0.558284	0.4536519	0.465108	0.534892	4.83553
73062	-1466.931	-1561.439	94.50821	0.7616168	0.7611766	0.635185	0.364815	5.06444
73068	-1472.987	-1569.086	96.09932	0.5586922	0.5514367	0.416801	0.583199	4.449274
73074	-1466.313	-1560.968	94.65491	0.6548594	0.5384072	0.447602	0.552398	5.212716
73080	-1475.419	-1570.512	95.09332	0.5437136	0.6360011	0.45091	0.54909	4.951216
73086	-1475.283	-1570.372	95.08849	0.4894172	0.5800512	0.655872	0.344128	5.028862
73092	-1474.643	-1569.543	94.89965	0.4176531	0.4945045	0.475877	0.524123	5.2478
73098	-1477.844	-1572.576	94.7314	0.5050456	0.7275298	0.332783	0.667217	5.106167
73104	-1475.241	-1570.752	95.51159	0.8135742	0.4936437	0.464364	0.535636	4.688204
73110	-1473.814	-1568.839	95.02505	0.5793877	0.6145371	0.557699	0.442301	4.986184
73116	-1473.538	-1569.481	95.94309	0.6738108	0.6217972	0.433779	0.566221	4.413817
73272	-1501.712	-1597.622	95.90961	0.676614	0.3938036	0.423119	0.576881	4.642645
73278	-1489.205	-1585.222	96.01717	0.925122	0.4491596	0.423119	0.576881	4.384477
73284	-1489.765	-1586.461	96.69609	0.5895274	0.5923896	0.466799	0.533201	4.058727
73290	-1494.049	-1590.349	96.30078	0.6522118	0.7175446	0.477558	0.522442	4.150649
73296	-1491.74	-1586.543	94.80267	0.5586562	0.6211614	0.487338	0.512662	5.115862
73302	-1485.203	-1579.856	94.65319	0.5035268	0.6012746	0.417545	0.582455	5.244885
73308	-1474.995	-1570.847	95.85281	0.7261298	0.7614139	0.482466	0.517534	4.331582
73314	-1481.009	-1577.783	96.77352	0.7865472	0.4214227	0.522399	0.477601	4.062724
73320	-1479.884	-1576.632	96.7478	0.8046742	0.4255164	0.530037	0.469963	4.062724
73326	-1483.546	-1580.782	97.23513	0.8561198	0.5622924	0.481021	0.518979	3.621396
73332	-1487.222	-1584.376	97.1536	0.937643	0.5622924	0.513292	0.486708	3.621396
73338	-1489.441	-1584.884	95.44294	0.6534358	0.4722892	0.491611	0.508389	4.836227
73344	-1485.892	-1580.092	94.19998	0.7718588	0.6418391	0.491611	0.508389	5.315226
73350	-1498.428	-1593.3	94.87166	0.5972972	0.5123971	0.670093	0.329907	5.14761
73356	-1487.867	-1582.19	94.32276	0.4281765	0.6251418	0.670093	0.329907	5.449862
74442	-1498.808	-1594.445	95.63685	0.58277	0.585748	0.571846	0.428154	4.666374
74448	-1492.1	-1587.436	95.33633	0.6929473	0.5053911	0.373094	0.626906	4.842637
74454	-1495.246	-1590.849	95.60346	0.6929473	0.5448337	0.505289	0.494711	4.658132
74460	-1486.777	-1582.618	95.84114	0.6941965	0.58285	0.337586	0.662414	4.491574
74466	-1494.058	-1588.629	94.57149	0.6466893	0.4820213	0.387338	0.612662	5.31413
74472	-1492.803	-1586.318	93.5144	0.5786439	0.6074589	0.295173	0.704827	5.824673
74478	-1488.982	-1583.316	94.33447	0.564607	0.6421568	0.544237	0.455763	5.355129
74484	-1487.626	-1581.097	93.4712	0.5722028	0.6113533	0.396178	0.603822	5.84876
74520	-1493.188	-1588.164	94.9768	0.7543688	0.5993161	0.525848	0.474152	4.927915
74526	-1484.946	-1580.597	95.65134	0.7567123	0.4315225	0.620775	0.379225	4.702538
74532	-1479.969	-1574.089	94.12001	0.4782687	0.5689598	0.523826	0.476174	5.578889
74538	-1473.211	-1568.301	95.09046	0.4266137	0.4736765	0.474621	0.525379	5.156776
74544	-1481.127	-1576.785	95.65808	0.7214325	0.4324663	0.489288	0.510712	4.717532
74550	-1490.839	-1587.157	96.31851	0.8422941	0.5808433	0.489288	0.510712	4.139514
74556	-1481.647	-1576.677	95.03059	0.7735228	0.5808433	0.387452	0.612548	4.902439
74562	-1485.657	-1581.795	96.13756	0.8831509	0.5808433	0.41608	0.58392	4.219082
74568	-1481.55	-1576.496	94.94586	0.7360538	0.5939008	0.579126	0.420874	4.959707
74574	-1484.099	-1578.862	94.76268	0.7566556	0.5939008	0.342216	0.657784	5.050022
74580	-1474.068	-1567.117	93.04866	0.3745304	0.4882842	0.504386	0.495614	6.290691
74586	-1488.639	-1583.635	94.99639	0.432931	0.6322606	0.658189	0.341811	5.069489
74592	-1487.75	-1583.008	95.25837	0.7695444	0.5402362	0.445208	0.554792	4.812241
74598	-1499.536	-1596.257	96.72013	0.8640723	0.5402362	0.578417	0.421583	3.933246
74604	-1500.598	-1596.562	95.9646	0.941456	0.5091235	0.459397	0.540603	4.34723
74610	-1489.313	-1585.754	96.44072	0.8860613	0.4834995	0.484617	0.515383	4.132881
74616	-1499.106	-1594.856	95.74976	0.6394203	0.8089006	0.507703	0.492297	4.406634
74622	-1499.352	-1594.448	95.09604	0.8344433	0.7471235	0.36272	0.63728	4.706075
74628	-1491.245	-1587.932	96.68716	0.9116211	0.5329774	0.347877	0.652123	3.931438
74634	-1501.506	-1599.979	98.47329	1.125825	0.8201043	0.66014	0.33986	2.514655
74640	-1486.832	-1584.807	97.97521	0.8190289	0.4971085	0.511081	0.488919	3.270776
74646	-1494.98	-1590.444	95.46351	0.7702035	0.8120963	0.509788	0.490212	4.492104
74652	-1483.554	-1577.599	94.04544	0.5294045	0.5572009	0.540861	0.459139	5.601579
74658	-1484.168	-1579.825	95.65734	0.6846889	0.5826712	0.520694	0.479306	4.600318
74664	-1479.065	-1573.524	94.45867	0.4634136	0.5517691	0.560122	0.439878	5.41522
74670	-1481.734	-1576.08	94.34605	0.610669	0.5647453	0.496638	0.503362	5.385192
74676	-1492.956	-1588.618	95.66201	0.610669	0.3909526	0.506464	0.493536	4.821052
74682	-1489.63	-1582.519	92.88853	0.5926234	0.7395345	0.382402	0.617598	6.062067
74688	-1479.879	-1574.051	94.17148	0.5926234	0.7395345	0.391439	0.608561	5.358949
74694	-1477.823	-1571.101	93.27774	0.3563377	0.6302339	0.395474	0.604526	6.057567
74700	-1478.85	-1573.134	94.28347	0.5165429	0.6240468	0.520814	0.479186	5.423688
74706	-1479.22	-1574.566	95.34587	0.7609685	0.9542842	0.53739	0.46261	4.475598
74712	-1477.912	-1573.796	95.88402	0.7609685	0.5298934	0.519165	0.480835	4.475598
74718	-1492.199	-1588.059	95.8603	0.5562601	0.5451494	0.47843	0.52157	4.590496
74730	-1483.455	-1579.085	95.63059	0.7645011	0.5738774	0.487475	0.512525	4.577909
74736	-1487.217	-1585.043	97.82593	0.9598298	0.4859846	0.46655	0.53345	3.286756
74742	-1482.24	-1579.309	97.06939	0.8780927	0.5837988	0.453465	0.546535	3.685957
74748	-1494.153	-1589.34	95.18752	0.8780927	0.6562778	0.456383	0.543617	4.696545
74754	-1485.158	-1579.746	94.58817	0.4286908	0.735988	0.49248	0.50752	5.221828
74760	-1486.049	-1580.104	94.05483	0.5659658	0.5304978	0.578035	0.421965	5.599205
74766	-1485.605	-1581.478	95.87323	0.6251604	0.66837	0.589159	0.410841	4.444374
74772	-1489.644	-1585.46	95.81628	0.7330359	0.4576516	0.540282	0.459718	4.597136
74778	-1489.304	-1586.462	97.15762	0.9537769	0.5454022	0.480577	0.519423	3.624786
74832	-1492.749	-1588.24	95.49067	0.6247454	0.7363311	0.402922	0.597078	4.610032
74838	-1486.614	-1582.492	95.87848	0.6292495	0.4683125	0.541662	0.458338	4.610032
74844	-1488.142	-1582.989	94.84648	0.575652	0.6690638	0.465711	0.534289	5.045464
74850	-1484.956	-1580.069	95.11269	0.6636015	0.547492	0.354554	0.645446	4.94612
74856	-1477.307	-1571.989	94.68223	0.5168262	0.4747347	0.509627	0.490373	5.331544
74862	-1475.661	-1570.043	94.38209	0.6673545	0.5677504	0.464022	0.535978	5.331544
74868	-1478.697	-1573.967	95.27061	0.733152	0.7339019	0.463449	0.536551	4.674307
74874	-1482.907	-1579.292	96.3859	0.7640278	0.5720759	0.368557	0.631443	4.153156
74880	-1483.075	-1579.38	96.30514	0.8451671	0.6127792	0.584239	0.415761	4.118973
74886	-1475.317	-1572.714	97.39711	0.8841388	0.7282974	0.543227	0.456773	3.37647
74892	-1471.239	-1566.027	94.7873	0.7038065	0.7676202	0.532038	0.467962	4.937138
74898	-1478.419	-1574.135	95.71532	0.9241101	0.6921688	0.532038	0.467962	4.346964
74904	-1485.971	-1580.225	94.25399	0.7770348	0.6309633	0.445371	0.554629	5.290923
74910	-1479.341	-1574.834	95.49242	0.4957352	0.6309633	0.500438	0.499562	4.759423
74916	-1479.926	-1575.396	95.46978	0.5569042	0.7000431	0.500438	0.499562	4.685716
74922	-1486.478	-1582.546	96.06866	0.6682707	0.4577811	0.406181	0.593819	4.491601
74928	-1493.772	-1589.522	95.74961	0.7844076	0.5837032	0.540003	0.459997	4.491601
74934	-1488.522	-1583.737	95.21431	0.8276618	0.7631897	0.540003	0.459997	4.632566
74940	-1487.346	-1582.483	95.13681	0.7891935	0.5303369	0.552289	0.447711	4.877758
74946	-1488.865	-1585.063	96.19806	0.8282462	0.6776685	0.383498	0.616502	4.138544
74952	-1490.716	-1586.669	95.95227	0.8892262	0.5533818	0.400149	0.599851	4.344069
74958	-1496.67	-1593.691	97.0208	0.9996646	0.826933	0.444815	0.555185	3.459534
75150	-1491.528	-1584.099	92.57093	0.4849518	0.4821061	0.411569	0.588431	6.495584
75156	-1489.998	-1585.801	95.80292	0.57509	0.5055016	0.41779	0.58221	4.647624
75162	-1489.867	-1584.496	94.62859	0.4740012	0.4748886	0.448048	0.551952	5.384596
75168	-1493.773	-1587.837	94.06449	0.5323297	0.4848488	0.501674	0.498326	5.653362
75174	-1486.687	-1580.813	94.12566	0.5259429	0.4531602	0.331826	0.668174	5.653362
75180	-1483.643	-1578.39	94.74646	0.5511744	0.5740252	0.57762	0.42238	5.189195
75186	-1486.451	-1581.178	94.72686	0.5707723	0.5740252	0.422811	0.577189	5.189195
75192	-1484.647	-1579.534	94.88731	0.6898926	0.5740252	0.430386	0.569614	5.034257
75198	-1480.856	-1574.686	93.83006	0.7164219	0.5654409	0.503848	0.496152	5.610254
75204	-1484.874	-1579.018	94.14334	0.5573132	0.5150105	0.548453	0.451547	5.568985
75210	-1478.675	-1572.007	93.3326	0.7082366	0.5508581	0.397827	0.602173	5.89936
75216	-1476.866	-1570.605	93.73994	0.6247031	0.3675674	0.430068	0.569932	5.89936
75222	-1480.811	-1575.036	94.22504	0.622544	0.3977587	0.430068	0.569932	5.602046
75228	-1479.582	-1573.982	94.4	0.7211532	0.5546703	0.418403	0.581597	5.302978
75234	-1478.32	-1575.296	96.97649	0.6731297	0.4750764	0.570053	0.429947	3.956872
75240	-1482.318	-1578.593	96.27574	0.8810086	0.5413178	0.546269	0.453731	4.176084
75246	-1487.76	-1583.579	95.81915	0.578164	0.5028606	0.462673	0.537327	4.639244
75252	-1477.685	-1573.972	96.28769	0.6813687	0.4669355	0.541767	0.458233	4.351727
75258	-1485.116	-1581.377	96.26099	0.7512074	0.3916069	0.541767	0.458233	4.405593
75264	-1485.407	-1581.346	95.93874	0.7512074	0.5815158	0.541767	0.458233	4.405593
75270	-1491.031	-1587.093	96.06233	0.6948815	0.4361902	0.485978	0.514022	4.501897
75276	-1489.702	-1586.597	96.89518	0.7610231	0.5405036	0.463965	0.536035	3.891734
75282	-1490.615	-1585.999	95.38373	0.9252945	0.3168959	0.42179	0.57821	4.887299
75288	-1488.289	-1585.361	97.07185	0.8286799	0.6334025	0.460646	0.539354	3.671805
75294	-1490.067	-1587.232	97.16476	0.8350824	0.5651922	0.522532	0.477468	3.671805
75300	-1479.056	-1576.036	96.97978	0.9083829	0.4630126	0.495837	0.504163	3.831996
75306	-1489.386	-1585.229	95.84332	0.7384751	0.454725	0.445529	0.554471	4.581804
75312	-1491.781	-1587.255	95.4743	0.7421441	0.6165197	0.495557	0.504443	4.643124
75318	-1490.525	-1586.289	95.76373	0.5954208	0.6161979	0.453749	0.546251	4.563332
75330	-1488.095	-1584.639	96.5437	0.6976612	0.5251618	0.414428	0.585572	4.142511
75336	-1482.099	-1577.683	95.5836	0.7196153	0.6146854	0.34859	0.65141	4.595938
75360	-1491.775	-1585.287	93.51152	0.3699138	0.5004788	0.455331	0.544669	6.030265
75366	-1482.472	-1577.435	94.96356	0.3762636	0.5220879	0.455331	0.544669	5.210418
75372	-1480.002	-1572.777	92.77529	0.5088561	0.5542565	0.412553	0.587447	6.308621
75378	-1480.889	-1573.847	92.95763	0.4395563	0.5181876	0.526949	0.473051	6.278074
75384	-1480.981	-1576.088	95.10712	0.4316024	0.4144686	0.544084	0.455916	5.203652
75390	-1474.955	-1569.49	94.53503	0.5222127	0.6264403	0.522427	0.477573	5.279954
75396	-1475.725	-1571.693	95.96814	0.8474885	0.4315853	0.468454	0.531546	4.473753
75402	-1477.581	-1571.951	94.3697	0.5114496	0.6069139	0.468454	0.531546	5.392464
75408	-1473.074	-1567.056	93.98212	0.6331994	0.6016317	0.449588	0.550412	5.542964
75864	-1482.865	-1578.867	96.00237	0.4219534	0.4847878	0.434265	0.565735	4.641002
75870	-1483.573	-1578.933	95.36055	0.7863536	0.6695027	0.434265	0.565735	4.641002
75876	-1480.631	-1576.01	95.37844	0.5664337	0.5964223	0.54018	0.45982	4.811184
75894	-1484.49	-1578.653	94.16253	0.6762872	0.5866093	0.512187	0.487813	5.432113
75924	-1484.824	-1583.195	98.37056	0.8999997	0.5812656	0.576202	0.423798	2.907718
76020	-1489.009	-1584.549	95.53941	0.6219087	0.5720292	0.51411	0.48589	4.710455
76026	-1482.3	-1577.951	95.65045	0.6219087	0.5015033	0.435976	0.564024	4.710455
76032	-1475.451	-1569.77	94.31961	0.6247074	0.5553735	0.563944	0.436056	5.39991
76038	-1477.273	-1571.782	94.50858	0.5701325	0.6835836	0.540952	0.459048	5.224963
76044	-1480.96	-1575.45	94.49047	0.5534104	0.6237487	0.388856	0.611144	5.289436
76050	-1488.019	-1582.298	94.27884	0.7366178	0.5889285	0.533382	0.466618	5.332859
76056	-1478.663	-1573.204	94.54067	0.6306868	0.4896605	0.552376	0.447624	5.332859
76062	-1478.311	-1574.176	95.86547	0.7849366	0.6357179	0.446813	0.553187	4.383875
76068	-1479.945	-1574.755	94.81004	0.5330829	0.7211344	0.407506	0.592494	5.051503
76074	-1490.441	-1585.38	94.93915	0.6249582	0.8968548	0.406924	0.593076	4.813821
76080	-1488.17	-1583.09	94.9193	0.7484128	0.8968548	0.406924	0.593076	4.755974
76086	-1489.758	-1585.236	95.47805	0.7051297	0.8149232	0.379645	0.620355	4.518673
76092	-1476.685	-1570.625	93.93955	0.4331818	0.4298979	0.504292	0.495708	5.829062
76098	-1471.132	-1565.219	94.08699	0.5790185	0.8141598	0.454264	0.545736	5.363391
76104	-1481.722	-1575.674	93.95193	0.372867	0.6513167	0.5423	0.4577	5.663996
76110	-1482.904	-1576.954	94.05036	0.2241817	0.595205	0.439065	0.560935	5.73507
76116	-1489.194	-1582.34	93.14635	0.2557076	0.595205	0.645781	0.354219	6.211186
76122	-1480.094	-1575.639	95.54529	0.4549531	0.556888	0.427712	0.572288	4.813284
76128	-1482.858	-1578.555	95.69687	0.8177649	0.556888	0.534842	0.465158	4.525233
76134	-1484.589	-1579.34	94.75152	0.8977767	0.5225453	0.457539	0.542461	5.038545
76140	-1482.541	-1576.741	94.19975	0.62041	0.7181638	0.447429	0.552571	5.342926
76146	-1486.328	-1580.299	93.971	0.6149456	0.3976888	0.473997	0.526003	5.745587
76152	-1476.061	-1570.134	94.07305	0.6645344	0.6763006	0.473997	0.526003	5.418557
76158	-1492.089	-1587.237	95.14824	0.5274358	0.6462431	0.481705	0.518295	4.921816
76170	-1488.27	-1581.687	93.41663	0.5426994	0.7667878	0.516729	0.483271	5.782565
76176	-1489.279	-1584.491	95.21181	0.5663457	0.5348682	0.637858	0.362142	4.956065
76182	-1487.826	-1582.177	94.35066	0.711926	0.5050644	0.454189	0.545811	5.378744
76188	-1485.993	-1579.514	93.52075	0.4903133	0.7980455	0.486016	0.513984	5.733699
76242	-1494.416	-1588.987	94.57084	0.8668936	0.7160601	0.3827	0.6173	5.002575
76248	-1492.531	-1586.727	94.19553	0.6260126	0.6434381	0.367343	0.632657	5.396891
76254	-1492.846	-1589.499	96.65307	0.9855102	0.4853147	0.412669	0.587331	3.953226
76374	-1484.789	-1579.038	94.24979	0.5920045	0.7001833	0.504525	0.495475	5.343773
76380	-1477.717	-1572.36	94.64288	0.567975	0.654974	0.504525	0.495475	5.173137
76386	-1483.495	-1578.831	95.33534	0.5873465	0.6572358	0.539919	0.460081	4.775716
76392	-1476.149	-1571.129	94.9797	0.528215	0.5813139	0.468306	0.531694	5.066665
76398	-1472.693	-1567.774	95.08089	0.4429592	0.5706654	0.468306	0.531694	5.066665
76404	-1483.592	-1580.005	96.41275	0.5576626	0.5706654	0.445641	0.554359	4.256236
76422	-1487.729	-1583.863	96.13464	0.6142171	0.5160266	0.431015	0.568985	4.429608
76428	-1484.075	-1580.641	96.56594	0.7795385	0.4765777	0.585723	0.414277	4.128946
76434	-1481.818	-1577.442	95.62393	0.839813	0.4617313	0.479552	0.520448	4.641106
76464	-1488.535	-1584.987	96.45185	0.9410549	0.563454	0.482104	0.517896	4.022162
76470	-1485.187	-1581.685	96.49753	0.9238568	0.5449368	0.482343	0.517657	4.022162
76476	-1493.507	-1590.556	97.04935	0.9182977	0.4708209	0.522342	0.477658	3.778444
76602	-1488.445	-1582.687	94.24197	0.5056578	0.7985739	0.413056	0.586944	5.32846
76608	-1486.473	-1580.941	94.46837	0.6918556	0.7985739	0.458621	0.541379	5.100274
76614	-1485.414	-1579.259	93.84435	0.701348	0.5673538	0.597382	0.402618	5.609095
76632	-1490.498	-1584.907	94.40828	0.5079319	0.7302093	0.305273	0.694727	5.281467
76638	-1486.915	-1579.807	92.89201	0.8323882	0.7302093	0.420914	0.579086	5.935769
76644	-1482.835	-1575.59	92.75443	0.8856345	0.7993173	0.404917	0.595083	5.935769
76650	-1485.967	-1582.119	96.15181	0.8266676	0.6637171	0.450353	0.549647	4.176372
76656	-1485.235	-1582.418	97.18348	0.9433665	0.459768	0.476693	0.523307	3.697646
76662	-1493.676	-1589.89	96.21382	0.9433665	0.5864835	0.429562	0.570438	4.136816
76668	-1494.928	-1588.886	93.95893	0.5635131	0.9051744	0.463052	0.536948	5.386343
76674	-1492.048	-1587.28	95.23193	0.5635131	0.6050665	0.463052	0.536948	4.887488
76680	-1483.674	-1580.686	97.01147	0.7456956	0.4731532	0.463052	0.536948	3.897148
76686	-1490.863	-1587.484	96.62186	0.9806798	0.5233507	0.447043	0.552957	3.938061
76692	-1481.811	-1576.318	94.50696	0.5910445	0.4807254	0.383012	0.616988	5.38163
76698	-1494.52	-1588.943	94.42308	0.5884064	0.361898	0.36204	0.63796	5.551345
76710	-1487.141	-1580.796	93.65561	0.6656067	0.6360362	0.504656	0.495344	5.677543
76716	-1497.903	-1594.114	96.21101	0.7121284	0.5951671	0.504656	0.495344	4.262414
76722	-1485.417	-1580.822	95.40562	0.7641933	0.5951671	0.425768	0.574232	4.686502
76728	-1487.262	-1583.049	95.78699	0.8656732	0.611988	0.338761	0.661239	4.401537
76734	-1483.053	-1578.889	95.83558	0.9253371	0.4081859	0.5382	0.4618	4.529075
76740	-1483.172	-1579.098	95.9263	0.6504768	0.5131585	0.387387	0.612613	4.529075
76746	-1493.582	-1589.321	95.73869	0.7197964	0.5897213	0.425894	0.574106	4.529075
76752	-1488.074	-1584.096	96.02127	0.7718825	0.5107023	0.47358	0.52642	4.40951
76758	-1488.966	-1585.457	96.49177	0.8956186	0.5434686	0.47358	0.52642	4.042876
76770	-1490.698	-1584.996	94.29817	0.619275	0.6059733	0.429228	0.570772	5.373206
76776	-1489.163	-1583.65	94.48645	0.7534606	0.4101131	0.376068	0.623932	5.373206
76782	-1486.145	-1582.07	95.92482	0.6672261	0.5999484	0.465794	0.534206	4.445505
76788	-1503.991	-1598.07	94.07936	0.7096806	0.7037467	0.465794	0.534206	5.370318
76800	-1488.27	-1582.811	94.54114	0.5645427	0.6121314	0.350037	0.649963	5.264433
76806	-1475.708	-1568.933	93.22533	0.6284432	0.6378306	0.488261	0.511739	5.931931
76812	-1486.836	-1582.795	95.95867	0.6068215	0.6460701	0.518464	0.481536	4.423672
76818	-1484.807	-1578.739	93.93271	0.504171	0.6413572	0.645324	0.354676	5.610029
76824	-1478.604	-1573.606	95.00204	0.7835828	0.549198	0.516858	0.483142	4.939458
76830	-1484.38	-1577.794	93.41405	0.6780311	0.6727131	0.394616	0.605384	5.775615
76836	-1485.166	-1578.842	93.6768	0.5760344	0.5601655	0.43422	0.56578	5.775615
76842	-1476.553	-1571.787	95.23455	0.7359106	0.7507029	0.440195	0.559805	4.681223
76848	-1483.53	-1579.496	95.96641	0.9035278	0.7507029	0.440195	0.559805	4.174158
76854	-1491.182	-1587.484	96.30184	0.9035278	0.5355974	0.472993	0.527007	4.153558
76860	-1490.9	-1586.866	95.96544	0.7520789	0.5433857	0.447863	0.552137	4.422783
76866	-1494.674	-1590.977	96.30274	0.7520789	0.5817619	0.41387	0.58613	4.198954
76872	-1495.747	-1590.699	94.95191	0.8399584	0.5817619	0.347482	0.652518	4.908498
76878	-1497.072	-1592.079	95.00723	0.8367211	0.5448438	0.461536	0.538464	4.910757
76884	-1491.014	-1586.422	95.40864	0.6224055	0.6311695	0.519743	0.480257	4.735296
76890	-1484.443	-1578.875	94.43233	0.7634343	0.5168241	0.440188	0.559812	5.294709
76896	-1490.771	-1585.2	94.42869	0.8480754	0.6575012	0.540492	0.459508	5.134738
76902	-1490.314	-1587.263	96.94865	0.9537083	0.7471537	0.458637	0.541363	3.583922
76908	-1491.846	-1588.673	96.82647	0.9537083	0.9617658	0.458637	0.541363	3.514145
76914	-1486.846	-1581.71	94.86346	0.8063017	0.6822371	0.568952	0.431048	4.898023
76920	-1483.846	-1580.132	96.28629	0.8006155	0.7209703	0.516298	0.483702	4.071936
76926	-1487.073	-1582.16	95.08666	0.6287601	0.615963	0.516298	0.483702	4.92333
76932	-1487.23	-1581.943	94.71293	0.7051854	0.4658954	0.477056	0.522944	5.218968
76938	-1488.722	-1583.984	95.26225	0.6595783	0.6356326	0.513389	0.486611	4.792819
76944	-1485.533	-1580.663	95.13056	0.8843909	0.6166744	0.445782	0.554218	4.755743
76950	-1481.911	-1577.391	95.48009	0.809546	0.4714745	0.481573	0.518427	4.729098
76956	-1487.668	-1583.277	95.60851	0.6811297	0.4714745	0.481573	0.518427	4.729098
76962	-1479.819	-1575.378	95.55886	0.564206	0.6154386	0.481573	0.518427	4.696273
76968	-1483.431	-1577.146	93.71532	0.6504652	0.7697132	0.481573	0.518427	5.557729
76974	-1484.207	-1580.05	95.84357	0.8527044	0.5418621	0.451783	0.548217	4.436093
76980	-1494.003	-1591.682	97.67908	0.9437043	0.6690971	0.445526	0.554474	3.220663
76986	-1484.637	-1582.076	97.43806	0.9437043	0.607793	0.550467	0.449533	3.412784
76992	-1493.791	-1591.56	97.76846	1.053159	0.5592402	0.594536	0.405464	3.19607
76998	-1501.914	-1598.595	96.68106	1.121993	0.8173732	0.477045	0.522955	3.592643
77004	-1499.628	-1594.77	95.1429	0.6170953	0.8438956	0.477016	0.522984	4.737231
77010	-1501.245	-1596.44	95.19487	0.6738738	0.6587456	0.430158	0.569842	4.80468
77016	-1503.602	-1598.42	94.81787	0.643517	0.6538811	0.578472	0.421528	5.035094
77022	-1496.648	-1593.544	96.89561	0.7403704	0.4645744	0.493222	0.506778	3.975051
77028	-1499.804	-1594.511	94.70654	0.6416095	0.6467611	0.496406	0.503594	5.103329
77034	-1488.456	-1583.518	95.06164	0.7667254	0.4996874	0.461384	0.538616	4.959737
77040	-1498.606	-1592.653	94.04705	0.5604209	0.4311476	0.566039	0.433961	5.699287
77046	-1493.302	-1589.146	95.84377	0.5910179	0.6876431	0.657625	0.342375	4.465739
77064	-1491.396	-1587.203	95.80698	0.7876554	0.6587125	0.524515	0.475485	4.397477
77070	-1490.414	-1587.192	96.77707	0.9534532	0.7715362	0.523416	0.476584	3.66624
77076	-1488.33	-1584.116	95.78618	0.5753071	0.4484993	0.506499	0.493501	4.711429
77082	-1492.351	-1587.508	95.15681	0.7091695	0.378939	0.476177	0.523823	5.060523
77088	-1483.547	-1577.835	94.28847	0.5331465	0.5275976	0.406168	0.593832	5.49138
77094	-1484.496	-1580.702	96.20602	0.8896505	0.7218658	0.345228	0.654772	4.066288
77100	-1482.245	-1578.197	95.95283	0.7792162	0.5331722	0.608221	0.391779	4.42363
77106	-1482.798	-1579.017	96.21916	0.5719949	0.4966923	0.556154	0.443846	4.42363
77112	-1490.157	-1587.779	97.62172	1.026318	0.5312353	0.394454	0.605546	3.324321
77118	-1493.898	-1587.968	94.06998	0.7640821	0.7031812	0.515185	0.484815	5.345892
77124	-1482.59	-1578.937	96.34693	0.8102387	0.5831654	0.478876	0.521124	4.13962
77130	-1483.844	-1578.478	94.63413	0.6422106	0.6703424	0.471812	0.528188	5.125355
77136	-1483.885	-1578.298	94.41252	0.5777108	0.5691922	0.355432	0.644568	5.363004
77160	-1500.714	-1597.619	96.90491	0.8563956	0.4614703	0.501686	0.498314	3.90638
77166	-1482.959	-1578.292	95.33307	0.6341046	0.4575311	0.460441	0.539559	4.922502
77172	-1482.126	-1577.493	95.36746	0.5979931	0.5187723	0.405709	0.594291	4.866084
77178	-1471.15	-1565.882	94.73147	0.8007479	0.8411698	0.520614	0.479386	4.866084
77184	-1482.578	-1578.422	95.84402	0.7446051	0.5610003	0.482449	0.517551	4.480084
77190	-1476.835	-1572.75	95.91511	0.7579308	0.6384778	0.398344	0.601656	4.368932
77196	-1481.511	-1577.215	95.70426	0.9100826	0.6384778	0.398344	0.601656	4.402055
77202	-1482.65	-1577.803	95.15281	0.620211	0.6485518	0.445412	0.554588	4.865836
77208	-1486.24	-1579.641	93.40019	0.6966537	0.7237522	0.507646	0.492354	5.736566
77214	-1494.168	-1588.092	93.92339	0.4093276	0.59937	0.461708	0.538292	5.699861
77220	-1482.131	-1576.003	93.87193	0.4700209	0.5930479	0.512262	0.487738	5.699861
77226	-1481.226	-1575.347	94.12111	0.3773677	0.5930479	0.468364	0.531636	5.614011
77232	-1485.972	-1580.412	94.43969	0.4907867	0.5475206	0.462805	0.537195	5.414216
77238	-1482.605	-1577.071	94.46618	0.5198029	0.6673281	0.589771	0.410229	5.288199
77244	-1490.904	-1585.289	94.3845	0.6014826	0.6673281	0.40373	0.59627	5.288199
77250	-1492.157	-1584.742	92.58408	0.5344263	0.754436	0.567109	0.432891	6.249357
77256	-1487.932	-1581.98	94.04752	0.665537	0.5135816	0.573401	0.426599	5.56344
77262	-1479.956	-1573.866	93.90989	0.7836102	0.6307769	0.40961	0.59039	5.477105
77268	-1474.993	-1568.956	93.96331	0.8050898	0.532795	0.528275	0.471725	5.516109
77274	-1488.199	-1582.129	93.92946	0.8050898	0.5545019	0.555793	0.444207	5.516109
77280	-1499.386	-1592.474	93.08793	0.8316638	0.6998306	0.518323	0.481677	5.850393
77286	-1490.467	-1585.707	95.24028	0.7895627	0.6104183	0.551492	0.448508	4.752424
77292	-1497.108	-1591.9	94.79289	0.9222607	0.8595662	0.614694	0.385306	4.752424
77298	-1491.697	-1587.287	95.5905	0.6083753	0.5005428	0.365572	0.634428	4.752424
77304	-1490.107	-1585.156	95.04827	0.833949	0.7195886	0.366307	0.633693	4.752424
77310	-1495.415	-1588.841	93.42676	0.6490267	0.5850715	0.366307	0.633693	5.851988
77316	-1492.752	-1587.798	95.04637	0.7204229	0.8265303	0.366307	0.633693	4.744532
77322	-1491.939	-1587.009	95.06987	0.7204229	0.8222015	0.528222	0.471778	4.734189
77328	-1480.668	-1577.14	96.47248	0.8065747	0.5915184	0.435347	0.564653	4.063198
77334	-1484.472	-1580.991	96.51909	0.7599642	0.5915184	0.673171	0.326829	4.063198
77340	-1491.279	-1589.343	98.06437	1.010799	0.4606695	0.481369	0.518631	3.141136
77346	-1488.264	-1585.016	96.75231	0.7882673	0.4606695	0.481369	0.518631	4.033455
77352	-1497.07	-1593.797	96.72687	0.8137056	0.4606695	0.427778	0.572222	4.033455
77358	-1492.787	-1587.721	94.93445	0.8137056	0.7214305	0.466676	0.533324	4.825962
77364	-1487.028	-1581.484	94.45567	0.6333706	0.5798084	0.43003	0.56997	5.299703
77370	-1489.812	-1584.702	94.88997	0.6833415	0.4660146	0.382051	0.617949	5.132955
77376	-1490.573	-1585.931	95.35876	0.6139257	0.7170265	0.419261	0.580739	4.703672
77382	-1497.012	-1590.1	93.08758	0.6374804	0.902905	0.388133	0.611867	5.825444
77388	-1492.627	-1586.256	93.62861	0.5399325	0.626403	0.467011	0.532989	5.768589
77394	-1491.827	-1587.89	96.06359	0.9222893	0.541314	0.364765	0.635235	4.272989
77400	-1490.29	-1583.881	93.59077	0.8010714	0.8333849	0.505045	0.494955	5.50214
77406	-1478.185	-1572.993	94.808	0.8057474	0.621999	0.465475	0.534525	4.975106
77412	-1489.941	-1585.814	95.87297	0.5915722	0.6741883	0.422576	0.577424	4.459043
77418	-1487.336	-1582.008	94.67241	0.4667773	0.4263627	0.63572	0.36428	5.411968
77424	-1487.936	-1582.399	94.46324	0.6511334	0.4399506	0.436206	0.563794	5.411968
77430	-1479.915	-1575.076	95.16029	0.4756422	0.4419986	0.505325	0.494675	5.12179
77436	-1473.449	-1568.418	94.96908	0.5584358	0.4419986	0.464419	0.535581	5.181824
77442	-1473.806	-1569.012	95.20566	0.6560985	0.5371242	0.436195	0.563805	4.907567
77448	-1482.598	-1578.979	96.38132	0.7470345	0.5157335	0.406755	0.593245	4.215299
77454	-1485.399	-1580.394	94.99583	0.8172134	0.7063375	0.48463	0.51537	4.800558
77460	-1487.705	-1585.373	97.6681	0.8627758	0.4288227	0.51357	0.48643	3.49525
77466	-1490.247	-1585.814	95.56645	0.7343697	0.5328498	0.511807	0.488193	4.666189
77472	-1499.506	-1593.87	94.36363	0.6669275	0.5642043	0.361869	0.638131	5.344931
77478	-1492.311	-1588.726	96.41443	0.679771	0.672988	0.593224	0.406776	4.103465
77484	-1493.165	-1589.277	96.11279	0.6690463	0.6380341	0.571193	0.428807	4.307795
77490	-1494.206	-1588.695	94.48896	0.7236863	0.7419873	0.365001	0.634999	5.10929
77496	-1485.528	-1580.613	95.08445	0.5221032	0.4714905	0.441892	0.558108	5.10929
77502	-1498.9	-1592.872	93.97225	0.5537702	0.3899534	0.441892	0.558108	5.786641
77508	-1496.794	-1591.25	94.45563	0.1849766	0.6738884	0.467261	0.532739	5.473724
77514	-1500.953	-1594.929	93.97591	0.2893162	0.7676657	0.450832	0.549168	5.614319
77544	-1494.125	-1588.497	94.37216	0.3733773	0.5199535	0.419299	0.580701	5.539939
77550	-1492.485	-1586.157	93.6718	0.3415877	0.5199535	0.527531	0.472469	5.940954
77556	-1497.61	-1592.381	94.77143	0.6058132	0.5912908	0.466501	0.533499	5.130928
77574	-1498.629	-1594.201	95.57199	0.4373975	0.4564465	0.475386	0.524614	4.900067
77580	-1493.395	-1589.218	95.82257	0.7079891	0.4620549	0.361536	0.638464	4.603329
77586	-1493.094	-1587.195	94.10114	0.5815491	0.4863295	0.473055	0.526945	5.604867
77592	-1487.883	-1583.176	95.29285	0.4230481	0.5980726	0.454229	0.545771	4.937417
77598	-1485.489	-1580.913	95.42403	0.4979352	0.4731459	0.356695	0.643305	4.932557
77604	-1492.969	-1586.794	93.82431	0.6196654	0.4731459	0.363454	0.636546	5.748059
77610	-1493.365	-1587.537	94.17216	0.5418859	0.6502964	0.448552	0.551448	5.450897
77616	-1492.053	-1586.687	94.63392	0.4210586	0.4337256	0.617438	0.382562	5.450897
77622	-1483.609	-1577.538	93.9293	0.5952395	0.6393705	0.429027	0.570973	5.563406
77628	-1487.232	-1580.629	93.39767	0.5993446	0.5118636	0.429027	0.570973	5.957035
77634	-1483.23	-1578.942	95.71198	0.7384459	0.5777441	0.449421	0.550579	4.543583
77640	-1490.935	-1588.244	97.30947	0.7384459	0.607268	0.470773	0.529227	3.607883
77646	-1480.895	-1577.92	97.02504	0.9086608	0.5815463	0.470773	0.529227	3.695862
77652	-1490.583	-1585.552	94.96947	0.6419736	0.4640485	0.470773	0.529227	5.11372
77658	-1501.008	-1596.958	95.94983	0.8116226	0.7162522	0.423681	0.576319	4.26028
77664	-1495.659	-1590.636	94.97727	0.8725484	0.4489818	0.425111	0.574889	4.996176
77670	-1500.812	-1595.12	94.30788	0.7433624	0.6805233	0.406491	0.593509	5.242396
77676	-1505.63	-1601.365	95.73547	0.9211943	0.6161987	0.498666	0.501334	4.395881
77682	-1491.739	-1587.125	95.38535	0.7963762	0.5096569	0.4464	0.5536	4.753648
77688	-1488.445	-1583.934	95.48816	0.659299	0.5277802	0.313499	0.686501	4.756476
77700	-1488.734	-1583.714	94.97988	0.8525485	0.471078	0.371977	0.628023	4.984324
77706	-1485.038	-1579.037	93.99825	0.6169224	0.6778958	0.371977	0.628023	5.484776
77712	-1480.84	-1575.05	94.21019	0.4635013	0.6235602	0.352826	0.647174	5.493599
77718	-1480.312	-1574.149	93.83681	0.4820317	0.6235602	0.352826	0.647174	5.68845
77724	-1474.069	-1568.774	94.7047	0.6539905	0.5195715	0.482401	0.517599	5.202216
77730	-1487.461	-1582.305	94.84395	0.7313865	0.9097867	0.455845	0.544155	4.799771
77736	-1479.04	-1574.69	95.65011	0.6707033	0.510216	0.50296	0.49704	4.675344
77742	-1483.311	-1576.91	93.5987	0.3947277	0.5166122	0.450979	0.549021	5.954791
77748	-1488.381	-1581.559	93.1784	0.3947277	0.5193792	0.583841	0.416159	6.181385
77754	-1491.647	-1586.751	95.1043	0.6390912	0.5193792	0.476629	0.523371	4.98911
77790	-1488.074	-1584.123	96.04821	0.772338	0.4509974	0.456758	0.543242	4.451279
77796	-1488.456	-1582.757	94.30037	0.5999885	0.8026548	0.518029	0.481971	5.241454
78150	-1488.429	-1583.017	94.58819	0.5752303	0.5908803	0.465138	0.534862	5.249573
78156	-1487.641	-1583.199	95.55738	0.5111035	0.6068855	0.465138	0.534862	4.733664
78180	-1501.293	-1595.961	94.66861	0.6880211	0.6419276	0.461133	0.538867	5.102331
78186	-1497.731	-1593.103	95.37226	0.4166055	0.4878706	0.327826	0.672174	4.992648
78534	-1489.697	-1585.579	95.88281	0.7307722	0.8285881	0.553962	0.446038	4.266898
78540	-1487.489	-1582.543	95.05366	0.7730137	1.077262	0.553962	0.446038	4.564726
78546	-1479.117	-1575.62	96.5032	0.7579469	0.8154173	0.466184	0.533816	3.906627
78552	-1477.446	-1572.973	95.52711	0.736345	0.4337279	0.361063	0.638937	4.781104
78558	-1479.84	-1575.892	96.05216	0.7602456	0.6011717	0.433784	0.566216	4.320131
78564	-1489.419	-1583.172	93.75379	0.6337121	0.6148887	0.328106	0.671894	5.657557
78570	-1476.537	-1571.526	94.98885	0.6736137	0.6193372	0.30278	0.69722	4.950119
78576	-1482.686	-1578.905	96.21974	0.7527773	0.4958232	0.411677	0.588323	4.322055
78582	-1480.981	-1575.77	94.78878	0.4573661	0.3788116	0.590255	0.409745	5.403338
78588	-1482.406	-1576.912	94.50635	0.4573661	0.6014994	0.51142	0.48858	5.35126
78594	-1479.843	-1575.541	95.69869	0.3604651	0.5712403	0.498017	0.501983	4.768226
78672	-1488.368	-1586.628	98.25987	1.178789	0.3830609	0.560269	0.439731	3.010375
78678	-1474.819	-1571.681	96.86236	0.9148901	0.5297907	0.411886	0.588114	3.83191
78684	-1478.406	-1575.398	96.99286	0.9075544	0.4785874	0.319769	0.680231	3.809497
78690	-1474.895	-1572.199	97.3038	0.9075544	0.4527997	0.412124	0.587876	3.655844
78696	-1499.113	-1595.037	95.92386	0.7745567	0.4527997	0.56238	0.43762	4.518205
78720	-1493.555	-1588.571	95.01627	0.7625136	0.8303636	0.456033	0.543967	4.735364
78726	-1497.78	-1592.302	94.52215	0.6868317	1.041871	0.453274	0.546726	4.928892
78732	-1492.661	-1587.403	94.7426	0.7916825	0.7445655	0.434162	0.565838	4.928892
78738	-1485.808	-1577.864	92.05613	0.6638078	0.5858139	0.434162	0.565838	6.588647
78744	-1480.381	-1574.598	94.21684	0.8181267	0.5858139	0.413807	0.586193	5.32463
78750	-1484.159	-1576.631	92.47184	0.7818895	0.6726408	0.389795	0.610205	6.232941
78756	-1490.857	-1585.258	94.401	0.4004955	0.6211111	0.526855	0.473145	5.425163
78762	-1482.14	-1575.971	93.83146	0.5709013	0.6573089	0.526855	0.473145	5.616948
78768	-1490.392	-1584.77	94.37799	0.6478443	0.6279951	0.377215	0.622785	5.296089
78774	-1486.517	-1580.858	94.34119	0.696656	0.7313734	0.513152	0.486848	5.213435
78780	-1490.273	-1587.673	97.39955	0.8581993	0.4144993	0.436403	0.563597	3.66945
78786	-1480.06	-1575.485	95.4252	0.7262395	0.4239087	0.33754	0.66246	4.853667
78792	-1477.983	-1572.193	94.21054	0.4015552	0.7058975	0.53087	0.46913	5.466249
78798	-1482.669	-1577.137	94.46872	0.6047277	0.4088186	0.423228	0.576772	5.466249
78804	-1487.69	-1583.381	95.69103	0.6111205	0.4912854	0.449496	0.550504	4.703289
78810	-1479.24	-1574.246	95.00541	0.6605535	0.4899547	0.478948	0.521052	5.058946
78816	-1481.946	-1576.706	94.75998	0.8706153	0.5113604	0.478948	0.521052	5.058946
78822	-1482.288	-1580.311	98.02274	0.8706153	0.4876935	0.478948	0.521052	3.221493
78828	-1475.454	-1571.421	95.96709	0.7230455	0.6337517	0.490121	0.509879	4.362996
78834	-1492.509	-1588.686	96.17714	0.6392937	0.5479139	0.490121	0.509879	4.362996
78840	-1486.826	-1581.624	94.79795	0.6479964	0.6327125	0.490121	0.509879	5.059917
78846	-1483.2	-1576.511	93.31071	0.4812057	0.6327125	0.604387	0.395613	5.969596
78852	-1484.838	-1579.14	94.30205	0.639891	0.4658454	0.602414	0.397586	5.481653
78858	-1484.301	-1579.383	95.08226	0.6001698	0.5139244	0.522387	0.477613	5.027866
78864	-1487.518	-1582.19	94.67241	0.7286573	0.7091498	0.422482	0.577518	5.027866
78870	-1485.953	-1579.883	93.93081	0.5936623	0.5098515	0.502551	0.497449	5.67028
78876	-1491.156	-1584.731	93.57536	0.6237689	0.6896099	0.500368	0.499632	5.704702
78894	-1483.187	-1578.469	95.28222	0.4983586	0.5670464	0.426607	0.573393	4.927061
78900	-1489.05	-1583.017	93.96715	0.6015485	0.6756261	0.625611	0.374389	5.512002
78906	-1493.547	-1587.981	94.43373	0.6664168	0.6756261	0.590722	0.409278	5.218963
78912	-1492.306	-1586.203	93.89664	0.4589353	0.6146446	0.519298	0.480702	5.675262
78918	-1488.188	-1580.956	92.76815	0.5201842	0.9134155	0.552054	0.447946	6.057705
78924	-1484.676	-1577.705	93.02892	0.5983523	0.7912064	0.556504	0.443496	5.948001
78930	-1484.674	-1579.501	94.82766	0.6156283	0.7358926	0.368679	0.631321	4.985519
78936	-1479.865	-1573.41	93.54435	0.5703497	0.6425103	0.413385	0.586615	5.785743
79080	-1493.229	-1586.767	93.53814	0.4731379	0.6045996	0.437563	0.562437	5.871636
79086	-1488.768	-1581.577	92.80896	0.4463207	0.8267155	0.537288	0.462712	6.128127
79110	-1499.54	-1595.355	95.81474	0.8015665	0.5764452	0.443832	0.556168	4.45136
79116	-1500.785	-1596.814	96.02893	0.8541694	0.3323889	0.556321	0.443679	4.547027
79122	-1486.213	-1580.573	94.36041	0.792217	0.4025954	0.388165	0.611835	5.429197
79128	-1489.66	-1585.506	95.84514	0.8073054	0.6293365	0.510934	0.489066	4.387766
79134	-1483.699	-1579.646	95.94663	0.8590614	0.5268353	0.55108	0.44892	4.387766
79164	-1491.662	-1587.335	95.6724	0.6445245	0.4893158	0.498527	0.501473	4.696869
79170	-1479.614	-1575.087	95.47289	0.6301889	0.628798	0.498527	0.501473	4.696869
79176	-1490.676	-1586.807	96.1306	0.6580893	0.4838366	0.463247	0.536753	4.437163
79182	-1489.711	-1585.2	95.4892	0.6817175	0.4358743	0.469094	0.530906	4.830562
79188	-1485.545	-1581.06	95.51513	0.6813174	0.4046028	0.469094	0.530906	4.848839
79194	-1487.379	-1583.742	96.36288	0.6905706	0.4149534	0.410948	0.589052	4.357051
79200	-1489.643	-1585.223	95.58004	0.7887406	0.4571311	0.546786	0.453214	4.698795
79206	-1496.2	-1591.17	94.97006	0.7757299	0.5106205	0.546786	0.453214	4.995657
79224	-1491.342	-1586.794	95.45154	0.6360429	0.5275503	0.656116	0.343884	4.79012
79254	-1486.242	-1580.051	93.80858	0.542552	0.7768835	0.394913	0.605087	5.561011
79260	-1485.415	-1579.865	94.44982	0.6254959	0.4272961	0.511698	0.488302	5.446191
79266	-1495.937	-1591.897	95.96015	0.7400084	0.4978276	0.52438	0.47562	4.473826
79272	-1491.201	-1587.08	95.87911	0.7391696	0.3971296	0.49218	0.50782	4.621053
79278	-1494.892	-1590.318	95.4257	0.7655863	0.511395	0.507362	0.492638	4.746722
79284	-1476.275	-1571.29	95.01444	0.6201228	0.5528837	0.51184	0.48816	5.020255
79290	-1477.674	-1572.095	94.42172	0.5853973	0.4483388	0.51184	0.48816	5.462737
79296	-1484.261	-1578.364	94.10283	0.461365	0.6073862	0.432356	0.567644	5.56648
79302	-1483.359	-1577.233	93.87394	0.6778739	0.6160221	0.413547	0.586453	5.56648
79308	-1480.534	-1574.388	93.85443	0.563503	0.7151169	0.435993	0.564007	5.56648
79314	-1488.727	-1583.37	94.64366	0.5179854	0.4880782	0.413023	0.586977	5.339681
79320	-1477.132	-1571.637	94.50468	0.6457317	0.4947964	0.372593	0.627407	5.339681
79326	-1476.739	-1571.889	95.14963	0.7010549	0.5440846	0.383884	0.616116	4.90767
79332	-1486.146	-1579.883	93.73697	0.7546897	0.877445	0.552494	0.447506	5.419955
79338	-1481.065	-1575.436	94.37102	0.5014624	0.5787994	0.514553	0.485447	5.419955
79344	-1482.372	-1576.57	94.19788	0.5468071	0.6691027	0.514553	0.485447	5.419955
79350	-1479.29	-1572.591	93.30148	0.6176079	0.4995893	0.514553	0.485447	6.010537
79356	-1481.58	-1575.306	93.72622	0.4016899	0.4995893	0.437554	0.562446	5.896554
79362	-1484.809	-1578.514	93.70555	0.4223583	0.4995893	0.34112	0.65888	5.896554
79368	-1484.69	-1579.377	94.68695	0.4192278	0.5366769	0.463465	0.536535	5.326686
79374	-1488.289	-1582.547	94.25838	0.4698735	0.6150086	0.514469	0.485531	5.470266
79380	-1488.415	-1583.245	94.82988	0.3715944	0.5465295	0.577819	0.422181	5.265568
79386	-1480.881	-1576.898	96.01679	0.694739	0.5126524	0.465588	0.534412	4.453719
79392	-1490.969	-1587.867	96.89712	0.8143955	0.5992208	0.342731	0.657269	3.809039
79398	-1488.614	-1583.824	95.20974	0.6918985	0.5114521	0.579464	0.420536	4.908227
79404	-1487.83	-1582.078	94.24828	0.6918985	0.5604331	0.337784	0.662216	5.397922
79410	-1482.962	-1576.905	93.94282	0.4528636	0.8461614	0.426487	0.573513	5.492023
79416	-1483.454	-1577.425	93.97116	0.4933346	0.5992812	0.426487	0.573513	5.627664
79422	-1481.932	-1575.998	94.06585	0.5592041	0.4959464	0.495282	0.504718	5.627664
79428	-1478.259	-1572.228	93.96883	0.6005343	0.5302346	0.467049	0.532951	5.627664
79434	-1492.673	-1586.306	93.63314	0.5854709	0.5720869	0.394704	0.605296	5.78446
79440	-1481.377	-1576.897	95.52067	0.7930197	0.5136448	0.54565	0.45435	4.676206
79446	-1492.141	-1587.726	95.5846	0.6655818	0.5538463	0.344468	0.655532	4.676206
79452	-1500.502	-1595.08	94.57809	0.8718343	0.6870812	0.590761	0.409239	5.016711
79458	-1482.313	-1578.967	96.6546	0.8718343	0.5304275	0.432306	0.567694	3.975162
79590	-1495.779	-1589.722	93.94387	0.6169246	0.6209479	0.458333	0.541667	5.557699
79596	-1500.31	-1595.831	95.52101	0.4036374	0.5473105	0.458333	0.541667	4.863677
79602	-1500.367	-1596.091	95.72411	0.8129428	0.5473105	0.415304	0.584696	4.520936
79608	-1492.531	-1587.595	95.06461	0.727233	0.5549205	0.468899	0.531101	4.931085
79632	-1499.907	-1593.447	93.54011	0.6306916	0.6403382	0.292147	0.707853	5.756679
79638	-1494.602	-1590.434	95.83179	0.65466	0.4085516	0.439438	0.560562	4.682633
79644	-1503.812	-1598.701	94.88898	0.5550488	0.5694783	0.439438	0.560562	5.111918
79650	-1494.447	-1588.996	94.54833	0.6425325	0.6064302	0.472978	0.527022	5.221886
79656	-1496.698	-1590.73	94.03168	0.5681445	0.6064302	0.538434	0.461566	5.547662
79662	-1487.163	-1581.532	94.36916	0.5097065	0.6064302	0.502481	0.497519	5.394106
79668	-1486.124	-1582.083	95.9598	0.8269532	0.5171499	0.371188	0.628812	4.407218
79674	-1490.969	-1588.78	97.81102	1.250968	0.6506134	0.511025	0.488975	2.973723
79680	-1496.162	-1594.279	98.11655	1.26027	0.46712	0.400543	0.599457	2.953976
79686	-1489.904	-1587.581	97.67693	1.059839	0.4656028	0.391624	0.608376	3.336153
79692	-1500.236	-1597.272	97.0363	0.8706303	0.526034	0.389246	0.610754	3.760674
79698	-1499.512	-1594.648	95.13596	0.6946488	0.5285198	0.358741	0.641259	4.93248
79704	-1484.014	-1578.193	94.17886	0.8341251	0.6601706	0.508916	0.491084	5.278633
79710	-1485.739	-1581.904	96.16447	0.8391406	0.4681642	0.508916	0.491084	4.331005
79716	-1487.869	-1582.837	94.96837	0.7521584	0.6781864	0.366871	0.633129	4.872746
79722	-1485.654	-1577.923	92.26825	0.980947	0.9352918	0.496541	0.503459	6.066391
79728	-1472.444	-1566.834	94.38962	0.860169	0.5009572	0.384955	0.615045	5.279185
79734	-1474.264	-1568.514	94.24985	0.8525242	0.7068842	0.515314	0.484686	5.195029
79740	-1478.736	-1572.221	93.48503	0.8004387	0.6092177	0.378582	0.621418	5.717949
79746	-1482.467	-1575.391	92.9241	0.8305265	0.6590597	0.564543	0.435457	5.970113
79752	-1477.237	-1571.042	93.80455	0.5403378	0.4796777	0.584769	0.415231	5.796185
79758	-1482.113	-1577.032	94.91903	0.8326175	0.3513402	0.426008	0.573992	5.155238
79764	-1484.537	-1580.565	96.02816	0.780835	0.385801	0.385984	0.614016	4.52643
79770	-1484.12	-1578.524	94.40419	0.7785101	0.5137754	0.448548	0.551452	5.304647
79776	-1483.014	-1578.169	95.15523	0.8452879	0.7588472	0.304819	0.695181	4.658772
79782	-1485.555	-1582.369	96.81406	0.7641311	0.4654949	0.571919	0.428081	4.007171
79788	-1477.515	-1573.024	95.50875	0.792515	0.639882	0.433412	0.566588	4.577116
79794	-1493.783	-1588.409	94.62644	0.572406	0.5132537	0.438631	0.561369	5.296198
79800	-1487.673	-1582.064	94.39122	0.6398104	0.6694013	0.477216	0.522784	5.261778
79806	-1496.097	-1591.326	95.22894	0.7210895	0.3928274	0.477216	0.522784	4.998634
79812	-1487.672	-1582.893	95.22036	0.7567389	0.4824478	0.520569	0.479431	4.893034
79818	-1475.399	-1570.806	95.40639	0.5609588	0.6328722	0.508095	0.491905	4.769556
79824	-1481.944	-1575.427	93.48327	0.4939821	0.4103	0.474594	0.525406	6.064903
79830	-1489.598	-1582.473	92.87565	0.3389606	0.5003689	0.474594	0.525406	6.392975
79836	-1490.938	-1583.594	92.65618	0.402547	0.6011105	0.455157	0.544843	6.392975
79842	-1481.421	-1575.496	94.07536	0.3900559	0.5071002	0.449242	0.550758	5.705117
79848	-1483.769	-1578.683	94.91375	0.5876949	0.5197163	0.449242	0.550758	5.123059
79854	-1483.626	-1578.686	95.0605	0.4816894	0.494822	0.571768	0.428232	5.123059
79860	-1481.996	-1575.87	93.87336	0.284506	0.5506327	0.549263	0.450737	5.835585
79866	-1488.23	-1580.967	92.73688	0.2896469	0.5448336	0.549263	0.450737	6.456292
79872	-1486.79	-1581.086	94.29675	0.1810088	0.5448336	0.387777	0.612223	5.66533
79878	-1496.611	-1590.922	94.3105	0.09697913	0.5913196	0.518558	0.481442	5.66533
79884	-1477.628	-1570.857	93.22885	0.07515897	0.5081342	0.337119	0.662881	6.337536
79890	-1482.938	-1576.164	93.22627	0.12657	0.5081342	0.419156	0.580844	6.311028
79896	-1484.806	-1577.219	92.41351	0.08025812	0.467785	0.401142	0.598858	6.812751
79902	-1480.191	-1572.896	92.70505	0.1167095	0.7674438	0.424595	0.575405	6.401817
79908	-1486.741	-1579.74	92.99911	0.06041785	0.5793539	0.424595	0.575405	6.409897
79914	-1486.687	-1579.944	93.25704	0.05822239	0.6334514	0.536044	0.463956	6.228642
79920	-1491.866	-1586.093	94.22626	0.1209883	0.6334514	0.534082	0.465918	5.665246
79926	-1499.932	-1593.449	93.51697	0.2416351	0.6334514	0.534082	0.465918	5.987205
80052	-1501.496	-1596.623	95.1263	0.731312	0.7775061	0.493875	0.506125	4.726051
80058	-1502.44	-1597.178	94.73885	0.5402813	0.4184587	0.499138	0.500862	5.342914
80064	-1498.161	-1591.364	93.20294	0.4855706	0.8546029	0.52363	0.47637	5.874512
80070	-1485.831	-1579.666	93.83509	0.6591983	0.7848909	0.426415	0.573585	5.477015
80076	-1484.381	-1578.366	93.98505	0.4925171	0.6121505	0.4805	0.5195	5.610289
80082	-1484.619	-1578.844	94.22485	0.4193537	0.4965719	0.4805	0.5195	5.616583
80088	-1481.811	-1576.238	94.42693	0.3173748	0.4965719	0.4805	0.5195	5.561619
80094	-1487.216	-1579.826	92.60968	0.421717	0.7583831	0.377018	0.622982	6.294046
80100	-1487.285	-1581.533	94.24739	0.7285947	0.6889426	0.397091	0.602909	5.277825
80106	-1484.252	-1577.865	93.61297	0.5592253	0.6355085	0.483218	0.516782	5.759598
80112	-1488.187	-1582.453	94.26545	0.536039	0.7125376	0.494027	0.505973	5.357199
80118	-1479.363	-1574.457	95.09313	0.6951819	0.613306	0.490728	0.509272	4.88486
80124	-1484.224	-1579.414	95.18973	0.6252922	0.5948491	0.530016	0.469984	4.88486
80130	-1494.922	-1589.143	94.22093	0.8473406	0.9620994	0.529958	0.470042	5.051356
80136	-1496.752	-1590.711	93.95917	0.7964027	0.6426486	0.469937	0.530063	5.433835
80142	-1486.146	-1582.019	95.87344	0.892245	0.5500261	0.380691	0.619309	4.3898
80148	-1492.496	-1587.355	94.85888	0.8483844	0.4672118	0.34115	0.65885	5.057538
80154	-1485.363	-1578.547	93.1832	0.7753681	0.523558	0.552949	0.447051	5.96772
80160	-1488.279	-1582.913	94.63398	0.6427496	0.5551069	0.36271	0.63729	5.216644
80166	-1480.188	-1575.079	94.89135	0.6344457	0.7718525	0.442725	0.557275	4.914973
80172	-1472.153	-1567.918	95.76548	0.6914517	0.511216	0.442051	0.557949	4.598143
80178	-1479.827	-1576.077	96.25028	0.8430498	0.5128617	0.621241	0.378759	4.237804
80184	-1478.149	-1574.574	96.42469	0.8430498	0.6785341	0.444302	0.555698	4.00026
80190	-1483.659	-1578.952	95.29306	0.7071675	0.7542109	0.362582	0.637418	4.662127
80196	-1483.168	-1580.143	96.97483	0.7071675	0.479539	0.345059	0.654941	3.93397
80202	-1480.603	-1576.582	95.97873	0.816913	0.7244682	0.345059	0.654941	4.234971
80208	-1476.531	-1572.591	96.0603	0.7895297	0.6131832	0.493959	0.506041	4.289167
80214	-1477.354	-1573.475	96.12075	0.720837	0.4929546	0.470055	0.529945	4.398699
80220	-1482.807	-1576.332	93.52425	0.3776466	0.4929546	0.50669	0.49331	6.025927
80226	-1488.714	-1583.318	94.60402	0.3200525	0.5109749	0.456212	0.543788	5.449728
80232	-1482.218	-1575.835	93.61731	0.4123397	0.4537643	0.437942	0.562058	5.992973
80238	-1480.938	-1575.013	94.07517	0.6062001	0.5939018	0.527771	0.472229	5.512849
80244	-1474.359	-1568.741	94.38257	0.5809551	0.5461994	0.470666	0.529334	5.397135
80250	-1480.773	-1574.477	93.70389	0.7005669	0.6355764	0.498744	0.501256	5.632238
80256	-1480.715	-1574.982	94.26657	0.5310897	0.5825597	0.483618	0.516382	5.458074
80262	-1472.423	-1568.424	96.00063	0.7350884	0.6622489	0.433395	0.566605	4.315077
80268	-1484.05	-1577.684	93.6346	0.5767743	0.6848413	0.387948	0.612052	5.701435
80274	-1489.683	-1583.291	93.6082	0.6410385	0.6566366	0.387948	0.612052	5.701435
80280	-1485.614	-1582.255	96.64063	0.6410385	0.4941737	0.449203	0.550797	4.148341
80286	-1486.996	-1582.549	95.55292	0.5966706	0.5834106	0.357064	0.642936	4.707505
80292	-1474.547	-1571.142	96.59485	0.7618846	0.5834106	0.387115	0.612885	4.025704
80298	-1482.219	-1578.163	95.94334	0.792975	0.5834106	0.488862	0.511138	4.377844
80304	-1487.35	-1583.731	96.3817	0.9154725	0.4972964	0.285435	0.714565	4.136569
80310	-1476.361	-1570.667	94.30532	0.6708244	0.8181491	0.46022	0.53978	5.189526
80316	-1487.494	-1582.265	94.77147	0.8416033	0.8181491	0.404431	0.595569	4.835756
80322	-1482.411	-1576.18	93.76882	0.4786424	0.6180797	0.458493	0.541507	5.731825
80328	-1487.921	-1582.83	94.90918	0.669307	0.558512	0.511048	0.488952	5.046587
80334	-1486.307	-1581.335	95.02737	0.6071696	0.5227066	0.471975	0.528025	5.046587
80340	-1484.521	-1579.294	94.77337	0.4278005	0.4498105	0.471975	0.528025	5.354385
80346	-1479.987	-1574.335	94.34803	0.5486892	0.4604569	0.521532	0.478468	5.51169
80370	-1510.523	-1604.975	94.45272	0.3677802	0.6357615	0.62005	0.37995	5.403343
80376	-1498.978	-1593.179	94.20104	0.2973434	0.5431957	0.425622	0.574378	5.655417
80382	-1501.657	-1595.486	93.82848	0.6296444	0.5694396	0.396268	0.603732	5.655417
80388	-1503.154	-1597.385	94.23099	0.5733909	0.5815751	0.404638	0.595362	5.45518
80394	-1493.999	-1590.456	96.45698	0.596621	0.5784275	0.390258	0.609742	4.202462
80400	-1490.272	-1583.632	93.35986	0.6730825	0.8836008	0.473056	0.526944	5.668331
80406	-1497.863	-1592.07	94.20753	0.5188971	0.5368677	0.637997	0.362003	5.535654
80412	-1492.822	-1587.638	94.81684	0.6713538	0.5368677	0.432219	0.567781	5.11528
80418	-1495.713	-1590	94.28688	0.6754007	0.5368677	0.307393	0.692607	5.405864
80424	-1492.96	-1585.929	92.96837	0.6294836	0.7781118	0.429593	0.570407	5.972611
80430	-1498.039	-1592.649	94.60947	0.6294836	0.6025437	0.554206	0.445794	5.198393
80436	-1477.863	-1572.962	95.09851	0.5334228	0.7097324	0.537528	0.462472	4.899081
80442	-1478.453	-1573.611	95.15813	0.6445536	0.5858704	0.37639	0.62361	4.899081
80448	-1487.109	-1582.964	95.85492	0.6692869	0.515623	0.531706	0.468294	4.556366
80454	-1479.75	-1574.54	94.79001	0.7215079	0.5020611	0.532518	0.467482	5.133411
80460	-1486.803	-1582.688	95.88478	0.9106522	0.6117216	0.438222	0.561778	4.321121
80466	-1483.554	-1578.195	94.64076	0.7487983	0.6398798	0.520859	0.479141	5.085651
80472	-1481.705	-1576.901	95.19598	0.9192656	0.8390713	0.528452	0.471548	4.54122
80478	-1475.931	-1570.756	94.82475	0.6390935	0.7344872	0.50107	0.49893	4.975075
80484	-1475.038	-1569.746	94.70837	0.686764	0.7223023	0.454553	0.545447	5.02181
80490	-1474.229	-1568.746	94.51652	0.6067236	0.5504796	0.459786	0.540214	5.305391
80496	-1479.476	-1574.388	94.91236	0.4665074	0.42787	0.459786	0.540214	5.278227
80502	-1486.893	-1581.523	94.62962	0.4436272	0.6173544	0.331921	0.668079	5.278227
80508	-1491.593	-1584.955	93.36224	0.4801011	0.6173544	0.339033	0.660967	5.953909
80532	-1483.137	-1577.864	94.72746	0.6356574	0.6549118	0.565741	0.434259	5.088836
80538	-1491.433	-1585.949	94.51676	0.4256549	0.4517549	0.48823	0.51177	5.494996
80544	-1493.547	-1589.227	95.68066	0.6913349	0.6109538	0.584085	0.415915	4.560331
80562	-1497.273	-1592.861	95.58842	0.5413359	0.7717762	0.394964	0.605036	4.577471
80568	-1497.611	-1592.519	94.9073	0.8668315	0.5223693	0.394964	0.605036	4.969355
80580	-1494.575	-1589.283	94.70867	0.3907468	0.4852473	0.39529	0.60471	5.376633
80586	-1492.451	-1585.967	93.51594	0.4396287	0.4767418	0.551115	0.448885	6.011594
80592	-1498.789	-1592.86	94.07066	0.7213168	0.6482551	0.551115	0.448885	5.409525
80598	-1485.277	-1579.364	94.0868	0.5973752	0.4406494	0.551115	0.448885	5.64776
80604	-1485.699	-1580.252	94.55359	0.6994821	0.671591	0.419431	0.580569	5.137316
80610	-1492.388	-1588.585	96.19652	0.7083779	0.4766674	0.448854	0.551146	4.378499
80616	-1493.417	-1590.512	97.09464	0.7665945	0.4186639	0.427457	0.572543	3.893428
80622	-1487.65	-1582.689	95.03964	0.7213629	0.4896041	0.537798	0.462202	5.006507
80628	-1485.202	-1580.995	95.79346	0.7815576	0.4896041	0.481103	0.518897	4.551903
80634	-1481.336	-1577.084	95.74709	0.7081809	0.5646878	0.482366	0.517634	4.551903
80640	-1486.837	-1582.925	96.08851	0.4504161	0.511451	0.482366	0.517634	4.551903
80646	-1491.407	-1586.555	95.14773	0.7685696	0.383373	0.401323	0.598677	5.027694
80652	-1490.252	-1584.825	94.57292	0.5954283	0.4728543	0.401323	0.598677	5.350265
80658	-1488.06	-1584.302	96.24235	0.5973218	0.4370422	0.427915	0.572085	4.454613
80664	-1478.626	-1573.175	94.54936	0.7206226	0.5149085	0.500073	0.499927	5.255426
80670	-1477.835	-1572.62	94.78477	0.6676292	0.4704871	0.439837	0.560163	5.195608
80676	-1473.055	-1568.853	95.79808	0.7134013	0.5433271	0.44138	0.55862	4.538792
80682	-1467.39	-1563.248	95.85729	0.8227696	0.6600936	0.463749	0.536251	4.34819
80688	-1473.738	-1569.374	95.63619	0.7466797	0.5790552	0.463749	0.536251	4.580419
80694	-1476.92	-1572.405	95.48491	0.753447	0.5790552	0.534173	0.465827	4.661443
80700	-1483.433	-1578.813	95.38028	0.8847017	0.561394	0.453182	0.546818	4.661443
80706	-1485.044	-1580.174	95.13039	0.8291761	0.5264133	0.438048	0.561952	4.862535
80712	-1490.373	-1585.08	94.70743	0.7688075	0.6039681	0.414272	0.585728	5.065803
80718	-1488.909	-1584.447	95.53787	0.5135233	0.6039681	0.414272	0.585728	4.745572
80724	-1489.092	-1582.965	93.87348	0.4987199	0.4513623	0.414272	0.585728	5.808162
80730	-1483.948	-1578.704	94.75552	0.4577133	0.5069555	0.473396	0.526604	5.293927
80736	-1477.329	-1572.101	94.7728	0.5760679	0.4976221	0.448024	0.551976	5.227486
80742	-1477.81	-1572.702	94.89221	0.4219327	0.5188589	0.477147	0.522853	5.227486
80748	-1474.767	-1570.365	95.59762	0.6296785	0.5448962	0.449326	0.550674	4.696764
80754	-1472.25	-1567.366	95.11608	0.5872093	0.5010567	0.448255	0.551745	5.027976
80760	-1477.235	-1570.598	93.36301	0.6795689	0.5626148	0.418125	0.581875	5.888559
80766	-1479.658	-1575.078	95.41995	0.7547517	0.598213	0.459499	0.540501	4.681276
80772	-1487.33	-1580.655	93.32431	0.6477134	0.8870113	0.291367	0.708633	5.699685
80778	-1493.194	-1586.704	93.51018	0.5516373	0.8581543	0.494093	0.505907	5.66797
80784	-1489.387	-1583.003	93.61668	0.5373599	0.7787293	0.423321	0.576679	5.66797
80790	-1486.025	-1579.168	93.14318	0.627377	0.9006538	0.450705	0.549295	5.801884
80796	-1484.54	-1579.674	95.13362	0.6952197	0.6294143	0.55778	0.44222	4.849551
80802	-1484.385	-1578.74	94.35441	0.6183434	0.7992161	0.540617	0.459383	5.203666
80808	-1487.401	-1581.935	94.53411	0.6092167	0.6728732	0.540617	0.459383	5.197117
80820	-1500.89	-1594.787	93.89762	0.5260617	0.6692033	0.295358	0.704642	5.596412
80826	-1492.5	-1585.507	93.00712	0.2944941	0.6149612	0.420201	0.579799	6.250271
80832	-1497.556	-1591.161	93.60471	0.4549542	0.6283057	0.443506	0.556494	5.826697
80838	-1484.154	-1578.493	94.33897	0.681723	0.8159826	0.428918	0.571082	5.166266
80844	-1481.611	-1576.199	94.58778	0.6206276	0.6344065	0.441073	0.558927	5.190214
80940	-1492.106	-1587.538	95.43187	0.8237809	0.6275214	0.494337	0.505663	4.612406
80946	-1485.325	-1578.514	93.18981	0.6096722	0.6275214	0.392012	0.607988	5.969442
81240	-1492.109	-1588.55	96.44173	0.8279782	0.4695867	0.499037	0.500963	4.17884
81246	-1498.036	-1595.265	97.22897	0.8279782	0.3614918	0.499037	0.500963	3.845459
81294	-1487.816	-1581.335	93.51931	0.549228	0.7118716	0.397057	0.602943	5.760379
81300	-1478.558	-1573.548	94.98925	0.5199634	0.656005	0.43627	0.56373	5.006927
81306	-1472.182	-1567.08	94.89788	0.6619198	0.656005	0.394959	0.605041	4.978821
81312	-1479.65	-1574.314	94.66388	0.6213602	0.8808931	0.458061	0.541939	4.978821
81318	-1488.27	-1581.963	93.6926	0.5399693	0.6685577	0.368575	0.631425	5.70172
81324	-1485.949	-1581.856	95.90687	0.7883475	0.7611914	0.489811	0.510189	4.265945
81330	-1479.707	-1576.073	96.36676	0.8829264	0.5360104	0.532813	0.467187	4.127987
81336	-1491.517	-1585.378	93.86044	0.5423762	0.5800289	0.532813	0.467187	5.677043
81384	-1488.184	-1584.371	96.18715	0.8528635	0.6543147	0.48224	0.51776	4.148665
81390	-1486.487	-1583.441	96.9539	0.9449498	0.4728485	0.429816	0.570184	3.816053
81396	-1489.202	-1587.729	98.5267	1.037362	0.4514015	0.392525	0.607475	2.857548
81402	-1481.032	-1579.147	98.11548	0.9561364	0.5502146	0.392525	0.607475	3.055522
81408	-1479.775	-1578.88	99.10533	1.226726	0.3317196	0.522026	0.477974	2.530186
81444	-1480.629	-1575.962	95.33283	0.6649435	0.5979347	0.428969	0.571031	4.780423
81450	-1479.329	-1575.353	96.02354	0.7045753	0.4109642	0.428969	0.571031	4.544546
81456	-1476.764	-1572.381	95.61666	0.7050362	0.6673617	0.473811	0.526189	4.544546
81462	-1484.288	-1577.93	93.64136	0.6795473	0.7531025	0.579745	0.420255	5.593545
81468	-1489.579	-1583.773	94.19431	0.4854359	0.5004506	0.358917	0.641083	5.593545
81474	-1482.534	-1577.903	95.36915	0.4670742	0.5092062	0.358917	0.641083	4.946664
81480	-1483.34	-1576.377	93.03657	0.414502	0.5024308	0.587929	0.412071	6.262752
81486	-1479.342	-1574.405	95.06276	0.525464	0.5693197	0.513538	0.486462	5.032066
81492	-1478.69	-1573.688	94.99832	0.7303488	0.6680298	0.339136	0.660864	4.875786
81498	-1479.225	-1574.553	95.32805	0.6141187	0.5224241	0.417513	0.582487	4.875786
81504	-1476.028	-1570.925	94.89709	0.3584448	0.5327775	0.448762	0.551238	5.247605
81510	-1482.903	-1579.899	96.99598	0.7498619	0.4991267	0.448762	0.551238	3.878511
81516	-1484.117	-1579.309	95.19247	0.8355691	0.4657464	0.518575	0.481425	4.880619
81522	-1487.157	-1582.256	95.09879	0.7806161	0.8299065	0.294232	0.705768	4.679366
81528	-1480.754	-1577.12	96.36537	0.7806161	0.5663032	0.435243	0.564757	4.160351
81534	-1482.326	-1577.664	95.33829	0.7002989	0.5811585	0.41963	0.58037	4.771421
81540	-1495.902	-1591.272	95.36981	0.7120961	0.5808721	0.48042	0.51958	4.747457
81546	-1493.977	-1590.251	96.27398	0.4830153	0.3906851	0.48042	0.51958	4.550251
81552	-1491.786	-1587.173	95.38658	0.804017	0.5281136	0.468627	0.531373	4.732067
81558	-1491.055	-1587.217	96.16274	0.677129	0.5465754	0.400362	0.599638	4.350933
81564	-1490.282	-1585.477	95.19479	0.7569144	0.5009509	0.435217	0.564783	4.889934
81570	-1494.566	-1589.977	95.41069	0.6043736	0.6175245	0.435217	0.564783	4.755001
81576	-1490.664	-1586.02	95.35569	0.6593796	0.6175245	0.415627	0.584373	4.755001
81582	-1485.53	-1582.163	96.63378	0.7950475	0.6705493	0.415627	0.584373	3.914175
81588	-1485.748	-1581.997	96.24919	0.6347568	0.6705493	0.519992	0.480008	4.224795
81594	-1483.66	-1577.719	94.05935	0.6347568	0.7665975	0.495712	0.504288	5.37913
81720	-1487.18	-1584.066	96.88625	0.8636648	0.6823352	0.394915	0.605085	3.720377
81726	-1485.431	-1582.442	97.01024	0.8623027	0.594254	0.421564	0.578436	3.720377
81732	-1483.728	-1580.812	97.08346	0.7277859	0.3703853	0.489289	0.510711	3.97589
81738	-1484.755	-1580.881	96.12628	0.9739731	0.4418231	0.404008	0.595992	4.302649
81780	-1501.019	-1597.772	96.75338	0.8008327	0.7959308	0.449381	0.550619	3.751243
81786	-1493.875	-1590.819	96.94475	0.8156799	0.6352861	0.512804	0.487196	3.751243
81792	-1495.114	-1590.998	95.88394	0.6064457	0.6352861	0.450502	0.549498	4.474412
81798	-1495.436	-1589.384	93.94752	0.4917882	0.5145237	0.309856	0.690144	5.712795
81804	-1488.173	-1581.279	93.10546	0.5846477	0.5145237	0.549622	0.450378	6.121985
81810	-1484.724	-1579.328	94.60372	0.4735143	0.6276136	0.440332	0.559668	5.268
81816	-1487.76	-1583.198	95.43854	0.4985488	0.435396	0.440332	0.559668	4.961263
81822	-1478.178	-1573.78	95.6023	0.4847833	0.3570835	0.440332	0.559668	4.962465
81828	-1479.882	-1575.203	95.32149	0.4490915	0.5323734	0.526834	0.473166	4.962465
81852	-1490.59	-1584.99	94.39967	0.5145672	0.5428383	0.385137	0.614863	5.427172
81858	-1482.874	-1578.093	95.21953	0.41899	0.5428383	0.427341	0.572659	5.026704
81864	-1490.98	-1585.724	94.74325	0.5545874	0.5384364	0.467484	0.532516	5.219289
82332	-1485.448	-1581.133	95.68465	0.6392662	0.5401449	0.567965	0.432035	4.646824
82338	-1476.794	-1572.964	96.16981	0.7062215	0.565325	0.59619	0.40381	4.314229
82344	-1480.89	-1576.152	95.26201	0.5877505	0.4899959	0.457153	0.542847	4.956812
82350	-1488.967	-1582.916	93.94846	0.5603311	0.6241447	0.577207	0.422793	5.583775
82356	-1487.477	-1581.293	93.81591	0.4513201	0.6909696	0.577207	0.422793	5.666387
82362	-1495.314	-1589.245	93.93099	0.4345467	0.5257228	0.505418	0.494582	5.743341
82368	-1488.95	-1583.687	94.73643	0.5724435	0.6146293	0.57064	0.42936	5.150071
82374	-1491.76	-1586.034	94.27345	0.7718839	0.7742236	0.336495	0.663505	5.180031
82380	-1494.201	-1589.27	95.06941	0.672355	0.7363788	0.380513	0.619487	4.81899
82386	-1491.68	-1586.083	94.40235	0.672355	0.679734	0.622458	0.377542	5.230006
82392	-1489.783	-1585.192	95.40869	0.7471361	0.7682932	0.533648	0.466352	4.56521
82398	-1488.203	-1584.152	95.94907	0.7971373	0.38265	0.389443	0.610557	4.56521
82404	-1474.632	-1570.201	95.5692	0.7219507	0.6627335	0.426585	0.573415	4.56521
82410	-1466.525	-1562.115	95.59036	0.7378353	0.5605856	0.426585	0.573415	4.626717
82416	-1468.113	-1563.348	95.23506	0.6201676	0.6199554	0.40715	0.59285	4.842285
82422	-1482.196	-1576.523	94.32725	0.5446417	0.6292573	0.455519	0.544481	5.380036
82428	-1480.868	-1575.787	94.91858	0.6754005	0.6292573	0.58197	0.41803	4.980403
82434	-1486.538	-1582.216	95.67811	0.8096021	0.5318862	0.61597	0.38403	4.562242
82440	-1478.109	-1573.43	95.32177	0.6016027	0.4382275	0.555056	0.444944	4.96603
82446	-1488.497	-1582.845	94.3483	0.6152796	0.4990555	0.475442	0.524558	5.438749
82590	-1506.355	-1601.059	94.70338	0.7286555	0.560756	0.354119	0.645881	5.125895
82596	-1495.031	-1590.174	95.14229	0.5624698	0.7152483	0.386462	0.613538	4.85456
82602	-1482.378	-1577.84	95.46194	0.4786859	0.547554	0.569694	0.430306	4.85456
82608	-1483.415	-1577.068	93.65287	0.3068475	0.5574804	0.569694	0.430306	5.938101
82614	-1489.895	-1583.552	93.65793	0.2020889	0.6253124	0.512129	0.487871	5.938101
83100	-1497.553	-1592.54	94.98744	0.6471488	0.6881115	0.474386	0.525614	4.913284
83106	-1490.129	-1585.129	95.00007	0.5976813	0.535398	0.555504	0.444496	5.055809
83112	-1485.3	-1579.205	93.90509	0.3954201	0.5873958	0.406535	0.593465	5.727127
83118	-1480.798	-1574.325	93.52629	0.4158883	0.5050627	0.544088	0.455912	5.993023
83124	-1483.809	-1578.278	94.46961	0.5174861	0.5376966	0.522787	0.477213	5.39147
83130	-1479.791	-1574.923	95.13142	0.5586969	0.5405744	0.520097	0.479903	5.000014
83136	-1483.203	-1577.286	94.08271	0.6628672	0.4227551	0.523691	0.476309	5.63204
83142	-1480.924	-1576.094	95.16983	0.6628672	0.4974244	0.417217	0.582783	4.959414
83148	-1488.276	-1583.193	94.91616	0.4437266	0.5276247	0.484391	0.515609	5.194422
83154	-1484.903	-1579.98	95.07666	0.6277885	0.5276247	0.444461	0.555539	5.003412
83160	-1492.887	-1586.379	93.492	0.4154176	0.5648189	0.377412	0.622588	5.960539
83166	-1500.986	-1596.858	95.87251	0.8204773	0.7209429	0.619661	0.380339	4.295654
83214	-1482.317	-1578.514	96.19703	0.6995386	0.664889	0.446205	0.553795	4.221959
83220	-1495.938	-1592.239	96.30079	0.6107858	0.6538464	0.446205	0.553795	4.221959
83226	-1497.152	-1592.201	95.04906	0.615524	0.7396415	0.36559	0.63441	4.859749
83250	-1490.071	-1586.696	96.6249	0.7686385	0.7031339	0.424183	0.575817	3.909756
83256	-1491.103	-1587.967	96.86421	0.802813	0.6780317	0.398498	0.601502	3.771509
83262	-1485.088	-1581.285	96.19719	0.9051688	0.7762022	0.439186	0.560814	4.024066
83268	-1483.711	-1579.525	95.81396	0.9395138	0.6222858	0.491878	0.508122	4.336332
83274	-1487.699	-1583.632	95.93358	0.7900968	0.643581	0.669114	0.330886	4.336332
83280	-1484.377	-1579.916	95.53882	0.7900968	0.7700282	0.379819	0.620181	4.466699
83286	-1495.09	-1591.364	96.27392	0.729694	0.7474583	0.487797	0.512203	4.10042
83292	-1480.038	-1575.571	95.53299	0.7695373	0.7474583	0.401743	0.598257	4.49714
83298	-1479.187	-1574.77	95.58251	0.8782151	0.714843	0.428642	0.571358	4.431219
83304	-1489.617	-1583.732	94.11539	0.5352431	0.6307536	0.463339	0.536661	5.500709
83310	-1494.31	-1588.341	94.03072	0.7360567	0.9374006	0.463339	0.536661	5.232563
83316	-1492.519	-1587.608	95.08876	0.7666752	0.5772989	0.463339	0.536661	4.876799
83352	-1500.019	-1595.789	95.76976	0.6471709	0.6911991	0.568217	0.431783	4.473161
83358	-1502.148	-1596.755	94.60737	0.7285968	0.6911991	0.372043	0.627957	5.076951
83364	-1496.216	-1592.545	96.32876	0.8826368	0.7372274	0.463983	0.536017	3.989151
83370	-1494.288	-1591.207	96.91876	1.052162	0.5484623	0.463983	0.536017	3.703373
83376	-1489.345	-1586.266	96.92161	0.7890659	0.4808579	0.481064	0.518936	3.916257
83382	-1492.207	-1588.831	96.6234	0.7929746	0.6944804	0.392869	0.607131	3.903131
83388	-1498.059	-1593.693	95.63448	0.701189	0.794392	0.559639	0.440361	4.446431
83394	-1496.191	-1591.581	95.39054	0.6621534	0.5031114	0.559639	0.440361	4.831667
83664	-1500.478	-1595.718	95.24026	0.7918037	0.5128487	0.388689	0.611311	4.834294
83670	-1489.789	-1581.994	92.20558	0.6022337	0.502884	0.456502	0.543498	6.611073
83676	-1491.335	-1585.287	93.95207	0.4380923	0.5511251	0.490502	0.509498	5.708002
83682	-1491.249	-1586.194	94.94503	0.5695496	0.6938867	0.428252	0.571748	4.975819
83688	-1486.283	-1582.711	96.42856	0.6704807	0.4619125	0.574867	0.425133	4.283171
83694	-1480.09	-1574.93	94.84073	0.4871934	0.577491	0.593685	0.406315	5.169562
83700	-1478.667	-1573.655	94.98774	0.4871934	0.48486	0.43744	0.56256	5.169562
83706	-1489.41	-1584.245	94.83499	0.6484805	0.6190679	0.43744	0.56256	5.049772
83712	-1476.365	-1570.364	93.99912	0.6243077	0.5806258	0.456018	0.543982	5.555469
83718	-1471.074	-1565.129	94.05525	0.5054097	0.6699105	0.401186	0.598814	5.520628
83724	-1472.44	-1566.379	93.93845	0.5828997	0.6996427	0.465071	0.534929	5.520628
83730	-1479.516	-1572.97	93.45401	0.5724191	0.5469022	0.541812	0.458188	5.910577
83736	-1480.431	-1574.387	93.95596	0.6461041	0.4273585	0.498944	0.501056	5.706069
83742	-1476.583	-1570.492	93.90876	0.584771	0.4890967	0.442991	0.557009	5.706069
83748	-1481.624	-1575.063	93.43964	0.6126382	0.502345	0.586498	0.413502	5.935374
83754	-1477.174	-1571.72	94.54624	0.3808954	0.5594892	0.417451	0.582549	5.405905
83760	-1474.229	-1568.648	94.41917	0.5470216	0.5285282	0.509016	0.490984	5.410972
83766	-1482.066	-1576.659	94.59329	0.7541498	0.5285282	0.464771	0.535229	5.200515
83772	-1481.223	-1576.367	95.14428	0.485	0.420418	0.447155	0.552845	5.147367
83778	-1472.034	-1566.634	94.60006	0.6405313	0.6673747	0.447155	0.552845	5.147367
83784	-1478.06	-1572.695	94.63553	0.6202065	0.5154088	0.455398	0.544602	5.262849
83790	-1478.171	-1573.651	95.48014	0.7167264	0.5094761	0.461011	0.538989	4.745352
83796	-1473.529	-1568.696	95.16625	0.7352693	0.4364845	0.422943	0.577057	4.979938
83802	-1471.252	-1565.944	94.69202	0.5003103	0.7110018	0.478905	0.521095	5.14229
83808	-1475.647	-1569.196	93.54874	0.6745934	0.6654212	0.563798	0.436202	5.7091
83814	-1474.965	-1570.514	95.54924	0.9810344	0.4407055	0.388225	0.611775	4.624741
83820	-1480.956	-1578.67	97.71475	1.238124	0.7661628	0.388225	0.611775	2.949579
83826	-1486.31	-1583.83	97.51942	0.8879145	0.65265	0.388225	0.611775	3.360847
83832	-1480.09	-1576.695	96.60565	0.8796879	0.6507632	0.314784	0.685216	3.897162
83838	-1481.854	-1579.027	97.17324	0.7027387	0.6507632	0.528409	0.471591	3.672098
83844	-1485.108	-1579.619	94.51121	0.5376649	0.552598	0.436501	0.563499	5.344623
83850	-1486.104	-1582.406	96.30287	0.8835251	0.5076167	0.558274	0.441726	4.189854
83856	-1483.452	-1579.113	95.66083	1.034728	1.088804	0.508406	0.491594	4.067139
83862	-1489.93	-1586.305	96.37501	1.034728	0.4189237	0.545321	0.454679	4.15096
83868	-1485.26	-1581.624	96.3637	0.7958206	0.8041168	0.492045	0.507955	3.972397
83874	-1485.2	-1578.921	93.72139	0.6407553	0.548336	0.489624	0.510376	5.725717
83880	-1484.316	-1578.672	94.3561	0.4401082	0.5715805	0.462203	0.537797	5.467902
83886	-1489.77	-1584.542	94.77214	0.5011708	0.5899606	0.542169	0.457831	5.189554
83892	-1484.317	-1581.758	97.4407	0.8982912	0.5729	0.443592	0.556408	3.467839
83898	-1488.042	-1583.916	95.87453	0.9405077	0.4332789	0.409967	0.590033	4.472342
83904	-1495.444	-1593.429	97.98511	1.167123	0.5455345	0.453977	0.546023	3.0116
83910	-1486.02	-1584.042	98.02199	1.155425	1.163972	0.523029	0.476971	2.560468
83916	-1482.155	-1580.998	98.84268	1.155425	0.6428844	0.487862	0.512138	2.404818
83922	-1479.427	-1577.605	98.17839	1.155425	0.5115704	0.484124	0.515876	2.934931
83928	-1496.546	-1594.245	97.6983	1.240551	0.7981137	0.344994	0.655006	2.934931
83934	-1486.124	-1580.184	94.06074	0.5801662	0.5969572	0.503529	0.496471	5.532639
83940	-1490.238	-1584.672	94.43459	0.5934998	0.5828303	0.417719	0.582281	5.330865
83946	-1491.284	-1586.199	94.91438	0.7606312	0.4397989	0.551723	0.448277	5.102328
83952	-1488.467	-1582.921	94.45332	0.7634509	0.723437	0.446482	0.553518	5.119948
83958	-1494.023	-1589.237	95.21422	0.7081048	0.6103238	0.422316	0.577684	4.812532
83970	-1494.157	-1589.561	95.40449	0.7191561	0.6012104	0.521646	0.478354	4.707409
83976	-1495.289	-1591.113	95.824	0.9670852	0.618489	0.620171	0.379829	4.318117
83982	-1498.506	-1594.836	96.32982	0.7457547	0.6226605	0.418229	0.581771	4.153472
83988	-1500.63	-1597.28	96.65062	0.8959932	0.5592815	0.46732	0.53268	3.937905
84000	-1495.547	-1590.6	95.05379	0.5337365	0.5104105	0.301928	0.698072	5.083697
84006	-1481.662	-1575.424	93.76223	0.5539077	0.5104105	0.546602	0.453398	5.783913
84012	-1475.623	-1571.525	95.90187	0.7502737	0.4051186	0.53457	0.46543	4.593443
84018	-1491.937	-1586.924	94.98783	0.6594798	0.4418868	0.516236	0.483764	5.115596
84024	-1483.022	-1578.468	95.44577	0.5984704	0.4400281	0.455655	0.544345	4.896967
84030	-1484.611	-1579.964	95.3532	0.7112388	0.4289436	0.487787	0.512213	4.896967
84036	-1488.668	-1583.994	95.32597	0.7112388	0.8526917	0.487787	0.512213	4.576378
84054	-1485.617	-1578.49	92.87359	0.6394412	0.7158724	0.418982	0.581018	6.061002
84060	-1497.006	-1591.487	94.4804	1.136676	0.627644	0.410002	0.589998	4.968824
84066	-1495.128	-1590.123	94.99488	0.8149558	0.7602638	0.477813	0.522187	4.764461
84072	-1492.424	-1587.135	94.71157	0.5249307	0.7951066	0.518512	0.481488	5.060253
84078	-1497.047	-1592.101	95.05392	0.5249307	0.5423405	0.507378	0.492622	5.060253
84090	-1495.619	-1590.696	95.07719	0.6979131	0.6041739	0.392363	0.607637	4.899534
84096	-1502.835	-1598.642	95.80675	0.832483	0.6041739	0.381284	0.618716	4.415453
84180	-1491.722	-1585.872	94.15033	0.7655178	0.8337413	0.488006	0.511994	5.212937
84186	-1478.462	-1574.167	95.7049	0.8658595	0.6298598	0.368241	0.631759	4.433418
85920	-1489.539	-1584.525	94.98564	0.6683976	0.5435997	0.545263	0.454737	5.017427
85926	-1486.451	-1581.08	94.62884	0.5148118	0.5030976	0.50349	0.49651	5.335825
85932	-1490.434	-1585.804	95.36999	0.6985968	0.5028221	0.309517	0.690483	4.823067
85938	-1487.888	-1582.631	94.74345	0.5232389	0.6243512	0.505231	0.494769	5.165777
85944	-1502.192	-1596.091	93.89835	0.5259806	0.77197	0.565209	0.434791	5.524049
85950	-1486.176	-1580.53	94.354	0.3783342	0.5465951	0.520526	0.479474	5.524049
85956	-1485.008	-1579.652	94.64351	0.5451865	0.5678551	0.626097	0.373903	5.254572
85962	-1471.362	-1566.524	95.16203	0.7215582	0.5396691	0.408622	0.591378	4.893186
85968	-1480.631	-1575.279	94.64804	0.6421445	0.4809231	0.48309	0.51691	5.275406
85974	-1480.283	-1575.385	95.10283	0.6852968	0.5651805	0.478759	0.521241	4.924438
85980	-1476.983	-1571.563	94.57967	0.501599	0.6270195	0.399913	0.600087	5.266231
85986	-1484.344	-1581.365	97.02106	0.6686572	0.3230861	0.565312	0.434688	4.102515
85992	-1485.052	-1580.665	95.61325	0.5086402	0.4446778	0.488423	0.511577	4.849039
85998	-1483.064	-1579.174	96.10953	0.3669741	0.540239	0.423082	0.576918	4.561147
86004	-1491.723	-1587.953	96.23095	0.6130952	0.5133611	0.470857	0.529143	4.378356
86010	-1487.485	-1583.676	96.19087	0.804779	0.5059647	0.510743	0.489257	4.2995
86016	-1488.375	-1585.397	97.02189	0.8176371	0.4316537	0.460887	0.539113	3.892103
86022	-1490.833	-1586.559	95.72521	0.7941156	0.5647454	0.392475	0.607525	4.515857
86028	-1487.275	-1583.401	96.12566	0.7638555	0.5153032	0.385236	0.614764	4.350901
86034	-1495.686	-1592.307	96.62082	0.9182789	0.5020788	0.558501	0.441499	3.994131
86040	-1492.907	-1589.73	96.82294	0.7921829	0.4942454	0.425353	0.574647	3.958078
86046	-1499.109	-1594.159	95.05003	0.639042	0.7106333	0.590189	0.409811	4.866606
86052	-1503.642	-1600.436	96.79407	0.6568743	0.593193	0.53687	0.46313	3.963615
86058	-1495.726	-1591.134	95.40765	0.8264725	0.4036944	0.53687	0.46313	4.8288
86064	-1481.213	-1575.422	94.20822	0.38455	0.4327107	0.546404	0.453596	5.705778
86070	-1481.97	-1576.343	94.37261	0.5024235	0.5625304	0.502862	0.497138	5.432047
86076	-1486.451	-1580.759	94.30868	0.5601862	0.5665933	0.517833	0.482167	5.432047
86082	-1485.649	-1580.996	95.34723	0.5153638	0.5665933	0.53255	0.46745	4.881783
86088	-1494.333	-1588.801	94.46757	0.4851852	0.536199	0.497266	0.502734	5.411687
86094	-1488.431	-1582.768	94.33768	0.4972841	0.630164	0.513703	0.486297	5.399686
86100	-1483.725	-1578.023	94.29833	0.4972841	0.6586535	0.513703	0.486297	5.399686
86106	-1489.708	-1584.708	95.00024	0.4972841	0.5539168	0.531734	0.468266	5.095405
86112	-1494.195	-1587.799	93.60485	0.3727827	0.6374991	0.547168	0.452832	5.864515
86118	-1486.526	-1582.474	95.94826	0.5901416	0.6345985	0.473884	0.526116	4.447913
86124	-1487.785	-1582.807	95.02121	0.6037904	0.5589638	0.486676	0.513324	5.020383
86130	-1492.661	-1588.634	95.97259	0.5276075	0.6434143	0.364156	0.635844	4.462526
86136	-1481.322	-1578.503	97.18116	0.8595624	0.5554388	0.365893	0.634107	3.656754
86142	-1487.396	-1582.716	95.32004	0.6730649	0.5748184	0.491637	0.508363	4.802102
86148	-1489.749	-1584.071	94.32104	0.5290566	0.5748184	0.422489	0.577511	5.43556
86154	-1481.484	-1575.249	93.76501	0.5108776	0.5748184	0.488116	0.511884	5.750859
86160	-1487.321	-1580.671	93.34941	0.3711222	0.5178519	0.488116	0.511884	6.102486
86166	-1484.983	-1581.364	96.38158	0.7125242	0.5122396	0.386304	0.613696	4.237935
86172	-1482.541	-1576.64	94.0987	0.4008915	0.5122396	0.482795	0.517205	5.681789
86178	-1484.289	-1577.479	93.19024	0.4651117	0.6268442	0.485074	0.514926	6.048571
86184	-1483.381	-1576.374	92.9929	0.6624427	0.6268442	0.546466	0.453534	6.048571
86190	-1483.664	-1579.094	95.42997	0.5516089	0.6776983	0.414516	0.585484	4.727404
86196	-1485.605	-1580.645	95.04033	0.5238792	0.844003	0.5871	0.4129	4.846462
86214	-1491.819	-1586.864	95.04485	0.9266666	0.804482	0.403411	0.596589	4.644324
86220	-1484.828	-1580.209	95.38156	0.9266666	0.5650582	0.462456	0.537544	4.634095
86226	-1480.383	-1577.257	96.87363	0.9922426	0.5153439	0.451325	0.548675	3.794238
86232	-1500.087	-1596.481	96.3933	0.8442573	0.4723274	0.47078	0.52922	4.194413
86238	-1494.408	-1590.368	95.95974	0.8867257	0.7408906	0.469178	0.530822	4.194413
86244	-1494.224	-1590.473	96.24905	0.8867257	0.5729218	0.544694	0.455306	4.160479
86250	-1476.27	-1570.523	94.25343	0.5238196	0.5125315	0.472773	0.527227	5.529099
86256	-1486.268	-1582.926	96.65794	0.5509817	0.5125315	0.373507	0.626493	4.172514
86262	-1484.049	-1581.073	97.02454	0.8963421	0.6473527	0.41973	0.58027	3.648809
86268	-1498.437	-1593.729	95.29168	1.012273	0.3507916	0.41973	0.58027	4.849051
86274	-1492.535	-1588.236	95.70122	0.7956289	0.6367364	0.424853	0.575147	4.46963
86280	-1499.921	-1593.046	93.12428	0.5901865	0.538876	0.558931	0.441069	6.087574
86286	-1487.092	-1579.963	92.87093	0.6007758	0.7100825	0.415731	0.584269	6.087574
86292	-1478.485	-1572.72	94.23513	0.4280349	0.4873639	0.558608	0.441392	5.614628
86298	-1485.911	-1581.181	95.27048	0.6359904	0.631115	0.504596	0.495404	4.804915
86304	-1487.302	-1582.939	95.63707	0.6766402	0.5505764	0.557681	0.442319	4.643449
86310	-1487.2	-1583.719	96.51883	0.6636572	0.4996625	0.467448	0.532552	4.199505
86316	-1478.68	-1573.718	95.03747	0.6636572	0.8317702	0.434695	0.565305	4.777851
86322	-1482.812	-1577.452	94.63952	0.5021019	0.5874879	0.44407	0.55593	5.264376
86328	-1497.219	-1593.334	96.11583	1.012977	0.5874879	0.47088	0.52912	4.152114
86334	-1492.382	-1586.953	94.57057	0.6293425	0.5874879	0.546344	0.453656	5.232163
86340	-1497.353	-1591.664	94.31109	0.6293425	0.7960169	0.583484	0.416516	5.223633
86346	-1493.301	-1589.616	96.31575	0.7580038	0.5395837	0.502305	0.497695	4.224727
86352	-1494.384	-1590.777	96.39316	0.8524414	0.693519	0.548949	0.451051	4.001601
86358	-1485.011	-1581.618	96.60652	0.81435	0.6956651	0.580534	0.419466	3.899664
86364	-1486.164	-1582.049	95.88514	0.6608094	0.4179007	0.409304	0.590696	4.639436
86370	-1489.126	-1583.797	94.6714	0.6615406	0.4145558	0.505922	0.494078	5.317263
86376	-1483.675	-1579.459	95.78404	0.9031082	0.4473322	0.539255	0.460745	4.530008
86382	-1489.733	-1585.215	95.48278	0.7257775	0.7163735	0.352913	0.647087	4.571952
86388	-1479.782	-1575.976	96.19415	0.4946434	0.5377959	0.356311	0.643689	4.4439
86400	-1488.609	-1584.359	95.75046	0.8719879	0.386934	0.379597	0.620403	4.629882
86406	-1487.38	-1582.703	95.32356	0.6512868	0.82374	0.498734	0.501266	4.629882
86412	-1479.27	-1574.33	95.06039	0.4408395	0.5385736	0.429047	0.570953	5.106568
86418	-1492.202	-1586.676	94.47333	0.4514041	0.498833	0.429047	0.570953	5.460335
86424	-1483.223	-1576.543	93.31999	0.6171543	0.5291186	0.542708	0.457292	5.974568
86430	-1489.938	-1585.046	95.10746	0.7407539	0.6262313	0.622073	0.377927	4.841244
86436	-1487.705	-1581.304	93.59954	0.5868731	0.6701825	0.440136	0.559864	5.725819
86442	-1499.688	-1594.181	94.49313	0.7955915	0.6313016	0.449046	0.550954	5.148159
86448	-1487.44	-1581.901	94.46075	0.7155405	0.6808889	0.550688	0.449312	5.172959
86490	-1499.97	-1595.518	95.54821	0.5649696	0.5398332	0.505907	0.494093	4.764993
86496	-1489.594	-1584.566	94.97216	0.4588953	0.5398332	0.528665	0.471335	5.144352
86514	-1482.828	-1578.61	95.78191	0.7988542	1.030356	0.492395	0.507605	4.164328
86562	-1490.05	-1585.661	95.61163	0.6813635	0.778448	0.383384	0.616616	4.481191
86568	-1483.698	-1579.172	95.47389	0.6599081	0.5309333	0.586765	0.413235	4.76131
86574	-1480.634	-1575.581	94.94629	0.7134077	0.5689475	0.600618	0.399382	4.992684
86580	-1470.625	-1566.542	95.91671	0.7232905	0.5375553	0.414879	0.585121	4.471591
86586	-1479.185	-1573.977	94.79215	0.7269921	0.6100948	0.435559	0.564441	5.037089
86592	-1481.668	-1573.952	92.2835	0.5074392	0.6340273	0.589117	0.410883	6.512703
86598	-1483.165	-1578.624	95.45935	0.4231301	0.4554574	0.589117	0.410883	4.971644
86604	-1480.754	-1576.521	95.76694	0.5210841	0.6260545	0.374405	0.625595	4.595408
86610	-1488.028	-1583.381	95.35281	0.7020096	0.6704728	0.459062	0.540938	4.691838
86616	-1487.112	-1582.427	95.31443	0.729256	0.6345061	0.459062	0.540938	4.725618
86622	-1488.66	-1583.177	94.51707	0.5457482	0.5195673	0.653869	0.346131	5.365624
86628	-1485.62	-1580.681	95.06088	0.4861717	0.5195673	0.593342	0.406658	5.097913
86634	-1493.951	-1589.67	95.71941	0.7735363	0.7364656	0.530756	0.469244	4.397591
86652	-1502.96	-1596.657	93.69699	0.700885	0.5684406	0.501744	0.498256	5.68928
86658	-1486.303	-1580.348	94.04533	0.7619199	0.6300146	0.496291	0.503709	5.415074
86664	-1489.111	-1583.101	93.98989	0.7619199	0.6703997	0.669708	0.330292	5.415074
86670	-1484.985	-1578.343	93.35767	0.6324169	0.5690974	0.431566	0.568434	5.911867
86676	-1487.906	-1581.599	93.69376	0.5499182	0.5198935	0.503255	0.496745	5.815158
86832	-1497.203	-1592.845	95.64231	0.6061239	0.4755109	0.424235	0.575765	4.748256
86838	-1482.327	-1577.86	95.53285	0.6061239	0.6031533	0.422863	0.577137	4.697255
86862	-1484.468	-1581.278	96.81031	1.032331	0.6982049	0.423863	0.576137	3.654679
86868	-1490.2	-1586.777	96.57645	0.7773301	0.6331949	0.517321	0.482679	3.986434
86874	-1483.278	-1578.44	95.16128	0.8608948	0.6533621	0.414857	0.585143	4.723072
86880	-1475.064	-1569.625	94.5606	0.7666553	0.6758921	0.418546	0.581454	5.093019
86886	-1477.861	-1573.073	95.21253	0.672136	0.6758921	0.477881	0.522119	4.782901
86892	-1482.326	-1577.62	95.29396	0.7637665	0.4879749	0.470277	0.529723	4.842902
86898	-1488.056	-1582.581	94.52485	0.7637665	0.4456727	0.569173	0.430827	5.310213
86904	-1489.294	-1586.889	97.59561	0.7350528	0.3911662	0.532505	0.467495	3.653151
86922	-1490.373	-1584.33	93.95697	0.6131037	0.4172422	0.532577	0.467423	5.73389
86928	-1491.749	-1586.748	94.99893	0.5582011	0.4172422	0.532577	0.467423	5.190591
86934	-1495.012	-1588.784	93.77164	0.6361839	0.8222769	0.532577	0.467423	5.500381
86940	-1490.103	-1584.915	94.81282	0.6930013	0.8240243	0.507944	0.492056	4.891739
86946	-1488.069	-1580.685	92.61549	0.4961823	0.8240243	0.469157	0.530843	6.207953
86952	-1489.61	-1584.377	94.76718	0.5035609	0.692782	0.476675	0.523325	5.111959
86958	-1484.207	-1578.736	94.52928	0.5035609	0.8181134	0.527838	0.472162	5.158165
86964	-1487.89	-1584.807	96.91677	0.7882108	0.4881507	0.448704	0.551296	3.912452
86970	-1486.8	-1581.635	94.83493	0.7191935	0.5474787	0.498485	0.501515	5.069533
86976	-1481.44	-1576.707	95.26703	0.3866142	0.578951	0.414105	0.585895	4.987707
86982	-1484.872	-1579.668	94.79551	0.5586494	0.5570631	0.561564	0.438436	5.172145
86988	-1489.063	-1582.968	93.90418	0.6359409	0.4998874	0.374678	0.625322	5.670673
86994	-1483.414	-1579.383	95.96913	0.7045787	0.6219775	0.545648	0.454352	4.381628
87000	-1488.292	-1585.899	97.60708	0.8755029	0.5402293	0.545648	0.454352	3.413148
87006	-1485.139	-1580.226	95.0871	0.8424277	0.7116261	0.541752	0.458248	4.731685
87012	-1490.427	-1585.195	94.76773	0.7226487	0.5860343	0.44649	0.55351	5.072508
87018	-1486.622	-1582.025	95.40344	0.6416478	0.5696997	0.51545	0.48455	4.77738
87024	-1484.934	-1579.013	94.0789	0.7704133	0.8652778	0.351672	0.648328	5.230037
87030	-1490.497	-1585.3	94.80256	0.6139717	0.8652778	0.516256	0.483744	4.915402
87036	-1480.934	-1577.219	96.2853	0.9390909	0.5902221	0.484376	0.515624	4.095432
87042	-1492.079	-1588.955	96.87597	0.9784006	0.4171271	0.503098	0.496902	3.899015
87048	-1486.868	-1582.185	95.31723	0.7669758	0.7539727	0.457614	0.542386	4.615233
87054	-1491.371	-1587.798	96.42672	0.7674735	0.5496322	0.522601	0.477399	4.147455
87060	-1477.792	-1573.614	95.8226	0.8453599	0.5496322	0.515195	0.484805	4.44524
87066	-1478.098	-1573.864	95.76593	0.7161519	0.5420885	0.421751	0.578249	4.556392
87072	-1486.612	-1582.057	95.44508	0.9105243	0.627421	0.329452	0.670548	4.556392
87078	-1491.086	-1586.04	94.95439	0.6959621	0.627421	0.335193	0.664807	4.950493
87084	-1489.13	-1584.574	95.44435	0.8102375	0.5193652	0.486335	0.513665	4.704112
87090	-1487.439	-1582.18	94.7416	0.7067206	0.5951294	0.333998	0.666002	5.088414
87096	-1485.677	-1578.919	93.24117	0.7770833	0.5897782	0.420729	0.579271	5.879641
87114	-1492.353	-1588.824	96.47075	0.8427425	0.6333	0.441357	0.558643	4.009375
87120	-1491.289	-1586.555	95.26508	0.8427425	0.6000897	0.484924	0.515076	4.717172
87126	-1489.278	-1584.118	94.83981	0.859554	0.7522677	0.424789	0.575211	4.831612
87150	-1491.633	-1584.405	92.77185	0.2890675	0.5255461	0.364184	0.635816	6.454135
87156	-1494.754	-1590.221	95.46667	0.467466	0.4260522	0.345344	0.654656	4.972424
87162	-1493.453	-1588.196	94.7427	0.5938444	0.7905296	0.425193	0.574807	5.007733
87168	-1498.779	-1594.995	96.21573	0.7989773	0.7270165	0.425193	0.574807	4.10869
87174	-1493.418	-1587.806	94.38852	0.6213043	0.3457281	0.547432	0.452568	5.570847
87180	-1484.88	-1581.892	97.01202	0.9629635	0.8883993	0.418756	0.581244	3.445817
87186	-1478.559	-1574.741	96.18162	0.8220044	0.7165688	0.479173	0.520827	4.122562
87192	-1482.788	-1577.598	94.81057	0.6068349	0.4364608	0.448806	0.551194	5.248255
87198	-1486.376	-1581.478	95.10143	0.637412	0.5491823	0.427431	0.572569	4.965489
87204	-1497.427	-1591.856	94.42922	0.5560124	0.5491823	0.40008	0.59992	5.382625
87210	-1490.072	-1584.515	94.44251	0.5492067	0.5450039	0.381353	0.618647	5.382625
87216	-1488.521	-1582.826	94.30491	0.6130065	0.4760581	0.538036	0.461964	5.485182
87222	-1482.097	-1576.761	94.66448	0.6130065	0.5693386	0.44297	0.55703	5.204241
87228	-1494.01	-1588.294	94.28336	0.5747227	0.8997791	0.402188	0.597812	5.204241
87492	-1488.416	-1584.733	96.31711	0.7181262	0.7050607	0.383781	0.616219	4.113001
87498	-1489.399	-1583.698	94.29849	0.6107258	0.5767566	0.454967	0.545033	5.401397
87504	-1477.586	-1573.544	95.95789	0.8912794	0.8367452	0.510393	0.489607	4.127865
87510	-1478.31	-1573.987	95.67677	0.7129512	0.7066091	0.448003	0.551997	4.477178
87516	-1483.361	-1580.369	97.00739	0.9599174	0.5659235	0.378621	0.621379	3.689987
87522	-1486.83	-1583.644	96.8145	0.8832027	0.6055382	0.416946	0.583054	3.811718
87528	-1485.649	-1580.773	95.12428	0.6679346	0.4991512	0.389755	0.610245	4.980327
87534	-1492.172	-1587.199	95.02713	0.7513213	0.7135226	0.456423	0.543577	4.814701
87540	-1491.704	-1585.326	93.62192	0.5803383	0.6905926	0.456423	0.543577	5.70228
87546	-1489.857	-1585.205	95.34839	0.6719377	0.5137056	0.630122	0.369878	4.840063
87552	-1485.452	-1579.86	94.40788	0.7524947	0.5830947	0.446886	0.553114	5.257608
87558	-1493.493	-1587.03	93.53714	0.5987154	0.7189505	0.569841	0.430159	5.718543
87564	-1503.597	-1598.492	94.89523	0.658309	0.6026676	0.61413	0.38587	5.023946
87570	-1493.025	-1585.344	92.31819	0.5867064	0.8734647	0.510733	0.489267	6.289971
87576	-1481.811	-1575.392	93.58176	0.6002008	0.5287588	0.510733	0.489267	5.841157
87582	-1486.143	-1581.63	95.48748	0.5921083	0.5632908	0.510733	0.489267	4.763531
87588	-1485.584	-1580.721	95.13644	0.703699	0.5632908	0.549484	0.450516	4.89708
87594	-1477.045	-1570.512	93.46764	0.6305503	0.4008746	0.520889	0.479111	6.008786
87600	-1480.642	-1575.213	94.5715	0.661222	0.4700161	0.659681	0.340319	5.31744
87606	-1490.593	-1585.54	94.94693	0.5981368	0.4076342	0.419008	0.580992	5.207296
87612	-1489.596	-1584.807	95.21163	0.5981368	0.4750472	0.524706	0.475294	4.993129
87618	-1484.489	-1580.255	95.7654	0.8127875	0.6158533	0.494649	0.505351	4.440403
87624	-1482.315	-1577.559	95.24439	0.6664291	0.5175011	0.498479	0.501521	4.897658
87630	-1492.108	-1587.513	95.40459	0.5712615	0.4782942	0.419797	0.580203	4.897658
87636	-1479.226	-1575.013	95.7861	0.7018782	0.4780624	0.499103	0.500897	4.611715
87642	-1480.466	-1575.324	94.85802	0.6033698	0.673619	0.480534	0.519466	5.020278
87648	-1484.829	-1579.942	95.11225	0.6299545	0.4586994	0.462067	0.537933	5.046389
87654	-1483.585	-1577.909	94.32425	0.6684311	0.4848293	0.41387	0.58613	5.435824
87660	-1484.597	-1578.965	94.36703	0.4585742	0.5909971	0.448635	0.551365	5.435824
87666	-1479.994	-1573.888	93.89492	0.6624798	0.6234013	0.461289	0.538711	5.557654
87672	-1481.264	-1575.336	94.07215	0.5761457	0.7472004	0.430707	0.569293	5.417511
87678	-1486.511	-1580.883	94.37186	0.5523743	0.5476876	0.430707	0.569293	5.417511
87684	-1482.441	-1574.974	92.53293	0.6140839	0.6124472	0.384559	0.615441	6.336193
87690	-1479.548	-1574.458	94.90927	0.7508469	0.6124472	0.426296	0.573704	4.956892
87696	-1487.148	-1582.392	95.2441	0.5311502	0.535764	0.382034	0.617966	4.956892
87702	-1471.524	-1566.749	95.22482	0.6022636	0.535764	0.506806	0.493194	4.92806
87708	-1469.173	-1563.942	94.76891	0.7453976	0.5556435	0.587191	0.412809	5.084628
87714	-1474.833	-1569.532	94.69923	0.6075143	0.4200335	0.443797	0.556203	5.326058
87720	-1480.081	-1575.188	95.10708	0.5370304	0.5250182	0.436662	0.563338	5.039225
87726	-1470.78	-1565.789	95.00912	0.6047958	0.5441557	0.46647	0.53353	5.039225
87732	-1484.588	-1581.378	96.79015	0.7929359	0.4373766	0.475309	0.524691	4.032875
87738	-1483.273	-1578.927	95.65405	0.8853904	0.6675997	0.504062	0.495938	4.421823
87744	-1481.986	-1576.816	94.83011	0.709044	0.6920075	0.402042	0.597958	4.96353
87780	-1487.027	-1584.171	97.14349	0.6628498	0.5766994	0.491259	0.508741	3.773558
87786	-1487.621	-1583.275	95.65345	0.7959039	0.6871849	0.414787	0.585213	4.457877
87792	-1482.297	-1578.507	96.21045	0.8355719	0.8057873	0.410197	0.589803	4.036125
87798	-1483.158	-1579.538	96.38052	0.7488219	0.7370745	0.597506	0.402494	4.036125
87804	-1487.645	-1582.677	95.03164	0.6485578	0.7370745	0.47437	0.52563	4.852838
87810	-1487.751	-1583.012	95.26147	0.5893784	0.4410848	0.434204	0.565796	5.003465
87816	-1489.95	-1585.295	95.34469	0.5791149	0.5468443	0.492647	0.507353	4.864551
87822	-1494.185	-1588.751	94.56524	0.7060585	0.9396771	0.496663	0.503337	4.951501
87828	-1489.227	-1583.568	94.34109	0.5617458	0.6324802	0.496663	0.503337	5.360484
87834	-1489.6	-1586	96.40085	0.7183764	0.6690612	0.560821	0.439179	4.092216
87840	-1480.181	-1576.874	96.69303	0.9280155	0.6137164	0.516943	0.483057	3.849044
87846	-1482.579	-1580.462	97.8827	0.9280155	0.7154832	0.368912	0.631088	3.072766
87852	-1485.209	-1582.431	97.22196	1.205899	0.7242995	0.458344	0.541656	3.293214
87858	-1485.16	-1580.722	95.56203	0.5244482	0.6455971	0.334891	0.665109	4.693064
87864	-1486.935	-1581.985	95.05008	0.736362	0.6455971	0.398693	0.601307	4.860624
87870	-1483.778	-1580.139	96.36077	0.752285	0.6546847	0.613771	0.386229	4.106821
87876	-1495.118	-1591.141	96.0227	0.6928791	0.7044338	0.328636	0.671364	4.294869
87882	-1486.037	-1580.963	94.9259	0.7447564	0.4449266	0.364998	0.635002	5.099625
87888	-1491.146	-1586.324	95.17795	0.8144898	0.5697724	0.415114	0.584886	4.806708
87894	-1497.969	-1592.648	94.67925	0.4110431	0.524695	0.6505	0.3495	5.345934
87912	-1497.507	-1590.2	92.69366	0.594458	0.9517489	0.393096	0.606904	6.035809
87918	-1496.334	-1590.704	94.37049	0.8462357	0.5560744	0.410975	0.589025	5.248999
87924	-1486.087	-1580.331	94.24408	0.8554604	0.8454392	0.458447	0.541553	5.103855
87930	-1494.698	-1587.573	92.87468	0.7860088	0.7120794	0.458447	0.541553	5.983144
87936	-1481.848	-1576.502	94.65376	0.7860088	0.5675679	0.408513	0.591487	5.115878
87942	-1484.82	-1579.559	94.73967	0.6428032	0.5675679	0.568333	0.431667	5.147618
87948	-1481.926	-1577.784	95.85781	0.6897335	0.5284845	0.42421	0.57579	4.531664
87954	-1489.852	-1583.694	93.84204	0.6100919	0.6097837	0.423124	0.576876	5.626114
87960	-1479.318	-1573.449	94.13076	0.6102941	0.4872519	0.473207	0.526793	5.571963
87966	-1487.084	-1582.155	95.07155	0.5730391	0.7067565	0.361125	0.638875	4.894173
87972	-1479.834	-1575.102	95.26812	0.5881238	0.5561646	0.519732	0.480268	4.894173
87978	-1487.801	-1583.97	96.1686	0.9186481	0.533049	0.285585	0.714415	4.222908
87984	-1477.228	-1573.349	96.12067	0.7072281	0.5714869	0.409767	0.590233	4.336179
87990	-1482.6	-1578.799	96.19885	0.6192313	0.578034	0.552218	0.447782	4.336179
87996	-1483.599	-1578.039	94.44023	0.6251492	0.4709195	0.476507	0.523493	5.408859
88740	-1491.119	-1586.108	94.98908	0.8783318	0.7174098	0.475663	0.524337	4.762253
88746	-1488.17	-1584.827	96.65708	0.8067407	0.5887171	0.621833	0.378167	3.960015
88752	-1478.467	-1574.819	96.35219	1.008211	0.6619371	0.501234	0.498766	3.960015
88758	-1481.898	-1578.931	97.03269	0.9586682	0.717973	0.501234	0.498766	3.553532
88764	-1486.653	-1583.85	97.19664	1.09753	0.5545246	0.456219	0.543781	3.510294
88770	-1488.206	-1584.312	96.10567	0.7884412	0.5491834	0.461711	0.538289	4.317993
88776	-1494.557	-1588.304	93.74782	0.6660314	0.643206	0.426471	0.573529	5.621267
88782	-1489.887	-1586.33	96.44348	0.553004	0.5523378	0.483623	0.516377	4.257288
88788	-1492.516	-1586.98	94.46452	0.689442	0.5586736	0.485709	0.514291	5.281473
88794	-1487.698	-1584.194	96.49539	0.9751107	0.4885672	0.447848	0.552152	4.046146
88800	-1489.616	-1585.112	95.4967	0.7490219	0.417168	0.446581	0.553419	4.808089
88806	-1500.791	-1594.513	93.72214	0.7423463	0.8301157	0.428623	0.571377	5.464236
88812	-1488.969	-1584.438	95.46897	0.7423463	0.7137101	0.441456	0.558544	4.572318
88818	-1486.567	-1583.389	96.82219	0.7710383	0.7137101	0.441456	0.558544	3.787162
88824	-1487.716	-1583.311	95.59447	0.5409941	0.7790778	0.414756	0.585244	4.569316
88830	-1487.329	-1580.847	93.51785	0.5942411	0.6343683	0.434043	0.565957	5.793367
88836	-1487.42	-1582.296	94.87595	0.5167161	0.554981	0.434043	0.565957	5.152595
88842	-1480.705	-1574.038	93.33316	0.2455425	0.5166481	0.434043	0.565957	6.180745
88848	-1476.5	-1571.114	94.61435	0.1271097	0.4964487	0.472907	0.527093	5.563292
88854	-1483.479	-1576.789	93.31044	0.1589356	0.6270266	0.50467	0.49533	6.149722
88860	-1482.939	-1577.342	94.40359	0.2989376	0.6270266	0.50467	0.49533	5.475039
88866	-1484.9	-1580.039	95.13947	0.6198008	0.5094004	0.430429	0.569571	4.989275
89010	-1486.209	-1581.295	95.08632	0.7356828	0.7283243	0.410787	0.589213	4.779868
89016	-1483.185	-1577.067	93.88207	0.5504275	0.6700512	0.378332	0.621668	5.590946
89022	-1492.038	-1586.258	94.22072	0.7801206	0.4461849	0.619291	0.380709	5.468308
89028	-1486.43	-1582.43	95.99954	0.7600372	0.6186802	0.495216	0.504784	4.335775
89034	-1488.069	-1585.58	97.5111	1.103321	0.6423446	0.545472	0.454528	3.247194
89040	-1491.188	-1588.466	97.27758	0.9746793	0.6778404	0.370591	0.629409	3.431827
89046	-1495.001	-1592.56	97.55898	0.896945	0.5368867	0.516505	0.483495	3.431827
89052	-1487.918	-1583.718	95.80072	0.8287076	0.5673738	0.36561	0.63439	4.451655
89058	-1482.088	-1579.214	97.12683	0.8645257	0.6578276	0.530954	0.469046	3.599618
89064	-1483.193	-1579.292	96.09918	0.7572067	0.467436	0.316194	0.683806	4.41483
89070	-1488.939	-1585.755	96.81558	0.8268045	0.7833257	0.323653	0.676347	3.709006
89076	-1487.463	-1581.63	94.16678	0.5218679	0.7307988	0.511043	0.488957	5.406587
89082	-1483.852	-1577.958	94.10649	0.5439292	0.7615681	0.517261	0.482739	5.406587
89088	-1485.632	-1579.67	94.03729	0.7171396	0.6799711	0.473363	0.526637	5.406587
89094	-1487.18	-1583.581	96.40126	0.8109863	0.6920793	0.473363	0.526637	4.021735
89100	-1480.248	-1575.758	95.51006	0.6467377	0.5265914	0.508547	0.491453	4.752313
89106	-1479.973	-1574.922	94.94942	0.4945924	0.7481016	0.445104	0.554896	4.976657
89112	-1481.738	-1578.768	97.02983	0.960606	0.5577806	0.560111	0.439889	3.683788
89118	-1489.614	-1586.983	97.36975	1.292981	0.5946074	0.55448	0.44552	3.258785
89124	-1490.164	-1587.206	97.0417	1.142065	0.4815341	0.347925	0.652075	3.642969
89130	-1486.896	-1583.853	96.95652	0.8968384	0.4446165	0.595601	0.404399	3.870684
89136	-1479.898	-1575.904	96.00619	0.7835073	0.4707646	0.38772	0.61228	4.449171
89142	-1487.261	-1582.553	95.29164	0.7086395	0.6410775	0.559992	0.440008	4.744768
89148	-1486.958	-1582.911	95.95332	0.7086395	0.5766945	0.452747	0.547253	4.425429
89184	-1497.382	-1592.606	95.2239	0.6500714	0.6445264	0.437293	0.562707	4.812638
89190	-1484.117	-1578.446	94.32887	0.6554864	0.7264656	0.390022	0.609978	5.246436
89196	-1488.345	-1582.797	94.45225	0.6382385	0.6400371	0.560307	0.439693	5.251082
89202	-1497.565	-1592.437	94.87238	0.6425112	0.4923216	0.515538	0.484462	5.140496
89208	-1491.184	-1587.168	95.98422	0.6811695	0.4923216	0.583795	0.416205	4.498549
89214	-1490.31	-1584.969	94.65963	0.4805575	0.3535583	0.465313	0.534687	5.490111
89220	-1490.481	-1587.165	96.68416	0.8433056	0.8296601	0.492145	0.507855	3.743972
89226	-1487.166	-1582.817	95.65093	0.7030133	0.5244333	0.492145	0.507855	4.64393
89232	-1480.884	-1576.763	95.87867	0.7512563	0.5457342	0.399013	0.600987	4.470066
89238	-1478.496	-1574.536	96.03986	0.8170863	0.5096551	0.411114	0.588886	4.374477
89244	-1481.786	-1577.48	95.694	0.7054301	0.353144	0.520785	0.479215	4.79303
89250	-1480.861	-1575.291	94.42953	0.523246	0.6577635	0.533506	0.466494	5.313682
89256	-1481.109	-1574.361	93.2523	0.5565677	0.6164241	0.416914	0.583086	5.972899
89262	-1493.267	-1589.162	95.89448	0.5254084	0.5453158	0.552326	0.447674	4.588483
89268	-1494.518	-1589.667	95.1487	0.6311745	0.7722244	0.432354	0.567646	4.773062
89274	-1485.447	-1580.492	95.04474	0.5672882	0.685742	0.344322	0.655678	4.927583
89280	-1482.025	-1577.574	95.54899	0.6780045	0.4828448	0.420699	0.579301	4.753259
89286	-1484.909	-1580.912	96.00298	0.7253897	0.4082082	0.304952	0.695048	4.547344
89292	-1488.439	-1584.375	95.93583	0.8096775	0.3992598	0.582549	0.417451	4.547344
89298	-1485.889	-1580.202	94.31353	0.82168	0.8409267	0.509431	0.490569	5.086921
89304	-1495.183	-1590.27	95.08765	0.6073609	0.4884249	0.452154	0.547846	5.044252
89310	-1495.088	-1590.788	95.69995	0.5830854	0.7540985	0.453449	0.546551	4.503485
89316	-1495.535	-1587.642	92.10693	0.6915796	0.8179718	0.433575	0.566425	6.381852
89322	-1488.622	-1582.657	94.03584	0.4192537	0.5482071	0.513006	0.486994	5.674884
89328	-1488.413	-1583.521	95.10785	0.5427437	0.5409904	0.513006	0.486994	5.021607
89370	-1493.708	-1589.821	96.11289	0.8636414	0.7838895	0.322522	0.677478	4.090553
89376	-1483.503	-1578.235	94.73176	0.7244312	0.6372682	0.490218	0.509782	5.050704
89382	-1484.579	-1579.502	94.92314	0.6235595	0.5746013	0.360337	0.639663	5.050704
89388	-1484.766	-1579.837	95.07111	0.3832936	0.5746013	0.550685	0.449315	5.101898
89394	-1489.148	-1582.907	93.75859	0.5356958	0.8707097	0.447413	0.552587	5.532653
89400	-1483.953	-1579.164	95.21065	0.5356958	0.4909701	0.447413	0.552587	5.01338
89406	-1491.815	-1586.313	94.4974	0.7002814	0.7834053	0.460825	0.539175	5.089519
89412	-1488.001	-1582.772	94.77073	0.4973377	0.5998983	0.405321	0.594679	5.184413
89418	-1483.108	-1576.398	93.29004	0.4637438	0.5618645	0.532021	0.467979	6.046787
89424	-1480.751	-1575.273	94.52239	0.5859734	0.5097798	0.48603	0.51397	5.349247
89430	-1496.019	-1590.586	94.56646	0.3852464	0.6123608	0.48603	0.51397	5.349247
89436	-1489.651	-1584.767	95.11515	0.5574312	0.4710298	0.463131	0.536869	5.07312
89442	-1478.927	-1574.845	95.9185	0.6365632	0.6218814	0.507343	0.492657	4.448602
89448	-1481.21	-1577.58	96.37027	0.7640125	0.6092828	0.530382	0.469618	4.130943
89454	-1480.452	-1576.99	96.53772	0.9518236	0.5369635	0.421541	0.578459	3.990355
89460	-1484.929	-1581.093	96.16323	0.9662583	0.8029478	0.455953	0.544047	3.990355
89466	-1485.922	-1581.704	95.78214	0.6408905	0.6328134	0.472653	0.527347	4.514244
89472	-1481.984	-1578.795	96.81146	0.6857125	0.4698946	0.4606	0.5394	4.049071
89478	-1479.143	-1577.309	98.16626	0.8339902	0.4698946	0.587013	0.412987	3.176118
89484	-1484.05	-1582.203	98.1526	1.303722	0.574161	0.587013	0.412987	2.801547
89490	-1492.863	-1591.188	98.32552	1.209962	0.9452897	0.500025	0.499975	2.468423
89496	-1506.177	-1606.173	99.99575	1.429938	0.3988434	0.381026	0.618974	1.722174
89652	-1486.05	-1582.162	96.11184	0.8020483	0.4315357	0.510146	0.489854	4.418447
89658	-1480.034	-1575.669	95.6347	0.575671	0.6461231	0.409043	0.590957	4.623265
89664	-1482.614	-1576.233	93.61908	0.3953439	0.6461231	0.526738	0.473262	5.837871
89670	-1478.652	-1572.824	94.17158	0.4705798	0.6461231	0.424942	0.575058	5.493611
89676	-1483.526	-1577.922	94.39522	0.5520923	0.4196531	0.421624	0.578376	5.524413
89694	-1474.452	-1570.88	96.42865	1.191655	0.7605536	0.391721	0.608279	3.737693
89700	-1475.911	-1573.138	97.22737	1.431105	0.7480214	0.453596	0.546404	3.139055
89706	-1471.455	-1569.207	97.75164	1.086087	0.8724087	0.43935	0.56065	2.944654
89712	-1485.403	-1583.918	98.51488	0.9648682	0.5446828	0.463125	0.536875	2.814698
89718	-1489.465	-1585.599	96.13408	0.9961033	0.6158154	0.446213	0.553787	4.127953
89724	-1495.859	-1592.019	96.15927	0.9207797	0.6516674	0.4284	0.5716	4.127953
89730	-1487.766	-1584.391	96.62472	0.7862936	0.7633657	0.499555	0.500445	3.856228
89736	-1478.874	-1574.713	95.83897	0.7862936	0.4650375	0.383758	0.616242	4.54725
89742	-1481.072	-1577.156	96.084	0.526627	0.4957422	0.58614	0.41386	4.526136
89748	-1491.67	-1586.042	94.37187	0.3975333	0.4957422	0.42537	0.57463	5.548587
89754	-1489.284	-1583.641	94.35677	0.4215508	0.6020797	0.523406	0.476594	5.45295
89772	-1486.764	-1581.926	95.16158	0.6704878	0.5419514	0.448244	0.551756	4.919884
89778	-1491.375	-1587.66	96.28472	0.7279225	0.5193133	0.454234	0.545766	4.277606
89784	-1494.565	-1592.032	97.46751	0.7518587	0.5296034	0.54823	0.45177	3.576508
89790	-1482.171	-1579.713	97.54275	0.9835619	0.5494896	0.517067	0.482933	3.379055
89796	-1491.713	-1589.301	97.58728	1.031827	0.5902336	0.538322	0.461678	3.288317
89832	-1487.988	-1582.2	94.21199	0.5369907	0.7042524	0.545577	0.454423	5.392036
89838	-1483.42	-1578.982	95.56119	0.6578946	0.6429971	0.545577	0.454423	4.620798
89844	-1483.988	-1578.793	94.80427	0.7210674	0.6387165	0.455314	0.544686	5.011196
89850	-1486.797	-1581.331	94.53382	0.816105	0.77418	0.512542	0.487458	5.011196
89856	-1477.215	-1573.73	96.51549	0.8702291	0.4498709	0.418127	0.581873	4.132543
89862	-1483.246	-1580.273	97.02725	0.8582174	0.4427514	0.460784	0.539216	3.854169
89868	-1483.547	-1578.686	95.13835	0.9984705	0.71778	0.621099	0.378901	4.611197
89874	-1477.875	-1572.994	95.11928	0.9759359	0.7508824	0.499046	0.500954	4.611197
89880	-1487.64	-1583.25	95.6093	0.9759359	0.8358817	0.478903	0.521097	4.278213
89886	-1483.553	-1578.435	94.88176	0.7124203	0.7658541	0.407544	0.592456	4.880952
89892	-1484.369	-1577.933	93.56421	0.6009329	0.6258905	0.407544	0.592456	5.770842
89898	-1480.204	-1576.006	95.80296	0.6506627	0.6071306	0.350075	0.649925	4.517557
89904	-1488.123	-1583.099	94.97568	0.6506627	0.6071306	0.544697	0.455303	4.979917
89910	-1482.63	-1575.979	93.3484	0.6506627	0.4209635	0.522419	0.477581	6.042103
89916	-1478.315	-1573.145	94.8292	0.6292111	0.5436913	0.428031	0.571969	5.125861
89922	-1488.903	-1582.506	93.6027	0.6292111	0.4955329	0.428031	0.571969	5.843387
89928	-1492.382	-1585.796	93.41432	0.6290696	0.6182417	0.518032	0.481968	5.843387
89934	-1485.914	-1579.168	93.25399	0.7162597	0.6997883	0.418299	0.581701	5.822721
89940	-1474.144	-1568.3	94.15633	0.7894155	0.6997883	0.436919	0.563081	5.286687
89946	-1478.794	-1572.374	93.58035	0.8471046	0.4763993	0.452247	0.547753	5.754051
89952	-1480.014	-1574.233	94.21886	0.409371	0.5706757	0.40206	0.59794	5.561015
89958	-1480.93	-1575.749	94.81974	0.3564216	0.6097059	0.513585	0.486415	5.227405
89964	-1481.605	-1576.892	95.28751	0.6928899	0.5431737	0.371755	0.628245	4.836183
89970	-1481.07	-1574.821	93.7515	0.5432632	0.4923796	0.455862	0.544138	5.811891
89976	-1478.527	-1571.911	93.38373	0.4885934	0.5818777	0.44162	0.55838	5.965711
89982	-1477.201	-1571.451	94.24994	0.4019401	0.7709325	0.44162	0.55838	5.399499
89988	-1475.831	-1570.005	94.1737	0.6944702	0.6070632	0.421662	0.578338	5.399499
89994	-1466.646	-1562.01	95.3641	0.6677056	0.6070632	0.520981	0.479019	4.75402
90000	-1480.302	-1576.385	96.08349	0.6226075	0.6800857	0.475908	0.524092	4.318298
90006	-1476.763	-1572.822	96.059	0.6519168	0.8448913	0.385893	0.614107	4.201159
90012	-1473.725	-1566.99	93.26492	0.7382411	0.5904934	0.455326	0.544674	5.887313
90018	-1480.542	-1575.702	95.15956	0.7444078	0.695219	0.455326	0.544674	4.757857
90024	-1492.342	-1586.716	94.37411	0.4273753	0.3617523	0.511536	0.488464	5.666787
90030	-1481.356	-1576.168	94.81171	0.4701831	0.4422858	0.400293	0.599707	5.317279
90036	-1487.812	-1582.17	94.3577	0.6269075	0.6300157	0.464476	0.535524	5.317279
90042	-1493.201	-1588.472	95.27055	0.54134	0.5225856	0.577719	0.422281	4.948166
90048	-1499.129	-1594.141	95.01262	0.6377345	0.6303989	0.365459	0.634541	4.948166
90102	-1493.736	-1589.236	95.50021	0.6722334	0.668403	0.454181	0.545819	4.627516
90108	-1489.567	-1583.884	94.31694	0.7223126	0.9008416	0.544607	0.455393	5.103286
90114	-1499.321	-1594.098	94.77733	0.5877864	0.634588	0.461577	0.538423	5.103286
90240	-1509.151	-1605.882	96.73186	0.9783603	0.3760803	0.42861	0.57139	4.027045
90246	-1503.69	-1598.526	94.83626	0.6336883	0.5803693	0.592509	0.407491	5.0885
90252	-1501.757	-1597.194	95.43727	0.4786238	0.5959132	0.371115	0.628885	4.827764
90258	-1491.105	-1587.014	95.90848	0.7009087	0.4699302	0.371115	0.628885	4.551408
90264	-1489.79	-1584.06	94.2699	0.6204348	0.4822626	0.42511	0.57489	5.494545
90270	-1480.002	-1573.883	93.88181	0.3733494	0.5628186	0.42511	0.57489	5.772131
90276	-1477.546	-1571.205	93.6587	0.5964551	0.5628186	0.402363	0.597637	5.772131
90282	-1488.911	-1585.276	96.36509	0.7056176	0.597616	0.368446	0.631554	4.176682
90288	-1487.467	-1581.913	94.44508	0.5175455	0.7622099	0.400313	0.599687	5.233857
90294	-1492.469	-1585.992	93.52337	0.6769175	0.7128699	0.400313	0.599687	5.687499
90372	-1488.418	-1584.336	95.91859	0.4971133	0.7153397	0.435013	0.564987	4.456223
90378	-1479.026	-1574.652	95.6262	0.8634761	0.5405021	0.514499	0.485501	4.55352
90384	-1482.03	-1578.928	96.89737	0.82397	0.5415722	0.53241	0.46759	3.853374
90390	-1476.569	-1571.957	95.38786	0.5731218	0.4988844	0.561929	0.438071	4.886671
90396	-1474.366	-1568.596	94.22978	0.5731218	0.539	0.559533	0.440467	5.491759
90402	-1480.007	-1574.59	94.58258	0.4558647	0.6065313	0.343137	0.656863	5.306013
90408	-1480.65	-1574.218	93.56838	0.4471926	0.6101531	0.405032	0.594968	5.864913
90414	-1488.098	-1581.972	93.87422	0.6134732	0.8543183	0.321819	0.678181	5.436319
90570	-1486.842	-1582.612	95.76968	0.8105684	0.4070726	0.440448	0.559552	4.631671
90576	-1497.982	-1593.002	95.01956	0.8482258	0.6286877	0.395421	0.604579	4.828398
91392	-1498.848	-1594.331	95.48369	0.9269574	0.5518619	0.49556	0.50444	4.587978
91398	-1485.63	-1581.623	95.99301	0.8256395	0.5554104	0.469436	0.530564	4.355212
91404	-1493.447	-1588.468	95.0208	0.5347577	0.6166933	0.487145	0.512855	5.011627
91422	-1506.508	-1602.566	96.0577	0.7306568	0.7269784	0.583817	0.416183	4.237299
91428	-1500.655	-1597.136	96.48046	0.6388008	0.4976084	0.449324	0.550676	4.237299
91434	-1500.425	-1596.172	95.74719	0.8386615	0.7123177	0.357459	0.642541	4.362453
91440	-1495.494	-1590.852	95.35745	0.5633191	0.736921	0.291203	0.708797	4.718626
91446	-1498.571	-1594.148	95.57617	0.7752349	0.5616156	0.493854	0.506146	4.612823
91452	-1490.357	-1585.571	95.21396	0.757195	0.6091409	0.484068	0.515932	4.786225
91458	-1496.565	-1591.557	94.99196	0.7179797	0.7402302	0.484068	0.515932	4.834054
91470	-1504.164	-1597.785	93.621	0.4872681	0.5590047	0.474363	0.525637	5.85567
91476	-1501.348	-1594.722	93.37398	0.4640347	0.6871989	0.474363	0.525637	5.904018
91482	-1500.903	-1596.29	95.38696	0.6745392	0.7877398	0.474363	0.525637	4.604998
91488	-1494.143	-1589.813	95.67017	0.7634162	0.5180821	0.384581	0.615419	4.604998
91500	-1499.268	-1594.75	95.4822	0.622881	0.5180821	0.497023	0.502977	4.78882
91506	-1484.473	-1579.799	95.32623	0.7309968	0.6958682	0.460309	0.539691	4.671661
91512	-1480.644	-1576.504	95.86012	0.7879061	0.5454391	0.460309	0.539691	4.460134
91518	-1491.462	-1587.299	95.83673	0.8615452	0.5138028	0.403649	0.596351	4.460134
91524	-1481.736	-1576.405	94.66878	0.7249261	0.5722558	0.485789	0.514211	5.137478
91602	-1509.721	-1604.574	94.85349	0.276444	0.5830489	0.448735	0.551265	5.274461
91608	-1499.534	-1594.092	94.55863	0.4222989	0.50662	0.473112	0.526888	5.422334
91722	-1504.273	-1598.354	94.08047	0.6237654	0.4244727	0.335232	0.664768	5.652971
91728	-1488.782	-1582.946	94.16422	0.6155139	0.5246106	0.340748	0.659252	5.517034
91734	-1485.081	-1580.431	95.35048	0.5929471	0.4552832	0.555159	0.444841	4.937922
91740	-1487.691	-1582.731	95.04026	0.5955485	0.6542023	0.499329	0.500671	4.937922
91746	-1484.216	-1579.789	95.57358	0.7521896	0.6542023	0.356537	0.643463	4.552283
91752	-1495.988	-1591.281	95.29339	0.7026713	0.7212705	0.306571	0.693429	4.687564
91758	-1495.923	-1591.322	95.39925	0.7155721	0.5938198	0.503634	0.496366	4.718375
91764	-1493.004	-1589.129	96.12542	0.8900511	0.4022564	0.455697	0.544303	4.392111
91770	-1483.809	-1580.056	96.24691	0.648816	0.7226092	0.468672	0.531328	4.179522
91776	-1489.109	-1584.775	95.66674	0.6500264	0.5557202	0.413312	0.586688	4.637294
91782	-1490.605	-1586.416	95.81191	0.6500264	0.5047742	0.393535	0.606465	4.601245
91788	-1496.897	-1592.062	95.16479	0.4417567	0.5626953	0.385678	0.614322	5.027465
91842	-1497.966	-1592.614	94.64841	0.5553359	0.4509314	0.465111	0.534889	5.351862
91848	-1491.809	-1584.258	92.44875	0.5424664	0.7521831	0.419845	0.580155	6.320008
91854	-1482.151	-1576.908	94.75772	0.6314034	0.6580062	0.485427	0.514573	5.072074
91860	-1482.678	-1577.131	94.45319	0.5207822	0.5961137	0.42122	0.57878	5.349929
91866	-1488.436	-1583.085	94.64913	0.5881698	0.4342329	0.476491	0.523509	5.349929
91932	-1485.324	-1579.67	94.346	0.2952167	0.5298146	0.532528	0.467472	5.588588
91938	-1494.522	-1587.991	93.4695	0.4990023	0.4232405	0.532528	0.467472	6.056452
91944	-1483.158	-1577.607	94.44847	0.5552059	0.606682	0.510885	0.489115	5.32508
92514	-1490.388	-1582.853	92.46533	0.3942259	0.6820696	0.605419	0.394581	6.440094
92520	-1493.106	-1588.467	95.36053	0.5331957	0.5905669	0.295475	0.704525	4.844499
92526	-1486.345	-1582.362	96.01708	0.8366839	0.4894699	0.374023	0.625977	4.395122
92532	-1485.2	-1580.512	95.31213	0.7708299	0.6459041	0.558612	0.441388	4.694798
92538	-1491.375	-1586.86	95.48538	0.6863406	0.4213742	0.540377	0.459623	4.844986
92544	-1490.709	-1586.156	95.4469	0.7989211	0.58353	0.52043	0.47957	4.65354
92550	-1496.548	-1590.991	94.44301	0.6701591	0.6197197	0.531013	0.468987	5.254314
92556	-1499.904	-1595.029	95.12514	0.4542237	0.3480992	0.592084	0.407916	5.254314
92562	-1499.703	-1592.779	93.07642	0.3650652	0.5508384	0.523414	0.476586	6.225998
92568	-1498.281	-1591.176	92.89521	0.5462698	0.5508384	0.494694	0.505306	6.225998
92574	-1492.16	-1585.528	93.36796	0.6124707	0.5592307	0.586743	0.413257	5.925329
92580	-1492.225	-1585.466	93.2407	0.748029	0.553818	0.354967	0.645033	5.925329
92586	-1496.236	-1589.815	93.57873	0.4099986	0.553818	0.519171	0.480829	5.925329
92592	-1490.059	-1584.644	94.58478	0.6448942	0.6094689	0.465083	0.534917	5.197996
92598	-1499.613	-1591.935	92.32159	0.5909642	0.4464814	0.554621	0.445379	6.606748
92604	-1485.745	-1579.611	93.86604	0.6222181	0.5060388	0.50062	0.49938	5.69355
92610	-1482.401	-1575.14	92.73859	0.7139181	0.6620801	0.50062	0.49938	6.132547
92616	-1483.455	-1577.471	94.01576	0.5172013	0.5116884	0.438273	0.561727	5.663982
92622	-1485.371	-1579.35	93.97876	0.7427155	0.4937531	0.55892	0.44108	5.576733
92628	-1484.687	-1578.599	93.91183	0.6918426	0.5716355	0.393435	0.606565	5.573715
92634	-1488.649	-1582.99	94.341	0.5476114	0.5789899	0.557277	0.442723	5.410913
92640	-1495.936	-1591.841	95.9045	0.869548	0.4680215	0.342053	0.657947	4.460657
92646	-1489.448	-1585.511	96.06374	0.7143016	0.4807113	0.644014	0.355986	4.446146
92652	-1490.101	-1584.599	94.49793	0.6846128	0.6430724	0.538422	0.461578	5.197858
92658	-1480.286	-1575.714	95.42725	0.5532763	0.6089217	0.440409	0.559591	4.781169
92664	-1482.256	-1578.549	96.29299	0.7825504	0.4651732	0.482591	0.517409	4.293255
92670	-1486.694	-1583.034	96.34035	0.7825504	0.6642194	0.398237	0.601763	4.093842
92676	-1475.197	-1570.218	95.02105	0.7028979	0.6458999	0.398237	0.601763	4.895208
92682	-1488.818	-1583.776	94.95861	0.766789	0.6458999	0.424111	0.575889	4.894399
92688	-1482.226	-1579.142	96.91582	0.766789	0.4355991	0.366793	0.633207	3.977858
92694	-1489.041	-1583.35	94.30913	0.766789	0.5273191	0.514898	0.485102	5.35155
92700	-1505.648	-1599.603	93.95433	0.5862002	0.4709814	0.381265	0.618735	5.697198
92706	-1492.634	-1586.512	93.87825	0.6832477	0.4709814	0.346704	0.653296	5.685702
92712	-1487.084	-1581.557	94.47224	0.6049032	0.5299661	0.469069	0.530931	5.348556
92718	-1481.062	-1575.082	94.02039	0.6049032	0.6792969	0.54942	0.45058	5.478182
92724	-1489.59	-1585.963	96.37298	0.881112	0.4096315	0.506381	0.493619	4.249228
92970	-1484.831	-1579.528	94.69726	0.6639773	0.6121065	0.476141	0.523859	5.123063
92976	-1497.325	-1593.055	95.72953	0.6905908	0.4109408	0.410529	0.589471	4.717213
92982	-1488.976	-1584.007	95.03103	0.7914719	0.4266872	0.487097	0.512903	5.033788
92988	-1488.732	-1585.38	96.64805	1.154318	0.9753289	0.487097	0.512903	3.493102
93072	-1490.385	-1587.877	97.49118	1.130949	0.6772548	0.539737	0.460263	3.214587
93078	-1503.352	-1600.684	97.33212	1.130949	0.4915747	0.407416	0.592584	3.470622
93084	-1490.265	-1586.01	95.74491	0.7104568	0.4247708	0.501537	0.498463	4.683011
93090	-1494.166	-1589.5	95.33446	0.7804994	0.7773664	0.501537	0.498463	4.581985
93096	-1500.717	-1595.891	95.17461	0.8714693	0.8145851	0.465302	0.534698	4.59589
93102	-1490.404	-1584.114	93.70936	0.6926794	0.6732806	0.493207	0.506793	5.605288
93108	-1493.537	-1587.383	93.8459	0.5561454	0.6732806	0.497718	0.502282	5.605288
93114	-1482.839	-1578.171	95.3317	0.8587222	0.6497283	0.572412	0.427588	4.631666
93120	-1488.342	-1583.868	95.52587	0.699497	0.6246367	0.501538	0.498462	4.631666
93126	-1489.059	-1583.509	94.45008	0.5701224	0.6246367	0.501538	0.498462	5.301812
93132	-1493.119	-1588.759	95.64054	0.4833352	0.6383266	0.532984	0.467016	4.677773
93138	-1491.374	-1585.639	94.26512	0.5294736	0.5412349	0.500643	0.499357	5.494402
93174	-1477.39	-1572.562	95.17225	0.7605465	0.563645	0.468186	0.531814	4.845151
93180	-1482.992	-1578.368	95.37603	0.640554	0.39238	0.563851	0.436149	4.962124
93186	-1482.407	-1577.475	95.06753	0.4994341	0.6729332	0.482001	0.517999	4.962124
93192	-1478.823	-1573.825	95.00204	0.6479815	0.6729332	0.501571	0.498429	4.915913
93198	-1484.419	-1579.558	95.1385	0.5793341	0.5858611	0.469687	0.530313	4.946313
93264	-1485.243	-1582.171	96.9282	0.8712828	0.5741505	0.366767	0.633233	3.779712
93270	-1490.111	-1586.422	96.31141	0.781052	0.7995811	0.493753	0.506247	4.013782
93276	-1487.231	-1583.816	96.58468	0.7788529	0.5365106	0.5562	0.4438	4.062696
93312	-1499.279	-1592.863	93.58464	0.4061202	0.7776892	0.390931	0.609069	5.758126
93318	-1501.143	-1593.734	92.5914	0.7035391	0.7421925	0.445376	0.554624	6.161662
93360	-1486.739	-1581.938	95.19976	0.5556314	0.628297	0.525703	0.474297	4.891352
93366	-1496.238	-1591.069	94.83072	0.4662905	0.5061224	0.347509	0.652491	5.248399
93372	-1485.03	-1580.45	95.42	0.6880189	0.6270769	0.465187	0.534813	4.695457
93378	-1479.765	-1574.437	94.67207	0.5514165	0.7479372	0.485785	0.514215	5.099184
93384	-1480.811	-1575.946	95.13546	0.6386574	0.4157715	0.503691	0.496309	5.071908
93390	-1479.986	-1575.251	95.2651	0.480632	0.5863994	0.543201	0.456799	4.930348
93396	-1483.782	-1578.723	94.94139	0.5439716	0.6913417	0.562229	0.437771	4.993912
93402	-1480.201	-1575.907	95.70658	0.5881877	0.7556916	0.526214	0.473786	4.495783
93408	-1488.668	-1584.668	95.99972	0.5757243	0.4330537	0.452878	0.547122	4.607197
93414	-1485.145	-1580.202	95.05719	0.8145274	0.5882126	0.452878	0.547122	4.858698
93420	-1488.576	-1584.711	96.13454	0.8722077	0.7507308	0.452878	0.547122	4.096328
93426	-1492.517	-1588.251	95.73448	0.6213759	0.5254833	0.566575	0.433425	4.641916
93864	-1490.662	-1584.047	93.38488	0.4978257	0.6971345	0.342964	0.657036	5.872476
93870	-1495.99	-1591.018	95.02828	0.5420431	0.6670415	0.454843	0.545157	4.964651
93876	-1497.187	-1592.03	94.84246	0.4488307	0.4485148	0.456936	0.543064	5.305931
93912	-1498.885	-1591.54	92.65481	0.6860323	0.3907047	0.485266	0.514734	6.431306
93918	-1492.436	-1585.898	93.46269	0.6721271	0.4286923	0.475467	0.524533	5.960255
93924	-1492.626	-1589.192	96.5656	0.8162369	0.5263367	0.468524	0.531476	4.06145
93930	-1484.25	-1580.525	96.27532	0.7468315	0.6469883	0.474583	0.525417	4.164526
93936	-1489.626	-1583.37	93.74417	0.5799102	0.6469883	0.515782	0.484218	5.667652
93954	-1480.445	-1575.454	95.00905	0.4330734	0.6162453	0.585087	0.414913	5.074944
94242	-1493.748	-1589.253	95.50561	0.5153614	0.4851376	0.452576	0.547424	4.866056
94248	-1483.52	-1580.266	96.74653	0.7326603	0.5952219	0.30924	0.69076	3.945748
94254	-1480.759	-1575.554	94.79471	0.5297397	0.5609311	0.39725	0.60275	5.185314
94260	-1487.124	-1583.589	96.46436	0.9002733	0.5609311	0.547073	0.452927	4.04049
94266	-1495.015	-1591.11	96.09457	0.9583831	0.793437	0.302029	0.697971	4.04049
94314	-1482.111	-1579.43	97.31896	0.8607632	0.5837705	0.459752	0.540248	3.551245
94320	-1483.535	-1578.972	95.43722	0.9537629	0.734094	0.59398	0.40602	4.456742
94326	-1489.714	-1586.005	96.29014	0.7775881	0.6919364	0.477213	0.522787	4.104238
94332	-1485.345	-1580.602	95.25734	0.9460574	0.602212	0.469517	0.530483	4.661956
94338	-1484.788	-1579.187	94.39963	1.031096	0.8070096	0.407313	0.592687	4.944556
94344	-1484.381	-1580.405	96.02402	0.7770161	0.5490061	0.473947	0.526053	4.370735
94350	-1479.627	-1575.057	95.43043	0.7208513	0.4770364	0.454396	0.545604	4.801059
94356	-1485.366	-1580.453	95.08717	0.6760046	0.6027902	0.408594	0.591406	4.907291
94362	-1489.445	-1584.237	94.79164	0.5000445	0.6880768	0.352539	0.647461	5.103779
94368	-1484.005	-1578.783	94.77809	0.6486869	0.5909204	0.465824	0.534176	5.103779
94374	-1489.973	-1584.871	94.89766	0.5900848	0.5504612	0.465824	0.534176	5.103779
94380	-1496.838	-1590.566	93.72853	0.5296393	0.6790534	0.53346	0.46654	5.679996
94386	-1483.988	-1579.3	95.31183	0.5550614	0.4825338	0.449237	0.550763	4.954284
94392	-1491.762	-1585.973	94.21056	0.4838521	0.6045484	0.312752	0.687248	5.497157
94398	-1492.286	-1587.598	95.31174	0.7854743	0.6534952	0.650511	0.349489	4.680983
94404	-1481.975	-1575.771	93.7957	0.4551562	0.5426973	0.377533	0.622467	5.791457
94410	-1475.853	-1570.179	94.32511	0.5153562	0.5482074	0.343376	0.656624	5.463189
94416	-1483.262	-1579.829	96.56729	0.6575308	0.6049895	0.343376	0.656624	4.08292
94422	-1490.027	-1586.588	96.56147	0.6633516	0.6049895	0.451582	0.548418	4.08292
94428	-1488.6	-1584.942	96.34253	0.8636502	0.7115507	0.647458	0.352542	4.010753
94434	-1475.217	-1569.991	94.77441	0.562836	0.6427388	0.647458	0.352542	5.112455
94440	-1472.497	-1566.37	93.87364	0.4350368	0.7304796	0.541681	0.458319	5.615753
94446	-1484.476	-1579.698	95.22174	0.7779167	0.6912461	0.441893	0.558107	4.707273
94452	-1478.712	-1575.063	96.3503	0.8747457	0.6627062	0.442942	0.557058	4.036772
94458	-1491.472	-1588.126	96.65396	0.8588682	0.473317	0.492092	0.507908	4.036772
94464	-1483.6	-1578.944	95.34419	0.822503	0.6711881	0.431351	0.568649	4.628642
94470	-1480.67	-1576.014	95.34418	0.6503776	0.80869	0.39624	0.60376	4.628642
94476	-1478.786	-1575.697	96.91054	0.7349269	0.4337964	0.526273	0.473727	4.000971
94482	-1466.808	-1562.555	95.74676	0.7296255	0.71119	0.526273	0.473727	4.425032
94488	-1476.153	-1572.141	95.98834	0.6267606	0.6879569	0.383895	0.616105	4.363834
94494	-1481.307	-1578.149	96.84279	0.750317	0.6617746	0.383895	0.616105	3.826643
94500	-1479.684	-1574.963	95.27955	0.6710308	0.602493	0.440017	0.559983	4.80307
94506	-1486.174	-1580.087	93.91381	0.6710308	0.6853813	0.422672	0.577328	5.495998
94512	-1490.126	-1584.888	94.76165	0.5533536	0.5407803	0.510741	0.489259	5.207767
94518	-1485.593	-1580.519	94.92647	0.6108971	0.5187552	0.453076	0.546924	5.104005
94524	-1482.979	-1577.876	94.89722	0.5407085	0.5830952	0.299869	0.700131	5.104005
94530	-1478.058	-1572.998	94.93964	0.6010368	0.5167088	0.459681	0.540319	5.104005
94536	-1497.918	-1593.524	95.6055	0.5048772	0.4288496	0.447908	0.552092	4.871475
94542	-1485.154	-1579.815	94.66071	0.480118	0.5669497	0.456602	0.543398	5.281773
94548	-1482.48	-1577.137	94.65656	0.5179793	0.5449832	0.444077	0.555923	5.281773
94554	-1484.574	-1579.066	94.49139	0.5643765	0.5440781	0.47553	0.52447	5.348106
94560	-1483.747	-1578.438	94.69021	0.5410862	0.4393594	0.478899	0.521101	5.348106
94566	-1486.401	-1581.986	95.5843	0.5613102	0.5545145	0.446407	0.553593	4.734133
94572	-1490.401	-1584.799	94.39755	0.790895	0.770288	0.471548	0.528452	5.10341
94578	-1502.033	-1598.278	96.24467	0.827709	0.5657036	0.550481	0.449519	4.202667
94584	-1482.219	-1576.253	94.03323	0.4657166	0.5703707	0.346669	0.653331	5.632251
94590	-1480.099	-1574.142	94.04345	0.6634938	0.534514	0.525943	0.474057	5.548398
94596	-1469.842	-1565.265	95.42278	0.5463788	0.5181445	0.48699	0.51301	4.864584
94602	-1468.931	-1562.923	93.99216	0.3430455	0.5067509	0.427092	0.572908	5.776746
94608	-1477.542	-1573.693	96.1512	0.8762272	0.5067509	0.562225	0.437775	4.280783
94614	-1480.967	-1576.838	95.87087	0.6835344	0.6139737	0.343521	0.656479	4.455315
94620	-1477.5	-1572.327	94.8268	0.7863667	0.7760873	0.513437	0.486563	4.863457
94626	-1484.258	-1577.789	93.5306	0.6871573	0.4545786	0.591183	0.408817	5.88949
94632	-1489.584	-1582.88	93.29636	0.7511439	0.8529711	0.429523	0.570477	5.679008
94638	-1495.74	-1590.859	95.11905	0.8384652	0.6201908	0.372443	0.627557	4.785025
94644	-1502.511	-1599.318	96.807	0.9660013	0.460808	0.503179	0.496821	3.900341
94680	-1486.324	-1581.432	95.10711	0.5926624	0.6761054	0.43793	0.56207	4.885853
94686	-1485.836	-1580.273	94.43731	0.5729449	0.8598852	0.397033	0.602967	5.144312
94692	-1492.014	-1588.992	96.97731	0.8097436	0.4506016	0.363291	0.636709	3.902602
94698	-1488.151	-1584.657	96.50578	0.8097436	0.6586444	0.539425	0.460575	3.98824
94704	-1495.916	-1593.306	97.38982	0.8236477	0.546356	0.331679	0.668321	3.564641
94710	-1499.96	-1596.651	96.69173	1.079861	0.7083397	0.330227	0.669773	3.688197
94716	-1492.824	-1588.593	95.76897	0.7981487	0.6785232	0.498388	0.501612	4.397968
94752	-1490.32	-1588.062	97.74131	1.121942	0.9658206	0.412438	0.587562	2.869131
94758	-1492.81	-1590.577	97.76689	1.121942	0.2845563	0.368454	0.631546	3.462738
94764	-1498.013	-1595.63	97.61691	1.121942	0.3390241	0.440339	0.559661	3.477947
95562	-1496.028	-1594.346	98.3184	1.048558	0.4947327	0.526721	0.473279	2.931663
95568	-1483.051	-1579.465	96.41351	0.7495929	0.5922263	0.504712	0.495288	4.128642
95574	-1495.571	-1591.875	96.30425	0.8778449	0.5922263	0.528577	0.471423	4.117839
95580	-1485.74	-1581.274	95.53396	0.7239554	0.5922263	0.508264	0.491736	4.639575
95586	-1485.873	-1580.58	94.70728	0.8629829	0.582867	0.345176	0.654824	5.030781
95592	-1476.847	-1573.537	96.69012	0.7950885	0.5161497	0.452253	0.547747	4.011794
95598	-1480.882	-1575.1	94.21767	0.7984239	0.7417073	0.377304	0.622696	5.218296
95604	-1477.67	-1572.079	94.40912	0.749524	0.633686	0.558297	0.441703	5.218296
95610	-1480.607	-1575.198	94.59073	0.789587	0.488738	0.362044	0.637956	5.218296
95616	-1486.174	-1581.778	95.60377	0.8600096	0.5451501	0.369548	0.630452	4.563991
95622	-1483.234	-1577.359	94.1253	0.5931406	0.5451501	0.528174	0.471826	5.532918
95628	-1482.095	-1576.505	94.41058	0.5960057	0.578714	0.56231	0.43769	5.346105
95634	-1486.474	-1582.059	95.58559	0.6823312	0.8031174	0.53318	0.46682	4.478774
95640	-1487.263	-1582.138	94.87565	0.7609378	0.6728586	0.420947	0.579053	4.923445
95646	-1494.472	-1589.844	95.3722	0.7979068	0.7193347	0.559944	0.440056	4.59141
95652	-1490.654	-1586.587	95.93267	0.7848641	0.5960863	0.397625	0.602375	4.377911
95658	-1479.547	-1573.853	94.30632	0.8236013	0.5028274	0.5403	0.4597	5.343642
95664	-1479.588	-1574.585	94.99645	0.9220258	0.5028274	0.481765	0.518235	4.906714
95670	-1481.324	-1577.303	95.97921	0.8350378	0.5560671	0.463661	0.536339	4.357126
95676	-1483.844	-1579.023	95.17923	0.7512295	0.5806727	0.490672	0.509328	4.832173
95682	-1483.074	-1577.523	94.44894	0.7341314	0.7140675	0.52364	0.47636	5.145239
95688	-1478.914	-1573.737	94.82272	0.7500351	0.4536785	0.580948	0.419052	5.145239
95694	-1483.355	-1578.58	95.22476	0.8499525	0.490874	0.43644	0.56356	4.83072
96414	-1481.663	-1576.693	95.0298	0.6699997	0.6396049	0.322373	0.677627	4.913502
96642	-1494.369	-1590.254	95.88557	0.847933	0.62019	0.57465	0.42535	4.349297
96648	-1491.933	-1587.094	95.16124	0.7844729	0.62019	0.542044	0.457956	4.791615
96654	-1495.578	-1591.444	95.86505	0.8128596	0.3770988	0.36581	0.63419	4.60975
96660	-1487.549	-1582.737	95.18781	0.5819425	0.3928898	0.448135	0.551865	5.098611
96666	-1471.021	-1565.979	94.95794	0.6031246	0.4097246	0.426893	0.573107	5.196252
96672	-1482.23	-1578.463	96.23309	0.8223979	0.3669078	0.426893	0.573107	4.409012
96678	-1484.043	-1579.513	95.47003	0.908652	0.4024591	0.561229	0.438771	4.749416
96684	-1477.927	-1572.502	94.57472	0.8285515	0.5503748	0.389488	0.610512	5.150654
96690	-1490.124	-1586.962	96.83845	0.9451648	0.6022874	0.389488	0.610512	3.764943
96696	-1487.179	-1584.005	96.82607	0.9451648	0.5892758	0.448432	0.551568	3.783035
96702	-1486.255	-1581.006	94.75102	0.8893402	0.4438398	0.458873	0.541127	5.117496
96708	-1495.216	-1589.243	94.02708	0.8197543	0.5329534	0.565749	0.434251	5.472826
96990	-1497.392	-1591.816	94.42435	0.5998384	0.3846622	0.42668	0.57332	5.5191
96996	-1486.387	-1579.021	92.63429	0.7170828	0.5012587	0.511302	0.488698	6.317954
97002	-1482.845	-1577.249	94.40433	0.5580063	0.5971013	0.518101	0.481899	5.355551
97008	-1484.122	-1577.574	93.45182	0.3783958	0.5212059	0.474121	0.525879	6.039784
97014	-1491.976	-1585.487	93.51064	0.2662434	0.5551631	0.415516	0.584484	6.039784
97260	-1494.937	-1591.987	97.05001	0.9536124	0.5789038	0.489216	0.510784	3.657678
97266	-1494.47	-1592.073	97.60283	1.043892	0.669863	0.521589	0.478411	3.20588
97272	-1493.884	-1591.208	97.32422	0.9345618	0.5577095	0.593438	0.406562	3.528075
97278	-1488.226	-1585.142	96.91573	0.9365708	0.631017	0.522374	0.477626	3.701636
97284	-1489.715	-1586.554	96.83959	0.9365708	0.4999453	0.471232	0.528768	3.860324
97290	-1486.279	-1582.248	95.96894	0.8439479	0.5785315	0.380986	0.619014	4.338694
97296	-1483.832	-1577.989	94.15709	0.5787594	0.7101873	0.449852	0.550148	5.39505
97302	-1497.363	-1592.29	94.92764	0.4970115	0.5386751	0.368984	0.631016	5.148908
97308	-1487.596	-1583.284	95.68808	0.7497727	0.5386751	0.469256	0.530744	4.584225
97314	-1496.995	-1591.761	94.76569	0.5908904	0.724357	0.498576	0.501424	5.041762
97320	-1491.598	-1586.19	94.59231	0.4315567	0.395138	0.368338	0.631662	5.507981
97326	-1489.611	-1584.189	94.57814	0.5090425	0.5608582	0.368338	0.631662	5.316499
97734	-1488.672	-1585.042	96.36968	1.008098	0.587379	0.431081	0.568919	4.010337
97740	-1486.542	-1581.477	94.93486	0.9050234	0.6195505	0.431081	0.568919	4.851159
97746	-1493.028	-1589.241	96.21303	0.9486255	0.5009449	0.347877	0.652123	4.210121
97752	-1478.206	-1575.219	97.01289	0.7672643	0.5009449	0.395611	0.604389	3.857081
97758	-1495.154	-1592.2	97.04591	0.6896552	0.5284627	0.480987	0.519013	3.857081
97764	-1477.388	-1573.55	96.16126	0.8135366	0.4174749	0.526803	0.473197	4.398779
97770	-1482.558	-1578.684	96.12626	0.8135366	0.4389021	0.332198	0.667802	4.396277
97776	-1485.847	-1582.925	97.07778	0.5997127	0.5098037	0.386218	0.613782	3.907655
97782	-1487.974	-1582.859	94.88558	0.7435441	0.4581269	0.578471	0.421529	5.109666
97788	-1491.336	-1586.77	95.43451	0.8930237	0.4438692	0.406973	0.593027	4.735049
97794	-1499.148	-1594.336	95.18768	0.4904138	0.4541855	0.540855	0.459145	5.086368
97800	-1493.515	-1589.151	95.6362	0.9101809	0.7204614	0.56053	0.43947	4.378856
97806	-1493.805	-1588.685	94.88055	0.4645768	0.5064164	0.458778	0.541222	5.221538
97812	-1484.889	-1580.069	95.18025	0.5790518	0.5600067	0.467599	0.532401	4.944852
97818	-1481.704	-1577.557	95.85218	0.5460384	0.5130344	0.435185	0.564815	4.629409
97824	-1475.06	-1569.25	94.19026	0.6122752	0.7171259	0.435185	0.564815	5.353376
97830	-1476.499	-1571.016	94.51754	0.6122752	0.6255837	0.435185	0.564815	5.240527
97836	-1484.18	-1579.692	95.51156	0.8076252	0.4228688	0.445991	0.554009	4.761137
97842	-1485.648	-1581.067	95.41964	0.7506205	0.5084691	0.292567	0.707433	4.761137
97848	-1479.263	-1574.681	95.41784	0.7706367	0.4974035	0.467367	0.532633	4.761137
97854	-1483.822	-1580.434	96.61192	0.8235911	0.4974035	0.429952	0.570048	4.057684
97860	-1489.831	-1586.638	96.80717	0.7717377	0.4974035	0.428234	0.571766	3.975793
97866	-1488.807	-1585.537	96.72948	0.7263093	0.4974035	0.451175	0.548825	4.046121
97872	-1493.565	-1590.305	96.74009	1.018237	0.8758908	0.52111	0.47889	3.580137
97878	-1490.334	-1584.749	94.41491	0.7969705	0.8833731	0.457976	0.542024	5.018061
97884	-1496.963	-1593.617	96.65339	0.9604176	0.5559083	0.375519	0.624481	3.902354
97890	-1492.714	-1587.444	94.7306	0.9192479	0.3322266	0.341434	0.658566	5.234197
97896	-1486.788	-1582.739	95.95016	0.575977	0.4739059	0.558305	0.441695	4.594301
97902	-1493.682	-1589.682	95.99985	0.8339986	0.5614372	0.51517	0.48483	4.341419
97908	-1487.835	-1583.016	95.18078	0.7187605	0.6604316	0.44781	0.55219	4.786213
97920	-1492.565	-1587.137	94.57233	0.8899471	0.5731225	0.60102	0.39898	5.098758
97926	-1490.367	-1585.936	95.5693	0.760701	0.7725571	0.390244	0.609756	4.464367
97932	-1494.991	-1590.65	95.6593	0.8537435	0.6743732	0.366064	0.633936	4.431581
97938	-1484.56	-1579.559	94.99915	0.9088865	0.9563854	0.323098	0.676902	4.58611
97944	-1489.863	-1584.36	94.49763	0.9234339	0.6663288	0.335686	0.664314	5.048096
97980	-1507.11	-1602.762	95.65163	0.5207578	0.5965774	0.422446	0.577554	4.68391
97986	-1493.389	-1586.987	93.59811	0.5757776	0.5528257	0.453808	0.546192	5.824974
97992	-1495.065	-1588.644	93.57899	0.5775455	0.5641672	0.322502	0.677498	5.824974
97998	-1497.593	-1592.854	95.26083	0.7803496	0.7053875	0.329334	0.670666	4.67372
98082	-1494.092	-1589.072	94.97997	0.6259448	0.4092602	0.453225	0.546775	5.171919
98088	-1489.061	-1583.329	94.26828	0.8082383	0.6525519	0.453225	0.546775	5.249268
98214	-1493.605	-1587.546	93.94156	0.6738021	0.5116605	0.580208	0.419792	5.618799
98220	-1489.442	-1585.797	96.35535	0.6738021	0.4933933	0.404691	0.595309	4.292306
98226	-1491.589	-1586.856	95.26717	0.5358816	0.7733964	0.507604	0.492396	4.759323
98232	-1494.667	-1589.427	94.75985	0.4934135	0.6464612	0.418782	0.581218	5.156129
98238	-1486.44	-1583.144	96.7044	0.765068	0.5039067	0.564621	0.435379	4.03218
98244	-1484.152	-1580.72	96.56815	0.8717709	0.5221044	0.482341	0.517659	4.03218
98250	-1490.825	-1586.547	95.7217	0.8960507	0.3437726	0.482341	0.517659	4.682063
98256	-1480.425	-1576.555	96.12956	0.6727483	0.4793426	0.402226	0.597774	4.433785
98262	-1491.168	-1587.173	96.00529	0.8129514	0.7254979	0.505211	0.494789	4.221416
98268	-1482.056	-1575.688	93.63143	0.6827659	0.6000022	0.468858	0.531142	5.709509
98274	-1479.674	-1574.789	95.11552	0.6827659	0.6014879	0.420056	0.579944	4.888794
98280	-1480.978	-1574.919	93.94133	0.4502887	0.6014879	0.415643	0.584357	5.665886
98286	-1481.536	-1575.046	93.5106	0.6676682	0.6014879	0.522041	0.477959	5.782772
98292	-1484.141	-1579.523	95.38269	0.4869137	0.4848264	0.510333	0.489667	4.95062
98298	-1479.54	-1574.113	94.57311	0.5389838	0.6119982	0.516179	0.483821	5.260999
98304	-1481.704	-1574.973	93.26845	0.6525064	0.5788225	0.509231	0.490769	5.941647
98310	-1484.609	-1578.121	93.51215	0.6233363	0.4471334	0.515133	0.484867	5.941647
98316	-1477.168	-1572.859	95.69031	0.6233363	0.600325	0.374231	0.625769	4.601694
98322	-1486.783	-1582.897	96.11331	0.7748352	0.8099966	0.539866	0.460134	4.123275
98328	-1490.61	-1583.776	93.16561	0.4556396	0.7321764	0.488024	0.511976	5.990714
98334	-1491.537	-1588.148	96.61146	0.7945757	0.4553663	0.466273	0.533727	4.115442
98340	-1488.971	-1584.162	95.19063	0.6030405	0.5862435	0.466273	0.533727	4.903796
98346	-1490.115	-1585.551	95.43628	0.5822921	0.676147	0.466273	0.533727	4.707871
98352	-1491.782	-1587.311	95.52899	0.6190406	0.5840251	0.609555	0.390445	4.707871
98358	-1478.874	-1574.651	95.77676	0.8049371	0.5840251	0.488879	0.511121	4.464499
98364	-1486.02	-1581.311	95.29083	0.6793188	0.5840251	0.63713	0.36287	4.807254
98370	-1486.285	-1581.576	95.29083	0.6793188	0.5840251	0.559242	0.440758	4.807254
98376	-1484.724	-1578.491	93.76724	0.4514276	0.4885911	0.44262	0.55738	5.856976
98382	-1486.588	-1580.368	93.78052	0.4533621	0.479591	0.501421	0.498579	5.856976
98388	-1477.768	-1572.515	94.74702	0.5542672	0.8445491	0.582871	0.417129	4.992453
98394	-1480.037	-1575.44	95.40311	0.7472848	0.6686717	0.485987	0.514013	4.639673
98400	-1484.352	-1579.184	94.83231	0.5657508	0.7545778	0.649087	0.350913	4.997746
98406	-1482.693	-1577.793	95.09948	0.8065723	0.3299574	0.508394	0.491606	5.095112
98412	-1477.371	-1571.853	94.48196	0.8387474	0.4640045	0.579665	0.420335	5.274621
98418	-1475.798	-1570.35	94.55213	0.5206807	0.6222619	0.451426	0.548574	5.274621
98424	-1482.001	-1575.821	93.82019	0.5181802	0.5924102	0.42959	0.57041	5.70234
98430	-1480.28	-1573.663	93.38346	0.7529048	0.880236	0.53371	0.46629	5.613621
98436	-1481.867	-1575.167	93.3006	0.5515991	0.7580168	0.356537	0.643463	5.847037
98442	-1484.927	-1581.463	96.5365	1.13392	0.4560151	0.451022	0.548978	3.963923
98448	-1491.884	-1588.278	96.3943	0.9413218	0.6752849	0.495634	0.504366	3.963923
98454	-1492.107	-1588.009	95.90142	0.7468111	0.5248958	0.357275	0.642725	4.478252
98460	-1500.109	-1597.012	96.90278	0.8798616	0.514155	0.382368	0.617632	3.843234
98466	-1496.326	-1592.224	95.89745	0.6739249	0.5085717	0.358736	0.641264	4.536307
98472	-1498.394	-1593.933	95.53935	0.7766531	0.682593	0.510886	0.489114	4.536307
98478	-1481.402	-1576.555	95.1535	0.8033837	0.7438936	0.625245	0.374755	4.69355
98484	-1480.665	-1575.904	95.23955	0.8320506	0.6777698	0.593865	0.406135	4.676982
98490	-1483.424	-1579.169	95.74473	0.8294595	0.435504	0.429334	0.570666	4.605396
98496	-1474.954	-1570.287	95.33304	0.7151897	0.5895686	0.428216	0.571784	4.759084
98502	-1475.332	-1571.481	96.14822	0.8034952	0.4951061	0.495605	0.504395	4.334487
98508	-1485.464	-1580.354	94.89034	0.6637848	0.6055721	0.440816	0.559184	5.021289
98514	-1480.17	-1574.959	94.78862	0.6681328	0.675724	0.426677	0.573323	5.021289
98520	-1482.73	-1577.66	94.92967	0.7410117	0.4841366	0.390102	0.609898	5.061763
98526	-1491.734	-1586.628	94.89337	0.6863871	0.4266877	0.361412	0.638588	5.168349
98532	-1475.719	-1570.381	94.66184	0.6863871	0.6047252	0.434991	0.565009	5.136155
98538	-1478.895	-1574.036	95.14111	0.6608699	0.5860402	0.570052	0.429948	4.899336
98544	-1478.524	-1573.916	95.39215	0.7096545	0.5860402	0.517283	0.482717	4.732053
98550	-1479.055	-1574.919	95.86441	0.8187118	0.60408	0.368272	0.631728	4.390775
98556	-1482.947	-1576.444	93.4969	0.58416	0.4933956	0.530338	0.469662	5.927764
98664	-1479.857	-1573.815	93.95768	0.5943807	0.6533009	0.42517	0.57483	5.537732
98694	-1491.985	-1587.829	95.84473	0.7293794	0.7964339	0.481762	0.518238	4.310479
99102	-1486.529	-1580.456	93.92763	0.627489	0.5653196	0.477892	0.522108	5.605611
99108	-1489.21	-1583.73	94.52051	0.5478501	0.5628159	0.308907	0.691093	5.32524
99114	-1482.435	-1577.034	94.59928	0.5075777	0.6240002	0.600837	0.399163	5.254449
99120	-1483.66	-1578.22	94.55955	0.5473081	0.6240002	0.462767	0.537233	5.254449
99126	-1487.377	-1582.786	95.40919	0.6688408	0.7479365	0.417534	0.582466	4.62288
99312	-1479.868	-1574.226	94.35834	0.6598112	0.6544997	0.478044	0.521956	5.280044
99318	-1484.344	-1579.545	95.20106	0.6327874	0.5911617	0.507854	0.492146	4.877383
99324	-1478.478	-1573.043	94.56445	0.6952868	0.5849478	0.507854	0.492146	5.201153
99330	-1479.758	-1575.944	96.18653	0.7754673	0.4903332	0.464957	0.535043	4.333182
99336	-1488.354	-1583.671	95.31714	0.7401644	0.6810975	0.464957	0.535043	4.682513
99342	-1478.434	-1573.952	95.51789	0.5379784	0.5509231	0.44163	0.55837	4.787359
99348	-1479.375	-1574.908	95.53337	0.6351855	0.4813023	0.410784	0.589216	4.787359
99354	-1482.727	-1578.874	96.14689	0.8809491	0.4643047	0.514304	0.485696	4.321094
99360	-1481.012	-1577.088	96.0761	0.7149659	0.4889419	0.514304	0.485696	4.430975
99366	-1484.038	-1580.501	96.46295	0.6920775	0.4889419	0.514304	0.485696	4.225217
99372	-1485.016	-1578.481	93.46539	0.5273791	0.6565788	0.494333	0.505667	5.841876
99378	-1484.188	-1578.835	94.64748	0.7932102	0.6427798	0.356161	0.643839	5.055056
99384	-1481.502	-1576.72	95.21737	0.6652498	0.6988716	0.519187	0.480813	4.767124
99390	-1495.134	-1591.182	96.04746	0.5856218	0.4901845	0.498854	0.501146	4.518731
99396	-1490.297	-1585.974	95.67644	0.6473111	0.625594	0.364916	0.635084	4.575724
99402	-1485.006	-1581.012	96.00586	0.9045222	0.5037493	0.467679	0.532321	4.349764
99408	-1486.351	-1582.208	95.85784	0.8563422	0.9227245	0.466428	0.533572	4.150808
99414	-1490.126	-1587.613	97.48628	0.8686895	0.6739716	0.407592	0.592408	3.374657
99420	-1487.669	-1583.611	95.94184	0.8958511	0.5155701	0.547253	0.452747	4.379917
99426	-1489.302	-1585.936	96.63408	0.7663661	0.7689015	0.536714	0.463286	3.858424
99432	-1490.12	-1585.504	95.38414	0.6697213	0.7079958	0.447766	0.552234	4.664729
99438	-1482.525	-1578.381	95.85587	0.6697213	0.5715793	0.447766	0.552234	4.506528
99444	-1487.815	-1584.277	96.46187	0.8298218	0.584474	0.447766	0.552234	4.061915
99450	-1489.635	-1585.816	96.18093	0.8492675	0.4424787	0.560812	0.439188	4.341593
99456	-1486.869	-1582.07	95.20094	0.4393449	0.4839224	0.446864	0.553136	5.078826
99462	-1490.725	-1585.859	95.13432	0.617976	0.4839224	0.421309	0.578691	5.01666
99468	-1488.133	-1583.235	95.1015	0.7106802	0.5303486	0.421309	0.578691	4.941118
99474	-1498.87	-1595.014	96.14411	0.5211638	0.4377401	0.452048	0.547952	4.551992
99480	-1491.863	-1586.854	94.99032	0.5456852	0.4572115	0.50125	0.49875	5.162137
99486	-1485.56	-1580.962	95.40161	0.5811081	0.4572115	0.619684	0.380316	4.914163
99492	-1477.956	-1573.406	95.45032	0.4873887	0.4454787	0.504607	0.495393	4.950797
99498	-1482.485	-1576.24	93.75545	0.5816501	0.5235704	0.531132	0.468868	5.760801
99504	-1486.755	-1582.202	95.44724	0.814895	0.6141591	0.447841	0.552159	4.6194
99510	-1483.819	-1579.452	95.6325	0.5669285	0.4832831	0.423213	0.576787	4.768241
99516	-1491.833	-1586.062	94.22896	0.5210747	0.7098663	0.519034	0.480966	5.38746
99522	-1492.299	-1587.356	95.05734	0.6554099	0.368197	0.440667	0.559333	5.157464
99528	-1495.763	-1591.479	95.71596	0.6400257	0.4555035	0.445345	0.554655	4.707557
99534	-1497.132	-1592.093	94.96124	1.016934	0.6081288	0.514795	0.485205	4.783124
99540	-1479.257	-1574.852	95.59509	0.6577289	0.5302433	0.477105	0.522895	4.69537
99546	-1484.848	-1580.904	96.05622	0.6155897	0.4480483	0.575314	0.424686	4.53791
99552	-1485.039	-1580.068	95.02899	0.4284328	0.4640316	0.542634	0.457366	5.19902
99558	-1483.59	-1578.174	94.58371	0.5845269	0.6348822	0.542634	0.457366	5.212064
99564	-1482.719	-1578.071	95.35248	0.8044864	0.3781365	0.295257	0.704743	4.89968
99570	-1483.71	-1581.073	97.36346	0.8843755	0.3452331	0.295257	0.704743	3.755162
99576	-1483.625	-1580.052	96.42679	0.8228923	0.6367929	0.621775	0.378225	4.043021
99582	-1486.355	-1583.415	97.05975	0.8228923	0.5968521	0.615211	0.384789	3.712346
99588	-1479.39	-1576.381	96.9915	0.8228923	0.5076222	0.456469	0.543531	3.831095
99594	-1481.739	-1579.164	97.42437	0.9698512	0.5076222	0.576097	0.423903	3.495317
99600	-1480.883	-1578.156	97.27379	0.7159521	0.588688	0.345611	0.654389	3.657315
99606	-1480.956	-1575.901	94.94536	0.7159521	0.4197303	0.34352	0.65648	5.130336
99612	-1487.239	-1583.002	95.7626	0.8286768	0.7152153	0.461045	0.538955	4.357288
99618	-1483.337	-1579.622	96.28501	0.6457014	0.6174374	0.427145	0.572855	4.23991
99624	-1481.481	-1575.402	93.92155	0.5814448	0.4910473	0.366275	0.633725	5.699086
99630	-1492.363	-1588.037	95.67474	0.5011255	0.4007764	0.570495	0.429505	4.864401
99636	-1484.28	-1579.693	95.41269	0.4908153	0.560202	0.44153	0.55847	4.864401
99642	-1490.942	-1586.022	95.08024	0.7207199	0.9136798	0.409441	0.590559	4.671306
99648	-1493.612	-1588.532	94.92057	0.8260674	0.8494801	0.523124	0.476876	4.741166
99654	-1493.3	-1589.213	95.91296	0.6457376	0.5654383	0.412101	0.587899	4.493124
99660	-1486.203	-1581.687	95.4845	0.8237208	0.5654383	0.545363	0.454637	4.633776
99666	-1489.323	-1585.173	95.85026	0.8963141	0.5146798	0.445208	0.554792	4.432121
99672	-1489.084	-1584.278	95.19395	0.7204704	0.6812278	0.585598	0.414402	4.762316
99678	-1476.106	-1573.627	97.52122	0.844321	0.6812278	0.585598	0.414402	3.362773
99684	-1473.129	-1570.652	97.52293	1.058496	0.8329863	0.418856	0.581144	3.124674
99714	-1498.901	-1594.599	95.69874	0.9805396	0.6709932	0.668255	0.331745	4.340324
99720	-1491.778	-1588.919	97.14107	0.8320509	0.6714513	0.477472	0.522528	3.599518
99726	-1484.729	-1581.32	96.59092	0.57864	0.6714513	0.477472	0.522528	4.061702
99732	-1483.983	-1581.493	97.50991	0.8399805	0.4185879	0.419964	0.580036	3.611603
99738	-1488.349	-1584.739	96.38986	0.943164	0.6665242	0.488452	0.511548	3.972132
99744	-1497.401	-1594.107	96.70677	0.7896564	0.4147281	0.478509	0.521491	4.106117
99750	-1481.496	-1575.873	94.37715	0.5688797	0.5360954	0.518132	0.481868	5.415485
99756	-1485.718	-1579.441	93.7234	0.5683993	0.5976644	0.46201	0.53799	5.723644
99762	-1491.156	-1586.817	95.66126	0.9299487	0.6895828	0.534742	0.465258	4.376115
99768	-1481	-1575.701	94.70067	0.8351459	0.6133791	0.543165	0.456835	5.025221
