Iteration	Posterior	Likelihood	Prior	rate_log_sd	rate_neo	root_freqs[1]	root_freqs[2]	tree_length
0	-1486.831	-1581.45	94.61924	0.04630217	0.5326922	0.377129	0.622871	5.572726
6	-1486.097	-1579.91	93.81245	0.02314608	0.5964193	0.377129	0.622871	5.974068
12	-1483.706	-1577.899	94.19301	0.4169121	0.4981133	0.459537	0.540463	5.633995
18	-1500.693	-1594.75	94.05731	0.2440342	0.6173795	0.633729	0.366271	5.702849
24	-1509.899	-1603.305	93.40617	0.002071076	0.6288087	0.485646	0.514354	6.181622
30	-1502.308	-1595.715	93.40667	0.001566491	0.6288087	0.43647	0.56353	6.181622
36	-1499.694	-1592.973	93.27825	0.004768461	0.4330561	0.40441	0.59559	6.419252
42	-1494.016	-1588.875	94.85914	0.003160926	0.5941069	0.485561	0.514439	5.413102
48	-1496.337	-1590.475	94.13763	0.01124535	0.5941069	0.442427	0.557573	5.804741
54	-1498.384	-1592.721	94.33697	0.01130933	0.5326632	0.424638	0.575362	5.746756
60	-1488.951	-1586.236	97.28584	0.5725048	0.5153323	0.45928	0.54072	3.798582
66	-1486.687	-1581.557	94.86993	0.50009	0.5247879	0.458466	0.541534	5.191319
72	-1495.121	-1589.012	93.89029	0.3533629	0.5899219	0.494429	0.505571	5.756226
78	-1485.412	-1580.033	94.62072	0.5390896	0.8229657	0.401493	0.598507	5.084702
84	-1485.288	-1578.405	93.11699	0.02580931	0.4909259	0.556796	0.443204	6.44043
90	-1495.507	-1590.15	94.64283	0.5555973	0.551273	0.581373	0.418627	5.263192
96	-1483.524	-1578.249	94.72404	0.9455323	0.5283203	0.429704	0.570296	5.022166
102	-1487.835	-1582.684	94.84887	0.7109847	0.6005231	0.488638	0.511362	5.022166
108	-1480.5	-1576.35	95.8503	0.7942734	0.737806	0.436259	0.563741	4.310996
114	-1481.347	-1577.147	95.79952	0.8450485	0.737806	0.476842	0.523158	4.310996
120	-1484.047	-1580.039	95.99197	0.9004518	0.4883911	0.38579	0.61421	4.374324
126	-1489.855	-1586.879	97.02439	0.8403818	0.8405319	0.449424	0.550576	3.541272
132	-1495.655	-1590.423	94.76858	0.6041792	0.5961603	0.414476	0.585524	5.129462
138	-1494.904	-1590.765	95.86108	0.6457438	0.6434481	0.414476	0.585524	4.458769
144	-1489.356	-1584.909	95.55298	0.8581113	0.4877566	0.54796	0.45204	4.645609
150	-1500.002	-1592.751	92.74864	0.5108111	0.7630969	0.454551	0.545449	6.166932
156	-1503.6	-1597.082	93.48184	0.3909202	0.6347224	0.323774	0.676226	5.923928
162	-1484.479	-1578.515	94.03529	0.3909202	0.7416229	0.471964	0.528036	5.543522
168	-1481.575	-1576.475	94.90031	0.5492512	0.6043832	0.471964	0.528036	5.080268
174	-1487.61	-1582.339	94.72903	0.8020771	0.4822482	0.499391	0.500609	5.140904
180	-1480.731	-1575.197	94.46653	0.6971519	0.7355178	0.433392	0.566608	5.140904
186	-1485.946	-1582.163	96.21703	0.7208198	0.4062097	0.447359	0.552641	4.431614
192	-1490.48	-1586.33	95.85038	0.7801117	0.5905126	0.384631	0.615369	4.431614
198	-1494.522	-1588.653	94.13109	0.5061109	0.5667823	0.447566	0.552434	5.559318
204	-1487.295	-1582.955	95.66046	0.6214404	0.5785149	0.447566	0.552434	4.637501
210	-1480.159	-1574.35	94.19164	0.6627963	0.601641	0.539161	0.460839	5.411384
216	-1485.169	-1577.806	92.63768	0.584072	0.4046801	0.520934	0.479066	6.481192
222	-1479.069	-1574.344	95.27494	0.5245454	0.4817498	0.509532	0.490468	4.992495
228	-1485.445	-1580.054	94.60942	0.5408483	0.4954749	0.509532	0.490468	5.339134
234	-1484.306	-1579.727	95.42049	0.3501389	0.4514824	0.526633	0.473367	5.037684
240	-1482.625	-1577.766	95.14075	0.6842123	0.4401709	0.375992	0.624008	5.018758
246	-1480.857	-1574.265	93.40809	0.5277605	0.3927526	0.422432	0.577568	6.105836
252	-1475.631	-1570.299	94.6681	0.5277605	0.6289108	0.47391	0.52609	5.201414
258	-1485.419	-1582.439	97.02049	0.6778926	0.4650418	0.354147	0.645853	3.938871
264	-1494.176	-1590.487	96.31102	0.5922557	0.6595767	0.467702	0.532298	4.222236
270	-1489.023	-1583.602	94.57843	0.5356772	0.3828524	0.374154	0.625846	5.471614
276	-1480.847	-1576.216	95.36879	0.4861269	0.5713359	0.528999	0.471001	4.88207
282	-1488.384	-1583.075	94.69106	0.3417883	0.5485398	0.575945	0.424055	5.356918
288	-1487.011	-1580.917	93.90585	0.6598527	0.5257361	0.349058	0.650942	5.633605
294	-1485.953	-1581.376	95.42298	0.738283	0.7195609	0.354748	0.645252	4.596211
300	-1484.052	-1581.044	96.99231	0.738283	0.5863242	0.424107	0.575893	3.808943
306	-1481.909	-1578.346	96.4369	0.7170082	0.4838987	0.441027	0.558973	4.230672
312	-1492.601	-1589.957	97.35586	0.9817369	0.4838987	0.415617	0.584383	3.551308
318	-1485.887	-1582.618	96.73129	0.9679668	0.7694463	0.375866	0.624134	3.685803
324	-1484.454	-1581.682	97.22769	1.011343	0.6142792	0.465677	0.534323	3.490802
330	-1488.789	-1586.43	97.64093	0.9173443	0.5697048	0.465677	0.534323	3.342138
336	-1481.097	-1577.297	96.19984	0.8287124	0.6346437	0.467986	0.532014	4.170619
342	-1487.387	-1583.435	96.04764	0.7493414	0.6717819	0.467986	0.532014	4.27314
348	-1489.083	-1583.979	94.89555	0.7493414	0.4880556	0.653372	0.346628	5.072403
354	-1496.757	-1592.553	95.79622	0.6138656	0.4904953	0.522036	0.477964	4.643594
360	-1492.565	-1587.456	94.89058	0.660717	0.4551351	0.44047	0.55953	5.155695
366	-1485.171	-1578.359	93.18836	0.5607904	0.7043475	0.542214	0.457786	5.94031
372	-1480.616	-1575.248	94.63287	0.6461381	0.6346874	0.500834	0.499166	5.150916
378	-1489.488	-1584.308	94.81963	0.5190427	0.5929812	0.371577	0.628423	5.150916
384	-1482.223	-1577.563	95.33992	0.6955346	0.5540495	0.565857	0.434143	4.796066
390	-1483.789	-1579.415	95.62589	0.5524505	0.5540495	0.41472	0.58528	4.716232
396	-1478.254	-1573.632	95.37765	0.5965915	0.5437013	0.504301	0.495699	4.839157
402	-1477.245	-1572.573	95.32786	0.5875996	0.4822221	0.418568	0.581432	4.927561
408	-1488.659	-1583.987	95.32736	0.5908818	0.6580773	0.438383	0.561617	4.777556
414	-1488.847	-1583.992	95.14534	0.4915053	0.717197	0.39017	0.60983	4.891012
420	-1487.422	-1583.536	96.11439	0.786095	0.5492495	0.515803	0.484197	4.314326
426	-1473.186	-1568.131	94.94582	0.5915732	0.4833548	0.459204	0.540796	5.136387
432	-1483.812	-1578.522	94.71016	0.5534627	0.6162242	0.477578	0.522422	5.173857
438	-1495.552	-1591.374	95.82178	0.7190584	0.5890293	0.477578	0.522422	4.483337
444	-1483.532	-1578.429	94.8965	0.7022781	0.6755521	0.477578	0.522422	4.942482
450	-1483.905	-1579.021	95.11622	0.7022781	0.5248351	0.399149	0.600851	4.942482
456	-1486.159	-1582.625	96.46587	0.7098024	0.4138134	0.496808	0.503192	4.289162
462	-1485.934	-1580.22	94.28601	0.5266102	0.4751443	0.398765	0.601235	5.543944
468	-1483.887	-1578.422	94.53473	0.6703948	0.6420578	0.435128	0.564872	5.186139
474	-1485.167	-1580.516	95.34895	0.4795079	0.4731842	0.520096	0.479904	4.984521
480	-1483.586	-1577.971	94.38445	0.505584	0.558996	0.503527	0.496473	5.426755
486	-1493.806	-1589.076	95.26974	0.5733586	0.5351376	0.478136	0.521864	4.919699
492	-1492.918	-1589.357	96.43824	0.5751714	0.4468157	0.553546	0.446454	4.346681
498	-1483.94	-1578.761	94.82128	0.5751714	0.364481	0.511342	0.488658	5.336468
504	-1487.975	-1583.264	95.28888	0.4366081	0.6181523	0.511342	0.488658	4.915989
510	-1483.395	-1580.112	96.71693	0.6713216	0.6264745	0.511342	0.488658	3.972119
516	-1486.992	-1583.564	96.57231	0.9131132	0.5602053	0.468614	0.531386	3.972119
522	-1481.916	-1577.055	95.13932	0.6669362	0.5310836	0.454094	0.545906	4.943763
528	-1484.551	-1579.451	94.90035	0.6713312	0.5310836	0.503785	0.496215	5.074055
534	-1478.573	-1574.395	95.82182	0.5646409	0.5656798	0.429335	0.570665	4.58969
540	-1485.56	-1581.874	96.3139	0.7650822	0.4949029	0.452495	0.547505	4.262673
546	-1515.655	-1611.035	95.37924	0.5126417	0.4949029	0.442655	0.557345	4.92882
552	-1494.577	-1589.093	94.51561	0.6036044	0.5680439	0.494001	0.505999	5.292794
558	-1491.532	-1586.129	94.59685	0.49588	0.5857573	0.494001	0.505999	5.292794
564	-1489.706	-1584.099	94.39245	0.519663	0.6088121	0.34203	0.65797	5.373893
570	-1495.305	-1589.185	93.87977	0.4795326	0.398022	0.507963	0.492037	5.869232
576	-1491.976	-1585.586	93.60952	0.5703274	0.8363041	0.58889	0.41111	5.61678
582	-1485.093	-1579.23	94.13701	0.6304722	0.6171643	0.511495	0.488505	5.446983
588	-1481.905	-1577.522	95.61669	0.7065039	0.6219721	0.511495	0.488505	4.57891
600	-1497.498	-1591.465	93.96734	0.4965399	0.5839144	0.578301	0.421699	5.640386
606	-1496.834	-1589.539	92.70426	0.5572426	0.5521519	0.499038	0.500962	6.32268
804	-1491.579	-1589.049	97.4703	1.278438	0.9127544	0.467174	0.532826	2.971775
810	-1485.961	-1584.575	98.61386	1.278438	0.4782202	0.362839	0.637161	2.62829
816	-1497.34	-1596.8	99.45978	1.223967	0.459027	0.392271	0.607729	2.148347
822	-1486.758	-1585.091	98.33365	1.112366	0.3722908	0.535323	0.464677	3.018896
828	-1495.134	-1591.203	96.06865	0.7605321	0.7378266	0.574394	0.425606	4.206399
834	-1485.252	-1580.084	94.83195	0.5992795	0.5391377	0.417147	0.582853	5.144861
1140	-1480.226	-1575.19	94.96387	0.6511989	0.4137241	0.417329	0.582671	5.162181
1146	-1486.608	-1582.247	95.63875	0.8332251	0.3854304	0.418321	0.581679	4.715797
1152	-1479.157	-1574.422	95.26545	0.6716542	0.5346802	0.532976	0.467024	4.867747
1158	-1482.009	-1577.819	95.80998	0.9064249	0.7847465	0.484789	0.515211	4.23778
1164	-1474.086	-1569.166	95.07983	0.619621	0.492209	0.467014	0.532986	5.038268
1170	-1480.778	-1575.392	94.61467	0.6875885	0.5684146	0.58606	0.41394	5.191312
1176	-1485.367	-1580.445	95.07725	0.7683146	0.4812396	0.545177	0.454823	4.967362
1182	-1485.716	-1581.816	96.09981	0.5995285	0.5197237	0.568321	0.431679	4.454149
1188	-1481.062	-1577.067	96.00512	0.6876326	0.538603	0.524322	0.475678	4.440958
1194	-1487.958	-1584.354	96.39576	0.8726567	0.5676647	0.501606	0.498394	4.089516
1200	-1479.404	-1574.587	95.18271	0.5662749	0.6530836	0.408669	0.591331	4.875766
1206	-1480.205	-1574.925	94.72081	0.5056811	0.524392	0.39304	0.60696	5.271021
1260	-1492.85	-1586.52	93.67006	0.5068352	0.7301137	0.463691	0.536309	5.688291
1266	-1494.204	-1587.972	93.76815	0.638776	0.579918	0.475133	0.524867	5.674878
1290	-1496.778	-1591.723	94.94526	0.517068	0.6655261	0.580716	0.419284	5.025795
1296	-1492.283	-1586.961	94.67828	0.621942	0.5933933	0.528755	0.471245	5.171868
1302	-1492.293	-1586.653	94.36058	0.4973658	0.5044194	0.441409	0.558591	5.492016
1308	-1496.41	-1590.767	94.35741	0.381019	0.5809051	0.503961	0.496039	5.492016
1314	-1493.914	-1588.154	94.23998	0.2604292	0.5809051	0.369941	0.630059	5.622793
1320	-1497.456	-1591.75	94.29374	0.6565152	0.5651371	0.485197	0.514803	5.388426
1326	-1491.615	-1586.006	94.39145	0.6645071	0.5651371	0.598402	0.401598	5.330138
1332	-1489.829	-1584.079	94.25016	0.4513686	0.6279203	0.526744	0.473256	5.4749
1338	-1496.194	-1592.004	95.81069	0.6334463	0.4234169	0.507537	0.492463	4.690699
1344	-1491.284	-1585.298	94.01449	0.670939	0.6060685	0.507537	0.492463	5.50089
1350	-1492.218	-1586.524	94.30582	0.6963999	0.5720786	0.449413	0.550587	5.353998
1356	-1483.298	-1578.641	95.34291	0.4598497	0.7159617	0.485044	0.514956	4.799389
1524	-1494.942	-1591.037	96.09506	0.9451058	0.7013345	0.379342	0.620658	4.112943
1554	-1493.359	-1588.448	95.08874	0.7788744	0.6480416	0.38329	0.61671	4.813482
1560	-1483.811	-1578.485	94.67393	0.6520417	0.4050587	0.409313	0.590687	5.331045
1566	-1478.583	-1573.503	94.91923	0.7370289	0.7426886	0.439444	0.560556	4.862272
1572	-1473.385	-1567.898	94.5126	0.7775693	0.6915962	0.439444	0.560556	5.102052
1578	-1475.613	-1570.327	94.71366	0.7236189	0.628139	0.448958	0.551042	5.068282
1584	-1479.463	-1573.293	93.83037	0.6226509	0.7093796	0.448958	0.551042	5.551254
1590	-1485.437	-1579.735	94.2981	0.6115703	0.45917	0.493361	0.506639	5.505811
1596	-1487.44	-1583.456	96.01616	0.7411359	0.5644214	0.56617	0.43383	4.382087
1602	-1488.738	-1584.865	96.12739	0.7221073	0.5059629	0.487768	0.512232	4.382087
1608	-1486.581	-1582.266	95.68527	0.7221073	0.4043782	0.348268	0.651732	4.731322
1614	-1491.291	-1585.801	94.51008	0.7221073	0.6111641	0.436673	0.563327	5.195258
1620	-1494.36	-1590.498	96.13774	0.8487769	0.4014147	0.566203	0.433797	4.409354
1626	-1495.926	-1590.25	94.32417	0.8081758	0.6704195	0.558685	0.441315	5.205007
1632	-1496.495	-1590.168	93.67275	0.5359339	0.5104102	0.460218	0.539782	5.842692
1638	-1505.227	-1598.923	93.69524	0.8275421	0.6770245	0.383612	0.616388	5.536218
1644	-1494.803	-1589.017	94.21461	0.8275421	0.6550136	0.449247	0.550753	5.2664
1794	-1496.116	-1591.007	94.89068	0.605549	0.5735706	0.421325	0.578675	5.079564
1884	-1486.949	-1581.847	94.89816	0.5412148	0.6132901	0.482862	0.517138	5.078806
1890	-1485.802	-1580.463	94.66071	0.5678325	0.5329049	0.482862	0.517138	5.262408
1896	-1483.828	-1577.811	93.98289	0.6160139	0.4119919	0.416791	0.583209	5.723511
1902	-1474.728	-1569.556	94.82831	0.6145314	0.5529835	0.45832	0.54168	5.12651
1908	-1485.121	-1579.939	94.8172	0.5810822	0.5083744	0.45832	0.54168	5.190359
1914	-1478.754	-1574.72	95.96622	0.6227709	0.5306323	0.426746	0.573254	4.506444
1920	-1488.72	-1582.826	94.10634	0.7222665	0.897899	0.419097	0.580903	5.221667
1926	-1494.481	-1589.217	94.73605	0.7794089	0.6325511	0.389294	0.610706	5.021459
1932	-1479.834	-1575.384	95.54989	0.7794089	0.5125267	0.517086	0.482914	4.668483
1938	-1488.866	-1583.464	94.59796	0.5483242	0.6206872	0.507236	0.492764	5.23525
1944	-1496.971	-1591.121	94.15008	0.7243786	0.7237841	0.440652	0.559348	5.309012
1950	-1483.485	-1579.912	96.42726	0.7243786	0.6315584	0.440652	0.559348	4.103071
1956	-1485.454	-1582.178	96.7235	0.7275288	0.7454324	0.605403	0.394597	3.845935
1962	-1479.256	-1576.13	96.87412	0.8324332	0.5595199	0.543448	0.456552	3.845935
1968	-1484.47	-1579.108	94.6372	0.6441209	0.7839731	0.574848	0.425152	5.042743
1974	-1486.872	-1581.685	94.81237	0.6268042	0.6600753	0.383089	0.616911	5.042743
1980	-1488.081	-1584.191	96.11014	0.7702754	0.6442343	0.383459	0.616541	4.247112
1986	-1484.014	-1579.163	95.14863	0.8071777	0.6173995	0.535504	0.464496	4.788195
2004	-1493.042	-1587.495	94.45234	0.4089866	0.6453615	0.528871	0.471129	5.373502
2010	-1486.051	-1580.637	94.58547	0.39426	0.5635546	0.476968	0.523032	5.373502
2016	-1491.914	-1588.059	96.14425	0.4926925	0.4278939	0.422608	0.577392	4.578001
2034	-1495.776	-1590.946	95.17065	0.7636719	0.657609	0.616121	0.383879	4.768929
2040	-1488.358	-1584.959	96.60047	0.9415891	0.6762478	0.516101	0.483899	3.844803
2046	-1482.385	-1578.569	96.18375	0.9415891	0.8905374	0.561177	0.438823	3.935974
2052	-1472.689	-1570.208	97.51875	0.9228525	0.7080503	0.411826	0.588174	3.297373
2058	-1484.817	-1581.613	96.79681	1.119126	0.7080503	0.411826	0.588174	3.604771
2064	-1476.139	-1574.024	97.88534	1.104166	0.4277473	0.411826	0.588174	3.227001
2070	-1481.343	-1576.334	94.99025	0.7526839	0.832299	0.500886	0.499114	4.754157
2076	-1481.597	-1578.206	96.60895	0.7391996	0.5882244	0.411496	0.588504	4.026542
2082	-1481.234	-1578.324	97.09018	0.8092879	0.648987	0.411496	0.588504	3.659915
2088	-1488.449	-1584.771	96.32157	0.6989785	0.6185333	0.411496	0.588504	4.188061
2112	-1482.577	-1578.623	96.04572	0.7906859	0.6633764	0.472783	0.527217	4.257222
2118	-1485.668	-1580.119	94.45116	0.4620388	0.5162175	0.450775	0.549225	5.451026
2124	-1486.526	-1580.358	93.8329	0.517592	0.5551496	0.323348	0.676652	5.726343
2130	-1491.466	-1584.802	93.33585	0.5954666	0.8797677	0.631179	0.368821	5.726343
2136	-1486.808	-1581.352	94.54426	0.6426938	0.6108031	0.389429	0.610571	5.220564
2142	-1487.569	-1582.012	94.44334	0.6841886	0.7252373	0.528861	0.471139	5.168107
2148	-1487.876	-1583.233	95.35671	0.8678205	0.3213234	0.493193	0.506807	4.92882
2154	-1480.395	-1577.304	96.90927	0.9870446	0.346271	0.393747	0.606253	3.955852
2160	-1481.092	-1578.196	97.10392	0.9870446	0.3720699	0.559745	0.440255	3.813469
2166	-1480.489	-1578.053	97.56338	0.9362299	0.70595	0.571235	0.428765	3.264754
2172	-1487.408	-1585.67	98.26186	1.023136	0.5339585	0.465435	0.534565	2.942719
2178	-1488.079	-1584.307	96.22792	0.8332071	0.5299393	0.37804	0.62196	4.240515
2184	-1489.054	-1585.213	96.15864	0.997156	0.5724811	0.447857	0.552143	4.149475
2190	-1479.916	-1577.134	97.21819	0.9389657	0.6951527	0.473972	0.526028	3.474074
2196	-1492.483	-1589.126	96.64345	0.8155801	0.6709194	0.380227	0.619773	3.89657
2202	-1482.835	-1579.914	97.07907	0.8155801	0.5403395	0.380227	0.619773	3.754715
2208	-1490.932	-1586.155	95.22248	0.7513197	0.7183296	0.439343	0.560657	4.702121
2214	-1480.07	-1576.314	96.24358	0.7513197	0.6775401	0.439343	0.560657	4.156496
2220	-1474.278	-1570.988	96.70997	0.9275985	0.6981086	0.485318	0.514682	3.773237
2226	-1470.799	-1567.498	96.69868	0.9275985	0.6579709	0.474	0.526	3.810532
2232	-1470.63	-1565.638	95.00814	0.7682549	0.6579709	0.667804	0.332196	4.856773
2238	-1475.942	-1572.88	96.9385	0.8327357	0.4634613	0.513201	0.486799	3.898697
2244	-1482.087	-1578.196	96.10889	0.8327357	0.8066651	0.62562	0.37438	4.095055
2262	-1495.192	-1591.183	95.99099	0.6470835	0.673711	0.44763	0.55237	4.361543
2268	-1486.26	-1581.148	94.88783	0.5816463	0.6630945	0.358628	0.641372	5.023649
2310	-1489.021	-1583.191	94.17056	0.7585182	0.5850691	0.535302	0.464698	5.383635
2316	-1497.077	-1592.593	95.51651	0.5392384	0.5850691	0.447437	0.552563	4.758597
2484	-1487.535	-1581.456	93.9213	0.6272958	0.6984178	0.358955	0.641045	5.506525
2550	-1502.439	-1601.184	98.74499	1.274547	0.7992211	0.567735	0.432265	2.264203
2556	-1496.421	-1595.004	98.58229	1.385496	0.4597833	0.567735	0.432265	2.601324
2562	-1485.498	-1582.587	97.08935	0.8675125	0.6641028	0.499228	0.500772	3.614699
2568	-1480.042	-1576.931	96.88954	0.9932451	0.6889648	0.434517	0.565483	3.638428
2574	-1482.764	-1577.85	95.08596	0.680203	0.5216386	0.444521	0.555479	4.974433
2580	-1483.36	-1579.248	95.88798	0.82464	0.6114979	0.444521	0.555479	4.368092
2586	-1497.313	-1590.889	93.57601	0.6922443	0.5681449	0.614942	0.385058	5.760538
2592	-1492.976	-1587.752	94.77671	0.6922443	0.7342926	0.487393	0.512607	4.972371
2598	-1494.458	-1590.714	96.25622	0.7562229	0.5676585	0.487393	0.512607	4.234984
2604	-1479.819	-1577.806	97.98687	1.007013	0.4734752	0.401134	0.598866	3.176237
2610	-1481.333	-1577.194	95.86014	0.7068316	0.3731764	0.378116	0.621884	4.676334
2616	-1485.754	-1581.332	95.57781	0.8084655	0.4174507	0.542412	0.457588	4.729283
2622	-1491.368	-1588.167	96.79985	0.8042312	0.5027912	0.503499	0.496501	3.956297
2628	-1490.569	-1586.637	96.06755	0.7909089	0.5712958	0.457667	0.542333	4.319064
2634	-1487.476	-1582.324	94.84722	0.6497822	0.4217768	0.409999	0.590001	5.219166
2640	-1483.035	-1577.938	94.90237	0.717504	0.5048971	0.531227	0.468773	5.07076
2646	-1499.975	-1597.086	97.11112	0.8881283	0.7080285	0.476341	0.523659	3.556371
2652	-1491.275	-1587.532	96.25701	0.8694005	0.5406732	0.464369	0.535631	4.193885
2658	-1492.973	-1590.013	97.03981	0.9666235	0.5877075	0.408562	0.591438	3.648486
2664	-1496.698	-1590.834	94.13564	0.8905543	0.578958	0.435004	0.564996	5.335092
2670	-1489.395	-1582.821	93.42662	0.6874115	0.7361456	0.365217	0.634783	5.718581
2676	-1482.324	-1578.011	95.68631	0.6200387	0.5859288	0.365217	0.634783	4.617625
2682	-1489.176	-1582.819	93.64366	0.5823344	0.5626983	0.323063	0.676937	5.78819
2688	-1484.915	-1581.294	96.37881	0.7564813	0.5626983	0.36616	0.63384	4.169539
2970	-1487.985	-1582.811	94.82649	0.5782749	0.5610653	0.493154	0.506846	5.14074
2976	-1496.122	-1592.158	96.03619	0.4864198	0.6090396	0.448102	0.551898	4.477202
2982	-1496.209	-1590.313	94.1047	0.6307428	0.4605575	0.504893	0.495107	5.600207
2988	-1509.046	-1604.905	95.85908	0.4802274	0.4630793	0.56745	0.43255	4.709456
3492	-1486.388	-1582.802	96.41343	0.7386545	0.6902265	0.396544	0.603456	4.057453
3498	-1487.561	-1583.593	96.03235	0.7386545	0.653161	0.4789	0.5211	4.302119
3504	-1494.044	-1590.235	96.19088	0.6178129	0.460214	0.333407	0.666593	4.448802
3534	-1498.586	-1595.676	97.08975	0.7797585	0.6009375	0.346088	0.653912	3.716497
3684	-1498.975	-1594.724	95.74928	0.7904761	0.7019328	0.35537	0.64463	4.396045
3702	-1501.95	-1596.684	94.73333	0.5462878	0.7500409	0.389152	0.610848	5.06661
3708	-1490.254	-1585.221	94.9669	0.6347555	0.4616611	0.595044	0.404956	5.121453
3714	-1488.262	-1581.894	93.63252	0.5534494	0.6131732	0.395714	0.604286	5.769336
3720	-1486.503	-1582.113	95.60989	0.734611	0.4677801	0.496569	0.503431	4.701983
3726	-1483.713	-1578.649	94.93604	0.8196266	0.6182229	0.417151	0.582849	4.899135
3852	-1493.317	-1587.488	94.1714	0.5485038	0.7378392	0.475932	0.524068	5.384488
3858	-1504.025	-1599.32	95.29536	0.444215	0.6715354	0.475932	0.524068	4.867083
3870	-1505.303	-1600.326	95.02273	0.4509091	0.4734441	0.44736	0.55264	5.181039
3876	-1497.703	-1592.257	94.55445	0.6900303	0.6205596	0.510299	0.489701	5.181039
3882	-1484.718	-1579.276	94.55853	0.6948405	0.5879237	0.431021	0.568979	5.202243
3888	-1496.602	-1590.429	93.82767	0.5162024	0.5900669	0.423672	0.576328	5.701209
3894	-1491.686	-1585.444	93.75773	0.5953259	0.6309424	0.557938	0.442062	5.663991
3900	-1503.049	-1597.853	94.80401	0.7342715	0.5545223	0.559668	0.440332	5.072286
3906	-1496.905	-1591.387	94.48243	0.5399368	0.5978956	0.364078	0.635922	5.321797
3912	-1497.53	-1592.216	94.68542	0.7742632	0.468427	0.488604	0.511396	5.193549
3918	-1499.289	-1596.248	96.95851	0.8572299	0.4737739	0.488604	0.511396	3.862913
4242	-1480.485	-1577.683	97.19776	1.167991	0.6422474	0.461576	0.538424	3.393655
4248	-1488.299	-1584.551	96.25191	0.6396103	0.7068926	0.398263	0.601737	4.193348
4284	-1496.505	-1590.959	94.45345	0.6521426	0.7484151	0.463732	0.536268	5.164166
4290	-1491.638	-1587.678	96.03979	0.848153	0.4104293	0.338884	0.661116	4.455212
4296	-1480.401	-1575.25	94.84966	0.5096745	0.450083	0.495248	0.504752	5.266816
4302	-1478.968	-1572.97	94.00273	0.5760242	0.6232477	0.495248	0.504752	5.546036
4308	-1482.323	-1576.815	94.49156	0.5760242	0.591905	0.460273	0.539727	5.301677
4314	-1487.741	-1584.7	96.95943	0.8530264	0.5156468	0.345596	0.654404	3.8247
4320	-1479.28	-1573.225	93.94508	0.7383284	0.4729338	0.484364	0.515636	5.616986
4326	-1475.225	-1569.508	94.28344	0.4817621	0.5013535	0.465193	0.534807	5.545783
4332	-1482.103	-1577.519	95.41599	0.5432575	0.4520846	0.481334	0.518666	4.932269
4338	-1483.527	-1577.999	94.47264	0.5085417	0.5506856	0.656352	0.343648	5.383572
4344	-1484.902	-1579.965	95.0625	0.6157032	0.4991955	0.492514	0.507486	5.043608
4350	-1477.194	-1572.218	95.02384	0.7615099	0.5216823	0.509933	0.490067	4.96373
4356	-1481.914	-1576.552	94.63829	0.8416943	0.3775468	0.391186	0.608814	5.275737
4362	-1480.263	-1576.196	95.93315	0.7768355	0.6685309	0.606194	0.393806	4.324838
4368	-1497.607	-1594.441	96.83378	1.087614	0.5751908	0.52404	0.47596	3.708458
4374	-1481.805	-1579.106	97.30169	0.9153161	0.446807	0.429709	0.570291	3.658744
4380	-1489.286	-1586.383	97.09756	0.9153161	0.5714958	0.376522	0.623478	3.658744
4386	-1491.227	-1588.854	97.6272	0.9153161	0.5623902	0.481228	0.518772	3.357918
4392	-1487.896	-1585.39	97.49413	0.9153161	0.5088011	0.369677	0.630323	3.485306
4398	-1486.555	-1582.656	96.10078	0.678612	0.5525519	0.369677	0.630323	4.379863
4404	-1485.463	-1582.116	96.65311	0.8634707	0.585771	0.498827	0.501173	3.932296
4410	-1487.813	-1585.427	97.61321	0.8764182	0.7278755	0.458193	0.541807	3.254086
4416	-1484.685	-1581.329	96.64318	1.267644	1.303444	0.44559	0.55441	3.254086
4422	-1480.681	-1577.203	96.52119	1.057785	0.9695063	0.483792	0.516208	3.626511
4428	-1480.905	-1577.401	96.49635	1.002972	0.372871	0.383481	0.616519	4.150874
4440	-1493.731	-1588.113	94.38165	0.4543261	0.754812	0.606428	0.393572	5.308837
4446	-1481.479	-1577.166	95.68737	0.6960191	0.5142363	0.283871	0.716129	4.636628
4644	-1482.824	-1576.489	93.66546	0.6658973	0.7153793	0.423011	0.576989	5.613834
4650	-1491.547	-1587.547	95.99967	0.7532776	0.5337494	0.447683	0.552317	4.411331
4656	-1495.39	-1589.613	94.22333	0.6564109	0.7286411	0.515547	0.484453	5.302699
4662	-1490.851	-1586.423	95.57236	0.7121306	0.6591904	0.557378	0.442622	4.571648
4668	-1488.427	-1583.859	95.43201	0.8071982	1.05239	0.289019	0.710981	4.345735
4674	-1484.882	-1580.549	95.6668	0.6632007	0.6712639	0.549816	0.450184	4.536931
4680	-1493.939	-1590.185	96.24643	0.8903607	0.9951804	0.525556	0.474444	3.86665
4686	-1486.184	-1584.433	98.24916	1.10514	0.6186052	0.508523	0.491477	2.824111
4692	-1483.005	-1580.979	97.97415	1.10514	0.9336055	0.476304	0.523696	2.758127
4698	-1491.384	-1588.844	97.45942	0.9536511	0.7784424	0.404445	0.595555	3.262452
4704	-1489.185	-1585.496	96.31105	0.9779748	0.6821544	0.513235	0.486765	3.985344
4710	-1481.726	-1576.821	95.09446	0.4890347	0.6837732	0.504678	0.495322	4.944901
4716	-1481.689	-1577.285	95.59561	0.5085854	0.4873987	0.52011	0.47989	4.817527
4740	-1478.406	-1572.348	93.94131	0.2519485	0.6846862	0.360872	0.639128	5.711479
4746	-1488.623	-1582.529	93.90599	0.2862792	0.6854361	0.330513	0.669487	5.711479
4764	-1483.67	-1580.439	96.7696	0.72446	0.5780452	0.405839	0.594161	3.951763
4884	-1487.244	-1584.822	97.57764	1.020107	0.6722224	0.582865	0.417135	3.232994
4890	-1485.442	-1582.598	97.15564	0.9252746	1.00988	0.384114	0.615886	3.309449
4896	-1485.284	-1583.239	97.95551	0.9900486	0.5776736	0.329642	0.670358	3.105859
4902	-1485.186	-1581.905	96.71812	0.7136489	0.529298	0.509218	0.490782	4.030279
4908	-1491.989	-1587.044	95.05514	0.4597502	0.5509734	0.482115	0.517885	5.088295
4914	-1479.283	-1574.554	95.27021	0.5697099	0.5385707	0.537191	0.462809	4.918463
4920	-1473.594	-1568.876	95.28115	0.6411583	0.5385707	0.53199	0.46801	4.872579
4926	-1484.373	-1577.754	93.38189	0.6505015	0.4553183	0.426103	0.573897	5.989982
4932	-1488.964	-1584.138	95.17475	0.689953	0.4895703	0.365521	0.634479	4.948903
4938	-1487.913	-1583.011	95.09852	0.5764734	0.6120919	0.355784	0.644216	4.948903
4974	-1496.031	-1589.851	93.81966	0.3814719	0.5159871	0.533714	0.466286	5.84187
4980	-1494.492	-1589.206	94.71433	0.6684287	0.6909569	0.537071	0.462929	5.051168
4986	-1490.543	-1585.628	95.08562	0.5655821	0.5073262	0.522165	0.477835	5.051168
4992	-1493.788	-1589.177	95.38909	0.7930129	0.5073262	0.539303	0.460697	4.755565
4998	-1488.099	-1583.032	94.93374	0.5125629	0.4431042	0.442284	0.557716	5.225644
5004	-1482.286	-1575.172	92.88642	0.4401799	0.6301488	0.506935	0.493065	6.224998
5010	-1494.604	-1587.956	93.35214	0.4974473	0.6301488	0.507789	0.492211	5.940079
5016	-1490.123	-1584.162	94.03915	0.1743047	0.4890622	0.375342	0.624658	5.859392
5022	-1487.027	-1580.288	93.26085	0.4056587	0.500966	0.375342	0.624658	6.146907
5028	-1486.641	-1581.644	95.00326	0.4680718	0.7436005	0.583974	0.416026	4.964578
5034	-1488.762	-1583.026	94.26348	0.5746926	0.716615	0.585743	0.414257	5.334079
5040	-1491.228	-1585.536	94.30856	0.9710785	0.4982789	0.453477	0.546523	5.265143
5046	-1485.826	-1578.241	92.41512	0.529265	0.7134584	0.497894	0.502106	6.371886
5052	-1487.424	-1581.632	94.20866	0.6710708	0.6357098	0.348124	0.651876	5.370734
5058	-1487.99	-1581.963	93.97329	0.6855992	0.5187664	0.484251	0.515749	5.588589
5064	-1489.338	-1585.056	95.71803	0.6571006	0.5653249	0.423473	0.576527	4.59635
5070	-1497.953	-1590.302	92.34893	0.3994564	0.5792395	0.473115	0.526885	6.578536
5076	-1493.125	-1586.894	93.76938	0.5170156	0.6568706	0.569106	0.430894	5.680893
5082	-1483.159	-1577.603	94.44442	0.4690904	0.6738356	0.515131	0.484869	5.32338
5088	-1481.987	-1575.528	93.54096	0.5310125	0.4396083	0.419022	0.580978	5.983691
5094	-1490.127	-1582.676	92.54908	0.3453091	0.5999623	0.419022	0.580978	6.482964
5100	-1485.971	-1579.518	93.54734	0.294456	0.5999623	0.485059	0.514941	5.967868
5106	-1487.582	-1581.041	93.45948	0.3593126	0.6159349	0.410967	0.589033	5.967868
5112	-1481.184	-1575.623	94.43894	0.2998787	0.5860386	0.387282	0.612718	5.487613
5118	-1476.265	-1570.237	93.97235	0.5485493	0.6514307	0.550394	0.449606	5.556264
5124	-1486.918	-1582.385	95.46665	0.5869165	0.6514307	0.559684	0.440316	4.706992
5130	-1488.573	-1582.446	93.87314	0.4625778	0.5313367	0.515569	0.484431	5.75478
5136	-1487.495	-1581.291	93.79636	0.4625778	0.5813747	0.35989	0.64011	5.75478
5184	-1482.266	-1577.959	95.69277	0.6382966	0.4630687	0.42789	0.57211	4.714076
5190	-1485.836	-1578.604	92.76842	0.4568228	0.59472	0.42789	0.57211	6.307651
5196	-1488.511	-1582.283	93.77215	0.4565046	0.5395882	0.558539	0.441461	5.806265
5202	-1490.561	-1583.958	93.39715	0.591334	0.7089391	0.558539	0.441461	5.806265
5208	-1481.714	-1576.394	94.67982	0.5806452	0.5234507	0.426078	0.573922	5.253084
5214	-1498.891	-1593.384	94.49308	0.6726796	0.5849853	0.431483	0.568517	5.253084
5244	-1485.207	-1580.567	95.35928	0.4997793	0.5589245	0.397416	0.602584	4.890248
5274	-1498.884	-1594.542	95.65841	0.8936242	0.4840132	0.534564	0.465436	4.570103
5304	-1489.633	-1585.071	95.43855	0.8219173	0.5375223	0.573353	0.426647	4.684657
5310	-1496.416	-1591.964	95.54813	0.8219173	0.821503	0.398998	0.601002	4.409151
5316	-1502.956	-1598.863	95.90711	0.9084289	0.5128059	0.588788	0.411212	4.394949
5322	-1506.835	-1602.367	95.53145	0.6784795	0.8094499	0.455301	0.544699	4.507221
5328	-1504.644	-1597.208	92.56496	0.6900768	0.7249066	0.571613	0.428387	6.195197
5334	-1492.17	-1585.613	93.44263	0.6332348	0.6017463	0.589195	0.410805	5.838589
5340	-1484.237	-1577.619	93.38189	0.6939703	0.6017463	0.45861	0.54139	5.838589
5346	-1484.751	-1579.418	94.66637	0.8203304	0.7424001	0.422174	0.577826	4.956863
5532	-1492.822	-1586.328	93.50638	0.7012543	0.839818	0.396672	0.603328	5.599327
5538	-1491.986	-1584.344	92.35888	0.3271757	0.6109776	0.393826	0.606174	6.587149
5544	-1487.931	-1579.613	91.68245	0.5377184	0.8013785	0.531281	0.468719	6.705464
5550	-1492.583	-1585.73	93.14689	0.3842296	0.6460807	0.554066	0.445934	6.101646
5556	-1488.692	-1582.201	93.50821	0.370728	0.5842149	0.439086	0.560914	5.960209
5562	-1489.46	-1585.092	95.63213	0.5466976	0.5842149	0.581576	0.418424	4.69048
5568	-1483.921	-1579.099	95.17712	0.5466976	0.5998078	0.540758	0.459242	4.931604
5574	-1479.388	-1573.526	94.13796	0.6126825	0.603843	0.496841	0.503159	5.46678
5580	-1481.684	-1576.132	94.44818	0.6245622	0.6322557	0.369889	0.630111	5.266879
5586	-1480.151	-1575.243	95.09146	0.5170861	0.5421982	0.524647	0.475353	5.043896
5592	-1473.939	-1568.038	94.09986	0.3988733	0.585443	0.524647	0.475353	5.62002
5598	-1475.236	-1569.938	94.70185	0.6222566	0.6388537	0.513829	0.486171	5.12272
5604	-1472.503	-1567.214	94.71154	0.6042385	0.4024447	0.490603	0.509397	5.33943
5610	-1473.225	-1569.466	96.24177	0.6042385	0.5153685	0.484451	0.515549	4.375411
5616	-1469.41	-1563.787	94.37781	0.6042385	0.6134583	0.45057	0.54943	5.331641
5622	-1474	-1568.027	94.02771	0.8505376	0.6019774	0.45057	0.54943	5.397997
5628	-1475.565	-1569.58	94.01482	0.6547363	0.6057047	0.45057	0.54943	5.509905
5634	-1475.778	-1570.996	95.21863	0.6619868	0.7194423	0.470584	0.529416	4.753429
5640	-1484.412	-1580.195	95.78335	0.7076298	0.6823257	0.476869	0.523131	4.438051
5646	-1480.188	-1576.651	96.46325	0.7507202	0.6117582	0.544197	0.455803	4.083553
5652	-1485.011	-1582.069	97.05846	0.8681315	0.6514258	0.560182	0.439818	3.642258
5658	-1476.883	-1572.463	95.57938	0.7415753	0.634839	0.524906	0.475094	4.570007
5664	-1482.219	-1577.711	95.49218	0.6221297	0.4934533	0.55867	0.44133	4.806225
5670	-1485.464	-1578.994	93.52955	0.4521994	0.6640599	0.484847	0.515153	5.84235
5676	-1491.208	-1584.947	93.73906	0.4854756	0.5011323	0.544006	0.455994	5.84235
5694	-1482.73	-1578.206	95.47586	0.7740528	0.6573599	0.512632	0.487368	4.592453
5700	-1493.425	-1589.186	95.7605	0.5678446	0.5754528	0.480873	0.519127	4.614033
5706	-1486.88	-1583.563	96.68319	0.9551291	0.5473136	0.548538	0.451462	3.895906
5730	-1488.763	-1583.336	94.57256	0.7129489	0.6973148	0.678162	0.321838	5.100491
5736	-1487.722	-1582.777	95.05526	0.7603089	0.7636936	0.423602	0.576398	4.758915
5742	-1481.181	-1577.466	96.28559	0.7603089	0.4713814	0.423602	0.576398	4.303948
5748	-1481.557	-1576.649	95.09238	0.6955844	0.4713814	0.423602	0.576398	5.008739
5754	-1481.212	-1575.628	94.41533	0.5173532	0.8221581	0.563324	0.436676	5.210996
5760	-1478.741	-1574.063	95.32203	0.5318044	0.6190987	0.357381	0.642619	4.84374
5766	-1472.957	-1567.131	94.1743	0.5851526	0.5136445	0.496416	0.503584	5.53789
5772	-1480.197	-1574.344	94.14718	0.6255741	0.5054962	0.45163	0.54837	5.53789
5778	-1473.792	-1568.069	94.27682	0.4959283	0.5054962	0.492388	0.507612	5.53789
5784	-1482.043	-1577.142	95.09901	0.5956073	0.392922	0.492388	0.507612	5.140208
5790	-1483.885	-1578.764	94.87875	0.7317322	0.4404544	0.459895	0.540105	5.137429
5796	-1480.871	-1575.814	94.9435	0.7579546	0.4714018	0.54619	0.45381	5.05675
5802	-1479.266	-1574.185	94.91912	0.7328251	0.5007527	0.469355	0.530645	5.05675
5808	-1486.15	-1581.567	95.41696	0.6837129	0.6445729	0.517409	0.482591	4.685913
5814	-1479.144	-1573.384	94.23951	0.4991601	0.5879886	0.503615	0.496385	5.486112
5820	-1490.692	-1587.643	96.95108	0.8031574	0.5402025	0.597362	0.402638	3.835699
5826	-1490.13	-1584.85	94.71968	0.7217034	0.5402025	0.653414	0.346586	5.138312
5832	-1485.674	-1581.638	95.96364	0.6966401	0.6534006	0.344382	0.655618	4.364518
5838	-1490.454	-1586.459	96.00459	0.6515635	0.5661356	0.46208	0.53792	4.437655
5844	-1486.834	-1582.249	95.41547	0.2712379	0.5993639	0.529017	0.470983	4.952611
5850	-1488.213	-1582.415	94.20227	0.1156925	0.5329966	0.514797	0.485203	5.763066
5856	-1487.263	-1581.113	93.85036	0.2553378	0.6491454	0.547385	0.452615	5.785659
5862	-1494.594	-1589.544	94.94972	0.1801727	0.4546756	0.355591	0.644409	5.388925
5868	-1491.644	-1585.899	94.25448	0.451807	0.7422932	0.444084	0.555916	5.388925
5874	-1483.319	-1578.183	94.86439	0.4562442	0.6571182	0.438118	0.561882	5.110717
5880	-1469.258	-1563.745	94.48636	0.751778	0.6848438	0.464782	0.535218	5.135815
5886	-1488.726	-1584.391	95.6643	0.751778	0.5600439	0.464782	0.535218	4.57788
5892	-1474.898	-1569.87	94.97199	0.751778	0.5574741	0.46862	0.53138	4.966768
5898	-1484.385	-1579.431	95.04683	0.5607147	0.6370927	0.569181	0.430819	4.966768
5904	-1489.503	-1583.099	93.5962	0.7094102	0.4962253	0.380216	0.619784	5.802448
5910	-1499.032	-1594.518	95.48549	0.5883924	0.6486246	0.460816	0.539184	4.697782
5916	-1489.566	-1583.993	94.42694	0.5074086	0.6378068	0.455124	0.544876	5.339002
5922	-1495.253	-1588.969	93.71623	0.4236795	0.6378068	0.418079	0.581921	5.775516
5928	-1488.398	-1584.221	95.82333	0.5585219	0.4890392	0.483915	0.516085	4.66078
5934	-1496.772	-1591.827	95.05463	0.413178	0.5876147	0.352551	0.647449	5.083734
5940	-1500.583	-1595.786	95.2023	0.5679193	0.3597595	0.627146	0.372854	5.135232
5946	-1506.124	-1602.543	96.41929	0.7199222	0.3803636	0.672394	0.327606	4.346428
5952	-1489.542	-1583.789	94.24717	0.4932862	0.394256	0.569403	0.430597	5.664557
5958	-1488.861	-1584.391	95.53021	0.6570286	0.4639494	0.398706	0.601294	4.793588
5964	-1485.884	-1580.467	94.58331	0.4344302	0.5400645	0.382407	0.617593	5.372531
5970	-1492.725	-1586.835	94.10995	0.6191208	0.7478874	0.374285	0.625715	5.372531
5976	-1486.5	-1581.235	94.73507	0.5805783	0.5512765	0.542551	0.457449	5.198382
5982	-1491.414	-1586.75	95.33589	0.5916765	0.7140237	0.422597	0.577403	4.731059
5988	-1480.768	-1575.996	95.22719	0.7416842	0.8534421	0.45151	0.54849	4.614244
5994	-1473.232	-1567.537	94.30471	0.5731266	0.6178214	0.401915	0.598085	5.385678
6000	-1478.742	-1571.474	92.73179	0.8425326	0.8179882	0.419764	0.580236	5.959722
6006	-1480.611	-1575.08	94.46859	0.7285498	0.7011033	0.552778	0.447222	5.146719
6012	-1488.924	-1584.221	95.29721	0.8507332	0.613076	0.480719	0.519281	4.684239
6018	-1488.798	-1582.394	93.59615	0.5296987	0.613076	0.426378	0.573622	5.802317
6024	-1481.396	-1575.171	93.77475	0.4110698	0.5721971	0.483606	0.516394	5.802317
6030	-1475.705	-1571.018	95.31338	0.3744001	0.6110202	0.303659	0.696341	4.942642
6036	-1477.361	-1572.608	95.24691	0.4119895	0.6313849	0.536619	0.463381	4.942642
6042	-1474.957	-1569.25	94.29287	0.6716645	0.6048998	0.489683	0.510317	5.348094
6048	-1478.032	-1572.547	94.51416	0.5372375	0.5705107	0.458674	0.541326	5.328171
6054	-1477.773	-1573.164	95.39066	0.5301239	0.6620185	0.43332	0.56668	4.773147
6060	-1508.561	-1603.608	95.04682	0.7340121	0.5994341	0.457245	0.542755	4.900174
6066	-1517.484	-1610.686	93.20208	0.4088407	0.84372	0.457245	0.542755	5.923615
6072	-1493.346	-1587.54	94.19429	0.4719194	0.7176206	0.511745	0.488255	5.428162
6078	-1488.204	-1581.808	93.60382	0.3542316	0.5169478	0.511745	0.488255	5.973803
6084	-1491.835	-1585.01	93.17556	0.396863	0.5612041	0.39957	0.60043	6.146117
6090	-1490.94	-1586.762	95.82204	0.396863	0.5440408	0.512672	0.487328	4.702208
6096	-1487.483	-1581.938	94.45441	0.3358442	0.5364714	0.47748	0.52252	5.5009
6102	-1485.011	-1579.004	93.99314	0.4149461	0.5572194	0.416349	0.583651	5.693041
6108	-1491.163	-1585.798	94.63555	0.4439293	0.6295954	0.539417	0.460583	5.26522
6114	-1499.14	-1592.278	93.13861	0.4031111	0.5950705	0.562562	0.437438	6.135308
6120	-1496.489	-1589.871	93.38199	0.3299367	0.5330988	0.401665	0.598335	6.093913
6126	-1498.381	-1593.151	94.77002	0.2217609	0.5388135	0.655187	0.344813	5.387923
6132	-1494.893	-1589.824	94.93158	0.6387837	0.5057715	0.503922	0.496078	5.097416
6138	-1491.614	-1587.154	95.5394	0.5501357	0.5057715	0.476971	0.523029	4.808675
6144	-1486.059	-1581.447	95.38772	0.7741611	0.4629902	0.49427	0.50573	4.808675
6150	-1483.676	-1576.594	92.91774	0.554939	0.6358859	0.49427	0.50573	6.141166
6156	-1489.492	-1582.139	92.64747	0.539654	0.518463	0.336954	0.663046	6.391864
6162	-1489.164	-1582.082	92.91759	0.539654	0.7135568	0.336954	0.663046	6.093016
6168	-1493.242	-1587.783	94.54117	0.5156383	0.5372731	0.437576	0.562424	5.353401
6174	-1487.562	-1583.455	95.8926	0.7157039	0.7633082	0.362209	0.637791	4.31367
6180	-1481.824	-1577.877	96.05317	0.7524843	0.5071396	0.441212	0.558788	4.405739
6186	-1482.486	-1577.011	94.52478	0.6970047	0.5928143	0.417476	0.582524	5.215737
6192	-1484.881	-1580.234	95.35261	0.6970047	0.6537871	0.570395	0.429605	4.707401
6198	-1484.4	-1579.469	95.06933	0.6928177	0.6537871	0.359577	0.640423	4.867894
6204	-1484.908	-1578.235	93.32703	0.5566752	0.8449049	0.500395	0.499605	5.773739
6210	-1484.028	-1578.656	94.62872	0.7174418	0.7614265	0.427059	0.572941	5.021902
6216	-1486.839	-1581.337	94.49784	0.6642774	0.9230863	0.533394	0.466606	5.021902
6222	-1487.143	-1581.173	94.02981	0.7465825	0.9692312	0.470019	0.529981	5.209004
6228	-1476.489	-1570.692	94.2032	0.5666531	0.6440144	0.546871	0.453129	5.424931
6234	-1485.013	-1579.736	94.72285	0.5464391	0.4561549	0.305778	0.694222	5.310603
6240	-1480.868	-1575.637	94.76921	0.419923	0.5076762	0.375206	0.624794	5.306581
6246	-1477.519	-1573.273	95.75441	0.5777996	0.6677812	0.446589	0.553411	4.53832
6252	-1468.567	-1563.82	95.25357	0.5777996	0.4007856	0.504441	0.495559	5.05595
6258	-1483.425	-1578.888	95.46289	0.7174144	0.3943184	0.504441	0.495559	4.868893
6264	-1483.622	-1578.987	95.36508	0.505323	0.5767773	0.381827	0.618173	4.868893
6270	-1485.848	-1580.822	94.97413	0.8638862	0.5987298	0.408402	0.591598	4.868893
6276	-1490.256	-1587.042	96.78523	0.8638862	0.7490653	0.414287	0.585713	3.729227
6282	-1486.352	-1583.042	96.69018	0.8638862	0.5456271	0.562813	0.437187	3.945691
6288	-1486.113	-1581.63	95.51722	0.7452296	0.4988137	0.279559	0.720441	4.718487
6312	-1490.581	-1584.083	93.5024	0.5512796	0.6280613	0.506762	0.493238	5.83016
6318	-1490.213	-1585.556	95.34223	0.6985529	0.6067196	0.535561	0.464439	4.749282
6324	-1494.278	-1589.724	95.44676	0.7170403	0.525607	0.61393	0.38607	4.749282
6330	-1481.1	-1576.642	95.54269	0.6211059	0.525607	0.424104	0.575896	4.749282
6336	-1493.773	-1588.07	94.29638	0.6211059	0.4004448	0.381931	0.618069	5.560813
6342	-1481.697	-1578.011	96.31416	0.6287262	0.6888169	0.48673	0.51327	4.177562
6348	-1482.07	-1577.88	95.81044	0.8135581	0.7433241	0.48673	0.51327	4.318731
6354	-1484.433	-1579.297	94.8636	0.5727134	0.4538063	0.48673	0.51327	5.220619
6360	-1481.587	-1576.632	95.0449	0.5990918	0.4421087	0.569372	0.430628	5.117209
6366	-1479.326	-1575.215	95.88922	0.5990918	0.5257842	0.585284	0.414716	4.56735
6402	-1477.077	-1573.658	96.58159	0.7591292	0.3754366	0.375476	0.624524	4.237969
6408	-1482.963	-1577.476	94.51326	0.7957367	0.3964121	0.564636	0.435364	5.349588
6414	-1479.625	-1575.511	95.88683	0.7987577	0.7060721	0.581363	0.418637	4.310633
6420	-1497.226	-1593.349	96.1226	0.5058182	0.5622395	0.425563	0.574437	4.456615
6426	-1484.569	-1577.854	93.28428	0.4685416	0.6354418	0.504769	0.495231	5.988844
6432	-1484.48	-1579.237	94.75719	0.580195	0.7131225	0.437321	0.562679	5.060373
6438	-1487.481	-1583.513	96.03199	0.6781506	0.3313186	0.532982	0.467018	4.64537
6450	-1497.413	-1591.957	94.54438	0.7508499	0.7691598	0.581634	0.418366	5.044941
6456	-1483.907	-1579.454	95.54713	0.8215961	0.5870128	0.501684	0.498316	4.581731
6462	-1484.143	-1579.212	95.06893	0.8215961	0.5045595	0.502222	0.497778	4.920689
6468	-1483.666	-1578.824	95.1579	0.7786666	0.5205737	0.384951	0.615049	4.880559
6474	-1486.434	-1581.647	95.21378	0.7333233	0.5930542	0.537137	0.462863	4.81269
6480	-1485.245	-1579.446	94.20022	0.7960987	0.745193	0.407329	0.592671	5.22683
6486	-1492.898	-1588.371	95.47306	0.8593834	0.5816886	0.441718	0.558282	4.606514
6492	-1483.462	-1577.984	94.52159	0.682546	0.5166676	0.529323	0.470677	5.290225
6498	-1487.531	-1581.632	94.10133	0.6920252	0.5690949	0.424832	0.575168	5.471537
6504	-1477.214	-1570.94	93.72577	0.5817484	0.5795429	0.424832	0.575168	5.729669
6510	-1475.252	-1570.87	95.61807	0.5817484	0.5023241	0.593225	0.406775	4.750259
6516	-1475.655	-1570.736	95.08091	0.6157292	0.575694	0.398604	0.601396	4.96651
6522	-1480.842	-1576.154	95.31214	0.3571763	0.5941482	0.528719	0.471281	4.96651
6528	-1482.102	-1576.947	94.84484	0.4879569	0.7986948	0.528719	0.471281	5.004435
6534	-1483.641	-1577.941	94.29945	0.6455433	0.6993806	0.418999	0.581001	5.287395
6540	-1475.923	-1571.056	95.13295	0.5111081	0.7143101	0.557966	0.442034	4.889053
6546	-1480.07	-1575.548	95.47812	0.7619773	0.7143101	0.434868	0.565132	4.555729
6552	-1479.737	-1574.689	94.95124	0.8716823	0.7217919	0.397112	0.602888	4.783981
6558	-1475.617	-1569.068	93.45092	0.5874771	0.5064599	0.439993	0.560007	5.939261
6564	-1477.72	-1571.778	94.05869	0.611891	0.5275855	0.429002	0.570998	5.574407
6570	-1487.853	-1581.283	93.43013	0.6926659	0.585293	0.404876	0.595124	5.826107
6576	-1474.804	-1569.276	94.47221	0.49269	0.6645484	0.592892	0.407108	5.30191
6582	-1488.883	-1582.758	93.87547	0.49269	0.5813419	0.433993	0.566007	5.694969
6588	-1490.539	-1583.955	93.41544	0.4647733	0.4842068	0.534721	0.465279	6.045759
6594	-1484.373	-1578.69	94.31695	0.4642156	0.5431222	0.453382	0.546618	5.500167
6600	-1497.013	-1593.695	96.68205	0.8189269	0.7425813	0.453382	0.546618	3.819252
6606	-1497.69	-1595.129	97.43873	1.006245	0.4674478	0.425475	0.574525	3.505159
6642	-1483.332	-1580.131	96.79917	0.8495412	0.6008415	0.46518	0.53482	3.843805
6648	-1483.522	-1579.615	96.09312	0.8495412	0.5913493	0.48865	0.51135	4.254526
6654	-1495.079	-1590.494	95.41557	0.8878979	0.7526405	0.398339	0.601661	4.493004
6672	-1480.372	-1575.834	95.46238	0.4462511	0.5160043	0.418562	0.581438	4.900226
6678	-1489.097	-1581.682	92.58444	0.3521457	0.6200668	0.401124	0.598876	6.444442
6684	-1485.807	-1580.497	94.68989	0.3168133	0.5797142	0.525094	0.474906	5.34522
6690	-1488.131	-1581.64	93.50912	0.5026765	0.6539181	0.49754	0.50246	5.833456
6696	-1492.099	-1587.218	95.11875	0.7904847	0.6539181	0.49754	0.50246	4.785756
6702	-1497.935	-1594.234	96.29955	0.9088334	0.5541903	0.551694	0.448306	4.135385
6708	-1486.709	-1582.636	95.92778	0.6415527	0.6097908	0.455302	0.544698	4.450282
6714	-1492.434	-1586.952	94.51804	0.5352504	0.7210493	0.487644	0.512356	5.212127
6720	-1485.666	-1580.063	94.39682	0.4019993	0.6981944	0.476661	0.523339	5.368901
6726	-1482.424	-1578.494	96.06959	0.7843779	0.5584469	0.372003	0.627997	4.332627
6732	-1495.289	-1591.248	95.95951	0.5214852	0.6655619	0.366911	0.633089	4.456304
6738	-1489.822	-1585.243	95.42082	0.5367313	0.5349872	0.360487	0.639513	4.856084
6744	-1493.985	-1588.467	94.48206	0.2986211	0.5349872	0.403698	0.596302	5.507454
6750	-1490.497	-1584.996	94.4987	0.2001851	0.6766467	0.403698	0.596302	5.439618
6756	-1483.857	-1578.495	94.63742	0.1409603	0.6189035	0.435038	0.564962	5.439618
6804	-1488.617	-1582.79	94.17283	0.485171	0.4807762	0.539092	0.460908	5.623577
6810	-1496.702	-1590.123	93.42112	0.3878757	0.794654	0.415567	0.584433	5.846486
6816	-1492.549	-1589.244	96.69474	0.7596532	0.794654	0.46697	0.53303	3.809632
6822	-1486.423	-1580.63	94.20732	0.5465533	0.4959491	0.547547	0.452453	5.556931
6828	-1482.708	-1576.948	94.23978	0.463569	0.5207888	0.51918	0.48082	5.562383
6834	-1487.884	-1582.319	94.4342	0.3721082	0.5207888	0.482858	0.517142	5.505787
6840	-1484.637	-1579.183	94.54597	0.5699231	0.4394518	0.481651	0.518349	5.411625
6846	-1494.211	-1588.661	94.44957	0.3958518	0.6075763	0.429903	0.570097	5.411625
6852	-1497.524	-1590.733	93.20824	0.3721784	0.511774	0.429903	0.570097	6.184113
6858	-1494.781	-1589.642	94.86157	0.5436225	0.6550646	0.475242	0.524758	5.065383
6864	-1490.91	-1586.77	95.86024	0.5771564	0.5646657	0.475242	0.524758	4.561964
6870	-1481.91	-1576.463	94.55227	0.6242347	0.494703	0.315993	0.684007	5.325369
6876	-1490.064	-1584.476	94.41161	0.6151948	0.5228952	0.417666	0.582334	5.382529
6882	-1480.899	-1574.82	93.92028	0.4663881	0.6101211	0.636231	0.363769	5.661762
6888	-1487.99	-1583.056	95.06652	0.5983957	0.4686206	0.520747	0.479253	5.07968
6894	-1489.835	-1584.004	94.16853	0.4937797	0.4823425	0.520747	0.479253	5.619753
6900	-1488.505	-1582.482	93.9776	0.738752	0.5497212	0.596438	0.403562	5.530169
6906	-1481.318	-1577.862	96.54344	0.8542942	0.8219461	0.493377	0.506623	3.823838
6912	-1479.639	-1574.725	95.08519	0.707021	0.7189996	0.493377	0.506623	4.803109
6918	-1478.046	-1572.95	94.90375	0.7331858	0.6020143	0.481824	0.518176	4.97814
6924	-1480.697	-1575.521	94.82472	0.7331858	0.6582937	0.564284	0.435716	4.97814
6930	-1478.465	-1572.235	93.77018	0.4111776	0.7319424	0.518005	0.481995	5.68458
6936	-1484.945	-1578.094	93.14895	0.5879177	0.8880215	0.572975	0.427025	5.827828
6942	-1483.968	-1577.084	93.1156	0.5402258	1.262793	0.572975	0.427025	5.676641
6948	-1478.555	-1573.343	94.78879	0.7077634	0.4576783	0.559243	0.440757	5.183519
6954	-1480.523	-1574.41	93.88734	0.647813	0.6006215	0.41538	0.58462	5.58781
6960	-1478.288	-1572.21	93.92247	0.5176053	0.6248284	0.409323	0.590677	5.620967
6966	-1490.687	-1585.402	94.71518	0.5971223	0.424298	0.409323	0.590677	5.318617
6972	-1486.367	-1581.421	95.05366	0.8609544	0.52198	0.386968	0.613032	4.891533
6978	-1491.86	-1587.442	95.58215	0.594784	0.3056806	0.352883	0.647117	4.974997
6984	-1486.228	-1580.197	93.9691	0.5309425	0.5420393	0.42473	0.57527	5.655499
6990	-1485.442	-1580.616	95.17396	0.5120178	0.6091655	0.557952	0.442048	4.94513
6996	-1486.41	-1582.889	96.47962	0.7548229	0.6172469	0.546222	0.453778	4.067416
7002	-1481.155	-1577.961	96.80631	0.7087782	0.4457353	0.37881	0.62119	4.063074
7008	-1488.39	-1582.944	94.5541	0.7087782	0.6653769	0.411011	0.588989	5.136513
7014	-1481.489	-1575.535	94.04583	0.3702321	0.539913	0.516079	0.483921	5.703366
7020	-1476.766	-1572.176	95.40986	0.6629554	0.6133349	0.507571	0.492429	4.726067
7026	-1486.678	-1581.259	94.58089	0.5081319	0.6133349	0.311605	0.688395	5.272687
7032	-1479.342	-1574.185	94.84335	0.4405502	0.6046809	0.453839	0.546161	5.171809
7038	-1477.746	-1574.034	96.28775	0.6787774	0.5800052	0.421463	0.578537	4.250507
7044	-1477.134	-1574.187	97.05252	0.7925228	0.6281813	0.438204	0.561796	3.708137
7050	-1476.681	-1571.982	95.30173	0.7925228	0.4091668	0.601909	0.398091	4.90093
7056	-1468.922	-1563.446	94.52396	0.5097983	0.5396228	0.439855	0.560145	5.364083
7062	-1478.977	-1573.956	94.97838	0.7300792	0.3495093	0.594952	0.405048	5.181281
7068	-1474.005	-1569.121	95.11579	0.666312	0.5462906	0.557215	0.442785	4.943924
7074	-1480.332	-1575.839	95.50693	0.8158015	0.4343153	0.452423	0.547577	4.747391
7080	-1485.802	-1580.279	94.4764	0.6465887	0.4542823	0.495031	0.504969	5.393113
7086	-1487.79	-1583.43	95.64029	0.6533096	0.6903127	0.526846	0.473154	4.543174
7092	-1491.914	-1587.654	95.73942	0.682583	0.6876742	0.441807	0.558193	4.472914
7098	-1482.624	-1578.18	95.55518	0.6750276	0.5160474	0.441807	0.558193	4.720741
7104	-1508.217	-1603.825	95.60782	0.6423987	0.4921083	0.549997	0.450003	4.731563
7110	-1490.806	-1586.659	95.853	0.6110463	0.4369924	0.523456	0.476544	4.665615
7116	-1493.658	-1588.457	94.79939	0.4377182	0.4733875	0.576015	0.423985	5.311818
7122	-1493.103	-1586.938	93.83437	0.4443691	0.4522347	0.656322	0.343678	5.858428
7128	-1493.469	-1587.222	93.75364	0.2867758	0.4711222	0.436025	0.563975	5.970564
7134	-1498.06	-1592.517	94.45697	0.1553513	0.5932831	0.436025	0.563975	5.551303
7140	-1489.648	-1584.644	94.99581	0.2232035	0.4572102	0.464715	0.535285	5.337319
7146	-1495.782	-1588.404	92.62241	0.3609545	0.6559734	0.464715	0.535285	6.391984
7152	-1484.285	-1579.39	95.10565	0.5063491	0.6559734	0.410979	0.589021	4.949824
7158	-1489.544	-1584.306	94.76213	0.7415538	0.7322909	0.409684	0.590316	4.954465
7164	-1493.824	-1586.237	92.41266	0.6559791	0.9758919	0.566626	0.433374	6.141848
7170	-1496.835	-1590.396	93.5611	0.7872674	0.5193734	0.471428	0.528572	5.758318
7176	-1491.394	-1584.728	93.33434	0.6795187	0.4143329	0.400566	0.599434	6.040799
7182	-1490.08	-1586.267	96.18728	0.3777846	0.613714	0.5578	0.4422	4.449518
7188	-1482.715	-1577.111	94.39637	0.5458988	0.6981053	0.571203	0.428797	5.289814
7194	-1494.438	-1588.284	93.84627	0.3520689	0.3599527	0.510398	0.489602	5.99868
7200	-1490.265	-1584.266	94.00155	0.3348561	0.6398769	0.510398	0.489602	5.666283
7206	-1487.851	-1581.731	93.8801	0.4331638	0.5073185	0.510398	0.489602	5.788249
7212	-1485.057	-1581.972	96.91551	0.747769	0.5305728	0.535144	0.464856	3.896654
7218	-1490.599	-1586.24	95.64122	0.4598496	0.4913894	0.497865	0.502135	4.815537
7224	-1486.082	-1579.089	93.0068	0.5354694	0.6559759	0.544182	0.455818	6.088186
7230	-1477.09	-1571.19	94.09939	0.7484449	0.5509935	0.4513	0.5487	5.45676
7236	-1489.246	-1585.341	96.09532	0.7596782	0.4337065	0.4513	0.5487	4.449403
7242	-1479.864	-1573.43	93.5661	0.702632	0.4483913	0.549881	0.450119	5.867635
7248	-1489.124	-1585.322	96.198	0.7335724	0.4844207	0.380533	0.619467	4.355996
7254	-1483.53	-1578.014	94.48385	0.7335724	0.8498553	0.4804	0.5196	5.035692
7260	-1476.444	-1570.914	94.47029	0.4933991	0.5234869	0.427458	0.572542	5.416782
7266	-1483.084	-1577.324	94.24042	0.6654837	0.5604613	0.510366	0.489634	5.416782
7272	-1476.614	-1571.612	94.99832	0.7020962	0.6137519	0.598598	0.401402	4.933434
7278	-1482.838	-1575.135	92.29682	0.5001999	0.5758571	0.378069	0.621931	6.554952
7284	-1483.945	-1577.214	93.26873	0.513329	0.6494607	0.482869	0.517131	5.962302
7290	-1498.497	-1593.824	95.32638	0.6181247	0.5299203	0.465682	0.534318	4.867822
7296	-1485.459	-1580.506	95.04665	0.5621334	0.5513998	0.546767	0.453233	5.035839
7302	-1481.682	-1577.209	95.52652	0.794954	0.563573	0.441086	0.558914	4.627933
7308	-1481.275	-1577.719	96.44429	0.8312968	0.5669027	0.437919	0.562081	4.08609
7314	-1485.811	-1583.439	97.62777	1.022178	0.4302954	0.527423	0.472577	3.424078
7320	-1486.349	-1583.113	96.76339	1.022178	0.6858463	0.594485	0.405515	3.697092
7326	-1481.82	-1577.855	96.03588	0.9133458	0.9197588	0.397606	0.602394	4.018689
7332	-1474.641	-1571.466	96.82436	0.9417831	0.4204167	0.475234	0.524766	3.946054
7338	-1485.986	-1582.159	96.17266	0.9026775	0.7748635	0.454402	0.545598	4.040409
7344	-1481.698	-1577.5	95.80174	0.5916495	0.7510903	0.381937	0.618063	4.443455
7350	-1472.795	-1567.749	94.95381	0.5916495	0.6737735	0.433136	0.566864	4.97345
7356	-1481.766	-1576.463	94.69663	0.6893724	0.8008558	0.544605	0.455395	4.97345
7362	-1482.734	-1577.617	94.88304	0.7375319	0.6192907	0.506645	0.493355	4.97345
7368	-1479.558	-1573.523	93.9647	0.7310982	0.6580703	0.609392	0.390608	5.455094
7374	-1481.204	-1576.841	95.6367	0.8183344	0.576698	0.371591	0.628409	4.541875
7380	-1478.477	-1575.816	97.339	0.8639398	0.6075631	0.371591	0.628409	3.517471
7386	-1475.931	-1571.977	96.04597	0.7893191	0.6977511	0.580521	0.419479	4.231978
7392	-1483.509	-1578.542	95.03275	0.6866937	0.7733868	0.589823	0.410177	4.806009
7398	-1488.776	-1583.797	95.02091	0.6078479	0.6216938	0.369359	0.630641	4.967003
7404	-1482.674	-1576.553	93.87907	0.5211433	0.5701829	0.412747	0.587253	5.686557
7410	-1485.611	-1579.582	93.97124	0.4704207	0.5431569	0.55058	0.44942	5.686557
7416	-1492.714	-1586.329	93.61546	0.6588389	0.658166	0.55058	0.44942	5.686557
7422	-1493.349	-1587.108	93.75888	0.5658205	0.621857	0.379088	0.620912	5.686557
7428	-1473.945	-1567.037	93.09189	0.6172296	0.4762855	0.496907	0.503093	6.146285
7434	-1488.96	-1584.056	95.09672	0.671388	0.5696741	0.409262	0.590738	4.931793
7440	-1478.091	-1573.152	95.06105	0.6508397	0.4558262	0.430907	0.569093	5.066016
7446	-1494.435	-1589	94.56539	0.4461487	0.5654871	0.453462	0.546538	5.354346
7452	-1499.356	-1594.081	94.72527	0.556695	0.5336945	0.552704	0.447296	5.232196
7458	-1492.847	-1589.991	97.14404	0.8404505	0.4391798	0.372563	0.627437	3.800919
7464	-1488.479	-1585.666	97.18688	0.8134619	0.5561648	0.573803	0.426197	3.67949
7470	-1485.069	-1579.971	94.90241	0.7629521	0.6700122	0.364317	0.635683	4.909559
7476	-1486.185	-1580.192	94.00717	0.6301896	0.7319607	0.41827	0.58173	5.434029
7482	-1479.604	-1574.582	94.97875	0.520221	0.4980867	0.580151	0.419849	5.144
7488	-1484.14	-1577.599	93.45875	0.4895537	0.6837447	0.526789	0.473211	5.846237
7494	-1486.279	-1580.249	93.96956	0.773419	0.5703355	0.503608	0.496392	5.498217
7500	-1485.72	-1579.102	93.3815	0.5768313	0.4523817	0.457101	0.542899	6.033203
7506	-1495.304	-1591.74	96.43639	0.5521345	0.459652	0.439501	0.560499	4.347904
7512	-1493.478	-1587.678	94.19972	0.6742379	0.6319596	0.515835	0.484165	5.376807
7518	-1487.693	-1582.678	94.98468	0.5130498	0.5844146	0.555496	0.444504	5.06976
7524	-1500.816	-1594.985	94.16931	0.6613992	0.8319191	0.467704	0.532296	5.261151
7530	-1491.283	-1585.15	93.86687	0.643856	0.6625298	0.590572	0.409428	5.553544
7536	-1482.485	-1578.473	95.98788	0.8726737	0.4335978	0.4708	0.5292	4.446386
7542	-1479.88	-1576.383	96.50263	0.8905329	0.6972162	0.594173	0.405827	3.914389
7548	-1476.218	-1571.04	94.82291	0.7570348	0.7167585	0.420003	0.579997	4.923001
7554	-1497.041	-1590.611	93.56983	0.3890237	0.468867	0.480697	0.519303	6.017182
7560	-1486.275	-1580.013	93.73849	0.6962006	0.8487879	0.469924	0.530076	5.468925
7566	-1486.002	-1579.685	93.68299	0.5736974	0.8487879	0.469924	0.530076	5.566797
7572	-1487.385	-1580.829	93.44446	0.695253	0.6679382	0.456905	0.543095	5.753051
7578	-1478.163	-1574.397	96.2339	0.8823757	0.6679382	0.457674	0.542326	4.094758
7584	-1485.865	-1581.737	95.87235	0.8823757	0.6579586	0.457674	0.542326	4.307626
7590	-1484.501	-1580.036	95.53465	0.7633333	0.7743609	0.536189	0.463811	4.48116
7596	-1486.371	-1581.126	94.75542	0.625034	0.8399708	0.504442	0.495558	4.951336
7602	-1482.762	-1577.558	94.79506	0.6564162	0.5965838	0.329633	0.670367	5.085487
7608	-1475.663	-1571.06	95.39754	0.652514	0.6309738	0.487583	0.512417	4.724821
7614	-1485.604	-1581.698	96.09341	0.5829497	0.53841	0.514286	0.485714	4.450363
7620	-1477.061	-1573.688	96.62731	0.7317347	0.7142794	0.462975	0.537025	3.921289
7626	-1478.2	-1573.964	95.76405	0.6029407	0.6005531	0.467955	0.532045	4.571572
7632	-1476.661	-1571.061	94.40017	0.4031415	0.5251962	0.380856	0.619144	5.503551
7638	-1488.359	-1583.015	94.65652	0.4407552	0.6072101	0.503916	0.496084	5.272987
7644	-1486.15	-1579.569	93.41827	0.4407552	0.621426	0.511654	0.488346	5.941643
7650	-1499.757	-1593.02	93.2632	0.391355	0.5142005	0.516406	0.483594	6.141627
7656	-1487.51	-1581.654	94.14368	0.4328295	0.4618107	0.503191	0.496809	5.686201
7662	-1488.607	-1582.522	93.91449	0.6149882	0.4817099	0.503191	0.496809	5.693201
7668	-1486.952	-1582.016	95.06383	0.6208529	0.5640201	0.496713	0.503287	4.982944
7674	-1490.574	-1583.382	92.80763	0.6142423	0.7414917	0.396178	0.603822	6.093028
7680	-1481.9	-1576.905	95.00466	0.5559509	0.5581246	0.343225	0.656775	5.056833
7686	-1486.516	-1581.575	95.0588	0.4893655	0.4690454	0.446909	0.553091	5.143978
7692	-1489.097	-1585.737	96.64033	0.7403844	0.4267628	0.466265	0.533735	4.159189
7698	-1488.091	-1583.923	95.83213	0.6660566	0.6644776	0.382281	0.617719	4.447447
7704	-1485.074	-1581.247	96.17303	0.6812435	0.4360108	0.340855	0.659145	4.447447
7710	-1485.887	-1580.279	94.3915	0.6770399	0.8122682	0.449125	0.550875	5.142167
7716	-1488.503	-1583.599	95.09603	0.638853	0.654897	0.449125	0.550875	4.882239
7722	-1494.398	-1590.289	95.89108	1.229877	1.232025	0.441171	0.558829	3.749752
7728	-1483.111	-1580.289	97.17743	0.7468986	0.5270035	0.422706	0.577294	3.749752
7734	-1481.019	-1577.688	96.6686	1.042255	0.5358521	0.456662	0.543338	3.864557
7740	-1487.309	-1582.889	95.57947	0.8696872	0.7295688	0.468735	0.531265	4.42718
7746	-1486.088	-1582.477	96.38845	1.020161	0.7295688	0.456644	0.543356	3.881708
7752	-1484.094	-1578.431	94.33691	0.5839382	0.7971149	0.488741	0.511259	5.233744
7758	-1484.844	-1578.811	93.96665	0.5839382	0.5647693	0.386924	0.613076	5.60856
7764	-1484.75	-1579.708	94.95825	0.842922	0.7117441	0.347701	0.652299	4.803293
7770	-1480.465	-1576.655	96.18926	0.9926178	0.5866289	0.485393	0.514607	4.12265
7776	-1488.767	-1584.948	96.18112	0.5483517	0.6387624	0.485393	0.514607	4.336828
7782	-1476.37	-1573.771	97.40141	0.8419904	0.6115128	0.485393	0.514607	3.490559
7788	-1487.402	-1585.466	98.06405	0.8737541	0.51034	0.55421	0.44579	3.172922
7794	-1481.269	-1579.904	98.63446	1.013703	0.4930251	0.529855	0.470145	2.762822
7800	-1485.856	-1584.621	98.76457	1.013703	0.419276	0.432686	0.567314	2.762822
7806	-1491.856	-1590.518	98.66248	1.331456	0.8722788	0.432686	0.567314	2.226942
7812	-1489.922	-1585.78	95.8581	0.5371726	0.5550774	0.349803	0.650197	4.593829
7818	-1483.749	-1577.499	93.75016	0.759626	0.4321242	0.481807	0.518193	5.751827
7824	-1485.068	-1579.208	94.14072	0.3912208	0.5424411	0.440426	0.559574	5.637654
7830	-1487.627	-1583.982	96.35493	0.681159	0.4598205	0.493957	0.506043	4.320853
7836	-1492.204	-1586.076	93.8726	0.5577972	0.4598205	0.59125	0.40875	5.768149
7842	-1487.614	-1581.895	94.28079	0.5160551	0.7158638	0.593858	0.406142	5.357405
7848	-1485.678	-1580.044	94.36511	0.4587717	0.6420751	0.485916	0.514084	5.396645
7854	-1499.161	-1591.681	92.51915	0.6788725	0.8921268	0.433845	0.566155	6.119422
7860	-1486.788	-1581.002	94.21382	0.6262008	0.4082135	0.319212	0.680788	5.595192
7866	-1488.124	-1582.885	94.76044	0.6246313	0.6232411	0.347505	0.652495	5.101067
7872	-1480.51	-1575.661	95.15094	0.5303564	0.5387507	0.479291	0.520709	5.006504
7878	-1480.833	-1575.941	95.1079	0.4075841	0.4286138	0.312986	0.687014	5.201953
7884	-1483.401	-1578.772	95.3709	0.8558313	0.9135094	0.486935	0.513065	4.432245
7890	-1496.746	-1593.07	96.32365	0.7278149	0.67053	0.45065	0.54935	4.129663
7896	-1496.764	-1592.831	96.06714	0.6924216	0.549687	0.534698	0.465302	4.393551
7902	-1490.313	-1587.138	96.82531	0.7486544	0.5321125	0.554111	0.445889	3.946436
7908	-1487.761	-1584.911	97.15025	0.7227692	0.4407142	0.426287	0.573713	3.863424
7914	-1494.186	-1589.439	95.25324	0.7004802	0.5250504	0.466233	0.533767	4.867008
7920	-1488.857	-1583.443	94.58607	0.5551129	0.4103624	0.365325	0.634675	5.427346
7926	-1489.436	-1583.512	94.07593	0.3843041	0.4641982	0.571733	0.428267	5.747629
7932	-1492.897	-1587.89	94.99304	0.6921746	0.4641982	0.51155	0.48845	5.072678
7938	-1492.477	-1588.871	96.3944	0.8899026	0.706749	0.423072	0.576928	3.969636
7944	-1486.603	-1582.681	96.07821	0.8421805	0.7243129	0.481447	0.518553	4.16428
7950	-1495.911	-1591.858	95.94735	0.7076531	0.63156	0.506103	0.493897	4.384562
7956	-1501.001	-1598.091	97.09076	0.8166697	0.5579156	0.613503	0.386497	3.73164
7962	-1493.865	-1588.341	94.47567	0.4827313	0.5810792	0.510299	0.489701	5.370736
7968	-1496.028	-1590.335	94.30662	0.4827313	0.4659885	0.386767	0.613233	5.565402
7974	-1486.016	-1581.804	95.78879	0.4827313	0.4315896	0.538408	0.461592	4.778783
7980	-1487.265	-1584.14	96.87445	0.7758567	0.4030444	0.422499	0.577501	4.031043
7986	-1490.01	-1586.605	96.59451	0.851871	0.4648339	0.566684	0.433316	4.083024
7992	-1493.643	-1589.772	96.12878	0.5889545	0.6507407	0.373768	0.626232	4.334118
7998	-1485.045	-1580.021	94.97681	0.5939882	0.6158429	0.432451	0.567549	5.003838
8004	-1483.987	-1579.381	95.39421	0.7390169	0.5038553	0.479379	0.520621	4.786045
8010	-1492.117	-1588.997	96.87995	0.953029	0.6337877	0.380979	0.619021	3.710564
8016	-1490.954	-1588.994	98.04047	0.8708533	0.5326143	0.409048	0.590952	3.167412
8022	-1494.871	-1590.265	95.39448	0.6613697	0.5326143	0.506753	0.493247	4.803345
8028	-1496.05	-1590.879	94.82881	0.7038618	0.5326143	0.485969	0.514031	5.094343
8034	-1483.511	-1578.719	95.20794	0.6707843	0.5456535	0.430284	0.569716	4.890696
8052	-1485.934	-1580.258	94.32397	0.6793164	0.8599555	0.442856	0.557144	5.148129
8058	-1478.94	-1573.438	94.49871	0.710076	0.4773849	0.426914	0.573086	5.323669
8064	-1485.882	-1580.795	94.91249	0.7977768	0.7382153	0.420987	0.579013	4.835279
8160	-1487.299	-1582.206	94.90692	0.671235	0.6248628	0.503803	0.496197	4.992635
8166	-1487.13	-1580.243	93.11336	0.7011877	0.5912198	0.462876	0.537124	5.989704
8172	-1479.355	-1574.2	94.84464	0.6605689	0.5666296	0.463506	0.536494	5.080387
8178	-1485.413	-1579.455	94.0428	0.7193977	0.5955864	0.382953	0.617047	5.46703
8184	-1484.244	-1579.706	95.4619	0.6020503	0.5640944	0.40886	0.59114	4.771581
8190	-1488.915	-1584.05	95.13526	0.464882	0.9874894	0.517573	0.482427	4.740752
8196	-1483.13	-1578.288	95.15787	0.6337061	0.749157	0.388494	0.611506	4.782304
8202	-1492.204	-1587.183	94.97887	0.8127051	0.749157	0.244767	0.755233	4.782304
8208	-1493.006	-1589.785	96.77944	0.7921654	0.4720065	0.502882	0.497118	4.004502
8214	-1479.09	-1574.596	95.50577	0.618296	0.6320353	0.507762	0.492238	4.682578
8220	-1484.339	-1581.49	97.15092	0.7160207	0.491863	0.657321	0.342679	3.815864
8226	-1485.809	-1581.662	95.85314	0.8386382	0.575936	0.657321	0.342679	4.409254
8232	-1472.566	-1568.499	95.93317	0.7000824	0.5497742	0.48069	0.51931	4.464667
8238	-1482.941	-1578.868	95.92782	0.566353	0.5753144	0.581818	0.418182	4.521042
8244	-1490.69	-1587.658	96.96831	0.7382888	0.6927731	0.483465	0.516535	3.737445
8250	-1488.147	-1583.862	95.71569	0.7818442	0.7146454	0.502006	0.497994	4.410608
8256	-1488.305	-1584.367	96.06289	0.6860058	0.5371323	0.389419	0.610581	4.410608
8262	-1492.86	-1588.767	95.90674	0.7941179	0.490613	0.49225	0.50775	4.480201
8268	-1494.232	-1588.635	94.40376	0.6246514	0.5137613	0.392781	0.607219	5.389759
8274	-1487.508	-1581.629	94.12097	0.6246514	0.4927975	0.587219	0.412781	5.564348
8280	-1485.702	-1580.936	95.23422	0.7047214	0.4516543	0.417877	0.582123	4.943988
8286	-1484.479	-1580.36	95.88104	0.7047214	0.4103002	0.372898	0.627102	4.625142
8292	-1495.265	-1591.954	96.68911	0.8108509	0.5140724	0.297694	0.702306	4.005289
8298	-1484.721	-1580.26	95.53852	0.8108509	0.5147843	0.412141	0.587859	4.655194
8304	-1492.875	-1587.304	94.42951	0.7773168	0.9412185	0.550999	0.449001	4.986447
8310	-1495.8	-1590.423	94.62329	0.5807665	0.4302606	0.424111	0.575889	5.372266
8316	-1483.916	-1578.33	94.41415	0.6574911	0.59559	0.437068	0.562932	5.296453
8322	-1483.993	-1580.977	96.98375	0.7406861	0.4689621	0.338633	0.661367	3.920054
8328	-1484.292	-1576.993	92.70109	0.6246544	0.6481518	0.530476	0.469524	6.21186
8334	-1488.618	-1583.034	94.41602	0.6171569	0.4624777	0.437912	0.562088	5.434657
8370	-1504.536	-1598.944	94.40786	0.8097747	0.4319058	0.564735	0.435265	5.363113
8376	-1499.072	-1594.609	95.53694	0.8243335	0.5651143	0.574676	0.425324	4.604301
8382	-1490.737	-1586.466	95.72893	0.6471684	0.5238146	0.617824	0.382176	4.632066
8388	-1486.605	-1582.03	95.42517	0.6471684	0.5154502	0.369511	0.630489	4.80947
8412	-1497.6	-1590.64	93.0409	0.4324086	0.7688285	0.489292	0.510708	6.046664
8418	-1495.171	-1589.98	94.80975	0.5935917	0.7437147	0.542661	0.457339	5.002287
8424	-1494.093	-1588.33	94.23686	0.6119904	0.7078655	0.459278	0.540722	5.334392
8430	-1487.197	-1582.118	94.92101	0.7064106	0.5377992	0.472216	0.527784	5.03725
8436	-1484.292	-1577.9	93.60855	0.5768384	0.6610267	0.455284	0.544716	5.733146
8442	-1479.647	-1575.839	96.19155	0.7454377	0.5078891	0.455284	0.544716	4.330888
8448	-1481.139	-1576.483	95.34442	0.6890184	0.6037366	0.455284	0.544716	4.755794
8454	-1478.353	-1573.991	95.63776	0.6890184	0.5444382	0.317367	0.682633	4.641459
8460	-1482.825	-1579.509	96.68421	0.7656891	0.5964583	0.493808	0.506192	3.96148
8466	-1489.865	-1587.883	98.0178	1.081623	0.534826	0.496347	0.503653	3.053262
8472	-1501.654	-1599.992	98.33729	1.173878	0.4950064	0.385975	0.614025	2.844182
8478	-1489.935	-1587.11	97.1755	1.134659	0.4093909	0.454382	0.545618	3.644686
8484	-1485.764	-1583.24	97.47565	1.134659	0.3627472	0.322434	0.677566	3.52381
8490	-1495.823	-1591.139	95.3157	0.936809	0.3627472	0.568178	0.431822	4.863858
8496	-1482.541	-1579.196	96.65441	0.7294356	0.4994098	0.474295	0.525705	4.085241
8502	-1473.36	-1568.878	95.51822	0.5029745	0.4091622	0.425434	0.574566	4.941594
8508	-1483.144	-1577.758	94.61311	0.9908339	0.4954577	0.526908	0.473092	5.088246
8514	-1480.657	-1576.56	95.9031	0.8089951	0.7283502	0.408207	0.591793	4.279518
8520	-1486.508	-1583.097	96.58918	0.7545262	0.5774882	0.390781	0.609219	4.038175
8526	-1482.661	-1576.863	94.20248	0.5477898	0.5664154	0.390781	0.609219	5.497467
8532	-1479.738	-1574.429	94.69101	0.4518102	0.5283422	0.390781	0.609219	5.313743
8538	-1477.495	-1573.284	95.78837	0.6401833	0.5283422	0.528629	0.471371	4.598602
8544	-1480.646	-1575.186	94.54	0.6302675	0.7225179	0.504094	0.495906	5.146351
8550	-1473.01	-1569.263	96.25291	0.9264216	0.7142269	0.300745	0.699255	4.024123
8556	-1467.218	-1561.747	94.52822	0.5123151	0.6799617	0.557543	0.442457	5.248727
8562	-1469.654	-1565.58	95.92661	0.7490096	0.6322061	0.425941	0.574059	4.372414
8568	-1480.229	-1572.942	92.71322	0.6612539	0.7286638	0.523234	0.476766	6.127612
8574	-1489.432	-1582.261	92.82898	0.3938838	0.7286638	0.492265	0.507735	6.210102
8580	-1489.485	-1583.189	93.70469	0.6060828	0.6730534	0.431756	0.568244	5.655537
8586	-1484.6	-1580.665	96.06452	0.8211457	0.6886833	0.431756	0.568244	4.210147
8592	-1491.258	-1586.306	95.04846	0.2784973	0.6067797	0.57518	0.42482	5.146294
8598	-1481.766	-1574.097	92.33107	0.4816223	0.6598223	0.480223	0.519777	6.48167
8604	-1486.021	-1578.283	92.26191	0.5852491	0.6347907	0.528566	0.471434	6.48167
8610	-1473.207	-1567.091	93.88414	0.4947985	0.7057951	0.537041	0.462959	5.594489
8616	-1481.615	-1576.864	95.24938	0.3814611	0.5902824	0.550934	0.449066	4.99105
8622	-1484.027	-1579.172	95.14512	0.5856442	0.5681134	0.467703	0.532297	4.953878
8628	-1480.023	-1575.285	95.26125	0.5856442	0.4787117	0.563353	0.436647	4.969014
8634	-1485.812	-1578.997	93.18523	0.3559477	0.7168716	0.498543	0.501457	6.044968
8640	-1488.363	-1582.796	94.43248	0.5404064	0.469638	0.508996	0.491004	5.461009
8646	-1486.69	-1580.822	94.13111	0.6683392	0.5777717	0.433633	0.566367	5.461009
8652	-1488.758	-1585.052	96.2935	0.7562955	0.564723	0.379555	0.620445	4.216328
8658	-1487.687	-1585.605	97.91868	1.035299	0.8339185	0.542966	0.457034	2.900667
8664	-1495.541	-1593.639	98.09782	1.314206	0.6724306	0.542966	0.457034	2.743653
8670	-1491.615	-1590.596	98.98065	1.314206	0.6489472	0.518693	0.481307	2.210032
8676	-1488.27	-1586.352	98.08129	1.314206	0.6855556	0.544403	0.455597	2.743085
8682	-1483.233	-1578.741	95.50752	1.042107	0.7503668	0.498079	0.501921	4.355822
8688	-1481.533	-1577.416	95.88313	0.9444035	1.175265	0.468606	0.531394	3.946743
8694	-1475.409	-1571.207	95.7976	0.9177793	0.6230329	0.472838	0.527162	4.357254
8700	-1478.672	-1574.89	96.21773	0.677239	0.6477681	0.441482	0.558518	4.236101
8706	-1477.379	-1573.06	95.68107	0.6539277	0.566756	0.453818	0.546182	4.617646
8712	-1484.064	-1579.503	95.439	0.7828542	0.656981	0.517098	0.482902	4.60848
8718	-1474.376	-1570.612	96.23504	0.7673739	0.6292885	0.551566	0.448434	4.189725
8724	-1473.397	-1567.49	94.0929	0.6730994	0.6045855	0.453565	0.546435	5.457735
8730	-1502.191	-1595.81	93.61898	0.3794713	0.5825029	0.439679	0.560321	5.896338
8736	-1499.653	-1593.434	93.78038	0.3794713	0.5145961	0.439679	0.560321	5.865671
8742	-1498.36	-1591.905	93.54578	0.5100591	0.5816496	0.391026	0.608974	5.865671
8748	-1497.772	-1591.643	93.8712	0.3180493	0.5917737	0.391026	0.608974	5.784518
8754	-1493.754	-1589.236	95.48205	0.8685427	0.6534383	0.519149	0.480851	4.538926
8760	-1493.438	-1587.476	94.03771	0.6481413	0.7577671	0.499949	0.500051	5.389634
8766	-1500.527	-1596.142	95.61524	0.7293419	0.4314542	0.382226	0.617774	4.738101
8772	-1492.959	-1588.592	95.63229	0.5600606	0.5310128	0.347387	0.652613	4.728514
8778	-1484.672	-1579.867	95.19516	0.7847994	0.4708315	0.347387	0.652613	4.902496
8784	-1490.865	-1587.727	96.86183	0.6480956	0.3871137	0.547227	0.452773	4.128681
8790	-1498.602	-1593.187	94.58532	0.6559718	0.8583832	0.663243	0.336757	5.017114
8796	-1478.517	-1573.126	94.6086	0.4679944	0.5819177	0.446567	0.553433	5.304842
8802	-1482.451	-1577.096	94.6449	0.4702309	0.7908796	0.500218	0.499782	5.130322
8808	-1481.105	-1574.683	93.57796	0.4841515	0.4891594	0.500218	0.499782	5.941982
8814	-1484.993	-1579.552	94.55822	0.5334935	0.7527746	0.503683	0.496317	5.168864
8820	-1477.795	-1573.042	95.2474	0.7012034	0.5939683	0.490948	0.509052	4.811105
8826	-1481.025	-1575.508	94.48313	0.6440051	0.5939683	0.490948	0.509052	5.267119
8832	-1485.554	-1580.05	94.49604	0.6172421	0.6508802	0.535576	0.464424	5.230213
8838	-1485.879	-1580.384	94.50551	0.5740525	0.4964045	0.578163	0.421837	5.377276
8844	-1494.784	-1588.363	93.57938	0.3200017	0.7146418	0.578163	0.421837	5.850986
8850	-1480.901	-1575.427	94.52588	0.4968828	0.5577266	0.407125	0.592875	5.354681
8856	-1480.779	-1576.165	95.38578	0.795972	0.6878573	0.529169	0.470831	4.607772
8862	-1503.738	-1599.89	96.15191	0.9376126	0.594936	0.636811	0.363189	4.168216
8868	-1488.463	-1584.709	96.24584	0.7801162	0.6395451	0.44843	0.55157	4.168216
8874	-1486.295	-1583.379	97.08442	0.8931809	0.5548879	0.424547	0.575453	3.693774
8880	-1482.18	-1579.206	97.02635	0.8931809	0.5935951	0.51596	0.48404	3.693774
8886	-1475.951	-1571.325	95.37447	0.5921114	0.5806933	0.482122	0.517878	4.812006
8892	-1483.346	-1577.211	93.8652	0.7873866	0.5301854	0.404564	0.595436	5.582021
8898	-1476.795	-1572.442	95.64686	0.7156741	0.5226961	0.44789	0.55211	4.640674
8904	-1486.111	-1582.712	96.60011	0.832873	0.4728979	0.5192	0.4808	4.082718
8910	-1488.747	-1585.373	96.62607	0.6808353	0.4645451	0.332389	0.667611	4.162673
8916	-1482.038	-1577.019	94.98037	0.7912853	0.5526439	0.421122	0.578878	4.944266
8922	-1480.269	-1574.698	94.4289	0.4927755	0.4831443	0.306755	0.693245	5.47648
8928	-1487.263	-1582.547	95.28344	0.485149	0.6032086	0.482624	0.517376	4.903939
8934	-1485.655	-1580.271	94.61641	0.5572064	0.4604361	0.442926	0.557074	5.359239
8940	-1484.242	-1577.909	93.66698	0.7079709	0.5677442	0.476506	0.523494	5.702424
8946	-1484.235	-1576.755	92.52057	0.5490028	0.5370511	0.395081	0.604919	6.43956
8952	-1477.361	-1572.495	95.13344	0.7966805	0.6156685	0.542418	0.457582	4.803916
8958	-1477.231	-1572.442	95.21145	0.7966196	0.5627589	0.538626	0.461374	4.803916
8964	-1477.281	-1572.631	95.34976	0.6985265	0.8402648	0.555728	0.444272	4.578062
9042	-1492.881	-1588.385	95.5046	0.6129902	0.5297302	0.426437	0.573563	4.771427
9048	-1480.889	-1576.498	95.60895	0.6054967	0.6673065	0.398028	0.601972	4.60479
9054	-1494.943	-1590.571	95.62814	0.5404959	0.5829604	0.370751	0.629249	4.697226
9060	-1490.371	-1584.461	94.0905	0.4678099	0.7768214	0.42333	0.57667	5.447114
9066	-1478.656	-1574.796	96.1399	0.5844585	0.5552981	0.357094	0.642906	4.40853
9072	-1479.105	-1573.972	94.86741	0.6955226	0.5532644	0.496155	0.503845	5.059685
9078	-1475.229	-1569.129	93.90012	0.4972495	0.5532644	0.343732	0.656268	5.702245
9084	-1482.079	-1576.917	94.838	0.6544197	0.6079872	0.628947	0.371053	5.053607
9090	-1480.274	-1575.938	95.66493	0.5938603	0.6871586	0.491641	0.508359	4.565054
9096	-1477.147	-1573.332	96.18441	0.7203482	0.5971115	0.409561	0.590439	4.271215
9120	-1499.003	-1594.03	95.02727	0.6558242	0.524517	0.387446	0.612554	5.018024
9126	-1499.163	-1593.578	94.41523	0.6243868	0.8819856	0.617126	0.382874	5.114471
9192	-1497.675	-1592.727	95.05198	0.6407097	0.4829128	0.59605	0.40395	5.0507
9198	-1495.581	-1589.631	94.04936	0.5011983	0.7304809	0.407984	0.592016	5.482833
9522	-1491.512	-1587.334	95.82204	0.6871437	0.6184761	0.380282	0.619718	4.477161
9528	-1499.371	-1592.512	93.14027	0.7063735	0.6726654	0.413464	0.586536	5.909854
9540	-1486.102	-1581.059	94.95726	0.762679	0.6327494	0.459851	0.540149	4.907611
9546	-1483.32	-1576.555	93.23529	0.5987131	0.6055471	0.419568	0.580432	5.967702
9552	-1489.772	-1584.475	94.70242	0.7075759	0.5891873	0.513089	0.486911	5.114498
9558	-1500.567	-1596.475	95.90734	0.7694025	0.4739794	0.513089	0.486911	4.509631
9570	-1490.19	-1585.131	94.94057	0.5288287	0.5336748	0.360143	0.639857	5.128481
9576	-1481.382	-1574.417	93.03551	0.5261078	0.4993076	0.496445	0.503555	6.205463
9720	-1501.162	-1595.547	94.38497	0.6039019	0.576938	0.397853	0.602147	5.357342
9726	-1485.582	-1580.69	95.10818	0.4848742	0.5846687	0.544259	0.455741	5.016642
9744	-1495.434	-1590.725	95.29174	0.5372394	0.4264971	0.395251	0.604749	5.030389
9750	-1491.577	-1586.626	95.04886	0.4830454	0.6096145	0.47518	0.52482	5.030389
9756	-1490.112	-1583.887	93.77505	0.4830454	0.6353014	0.334807	0.665193	5.712702
9762	-1477.506	-1572.337	94.8317	0.5254235	0.6693652	0.367202	0.632798	5.081305
9768	-1478.042	-1573.102	95.06002	0.6138636	0.4617741	0.489702	0.510298	5.081305
9774	-1485.451	-1579.477	94.02605	0.4709233	0.5923088	0.409657	0.590343	5.615433
9780	-1480.723	-1578.042	97.31941	0.7626941	0.5290862	0.409657	0.590343	3.656632
9786	-1480.465	-1575.961	95.49623	0.8039731	0.3457342	0.446935	0.553065	4.857101
9792	-1485.521	-1580.422	94.90044	0.5107814	0.5928661	0.382844	0.617156	5.110821
9798	-1483.395	-1579.256	95.86147	0.6956497	0.4932682	0.39661	0.60339	4.558515
9804	-1477.562	-1573.324	95.76164	0.6956497	0.5556562	0.39646	0.60354	4.558515
9810	-1481.734	-1578.037	96.30299	0.6200006	0.4748984	0.442892	0.557108	4.369994
9816	-1489.021	-1586.236	97.21493	0.9255552	0.6641203	0.373544	0.626456	3.507879
9822	-1489.354	-1586.149	96.7943	0.9255552	0.5520122	0.382935	0.617065	3.844913
9828	-1498.764	-1595.738	96.97403	0.5682965	0.4855484	0.44522	0.55478	4.008042
9960	-1483.808	-1579.214	95.406	0.8403868	0.3485267	0.465455	0.534545	4.883788
9966	-1489.988	-1585.685	95.69659	0.6209022	0.5187758	0.357704	0.642296	4.669434
9972	-1484.66	-1580.184	95.52343	0.895143	0.4242576	0.399835	0.600165	4.704133
9978	-1491.13	-1585.34	94.20987	0.730127	0.5121234	0.316229	0.683771	5.439929
9984	-1476.871	-1571.216	94.34586	0.5859618	0.5171722	0.316229	0.683771	5.439929
10002	-1490.528	-1586.512	95.98351	0.8591813	0.7974943	0.565691	0.434309	4.157487
10008	-1488.515	-1584.262	95.7462	0.8548386	0.6671753	0.339199	0.660801	4.387401
10020	-1485.576	-1580.764	95.18838	0.6295603	0.5841328	0.504164	0.495836	4.892018
10026	-1486.536	-1580.061	93.52482	0.4893206	0.7247822	0.538287	0.461713	5.781134
10032	-1496.911	-1593.563	96.65287	0.8251907	0.7031552	0.531728	0.468272	3.861242
10038	-1488.467	-1585.038	96.57099	0.7544298	0.7695194	0.38873	0.61127	3.901056
10044	-1495.967	-1591.86	95.89324	0.7544298	0.5017112	0.260743	0.739257	4.499748
10050	-1483.799	-1579.429	95.62956	0.7544298	0.4517516	0.478506	0.521494	4.695606
10056	-1482.51	-1577.218	94.7077	0.7544766	0.5093749	0.533029	0.466971	5.154089
10062	-1493.933	-1590.785	96.85155	1.161109	0.3489001	0.405427	0.594573	3.885988
10068	-1487.224	-1585.051	97.82659	0.9790221	0.5994186	0.576164	0.423836	3.170032
10074	-1491.233	-1587.385	96.15169	0.73809	0.4920065	0.598933	0.401067	4.372393
10080	-1487.596	-1581.878	94.28225	0.6442614	0.6192901	0.413067	0.586933	5.357687
10086	-1483.195	-1578.326	95.13105	0.6442614	0.42175	0.4122	0.5878	5.06505
10092	-1489.13	-1584.936	95.80584	0.5991895	0.5501989	0.36352	0.63648	4.592572
10098	-1487.713	-1583.239	95.52609	0.8040815	0.7119277	0.36352	0.63648	4.506822
10104	-1484.312	-1579.668	95.35544	0.7750856	0.5302601	0.556364	0.443636	4.763733
10110	-1485.424	-1580.768	95.34387	0.5432219	0.498112	0.438057	0.561943	4.928521
10116	-1486.017	-1581.366	95.34933	0.6482816	0.4344826	0.398175	0.601825	4.928521
10122	-1478.015	-1573.786	95.77177	0.6655929	0.5235225	0.49651	0.50349	4.597975
10128	-1486.28	-1581.991	95.71086	0.6655929	0.5625519	0.496523	0.503477	4.597975
10134	-1478.78	-1574.458	95.67772	0.6655929	0.584624	0.569646	0.430354	4.597975
10140	-1478.083	-1571.847	93.76436	0.5859584	0.5372352	0.422648	0.577352	5.74169
10146	-1484.636	-1579.742	95.10684	0.3202843	0.6536364	0.448078	0.551922	5.054297
10152	-1471.844	-1566.971	95.12694	0.5059906	0.5150818	0.448078	0.551922	5.054297
10158	-1478.726	-1574.154	95.4283	0.6055276	0.4856957	0.515727	0.484273	4.858369
10164	-1476.55	-1571.181	94.63126	0.6055276	0.6846464	0.455578	0.544422	5.136709
10170	-1480.821	-1576.316	95.4953	0.5993907	0.7240746	0.455578	0.544422	4.630324
10176	-1480.6	-1576.267	95.66753	0.7208692	0.5180927	0.455578	0.544422	4.630324
10182	-1487.817	-1583.372	95.5552	0.8968334	0.479677	0.342577	0.657423	4.630324
10188	-1479.945	-1575.125	95.17997	0.7740504	0.4063744	0.432043	0.567957	4.981893
10194	-1489.213	-1585.285	96.0721	0.7954485	0.6108125	0.454149	0.545851	4.28106
10200	-1484.548	-1580.329	95.78128	0.590823	0.6856238	0.454149	0.545851	4.502516
10206	-1483.552	-1578.556	95.00382	0.590823	0.4492803	0.414839	0.585161	5.137437
10212	-1480.4	-1575.262	94.86177	0.6071523	0.5941767	0.521067	0.478933	5.077762
10218	-1479.323	-1574.414	95.0905	0.5325202	0.495355	0.521067	0.478933	5.077762
10224	-1484.184	-1579.45	95.26664	0.5067793	0.4614114	0.497821	0.502179	5.026426
10230	-1477.592	-1572.94	95.34835	0.4844238	0.4614114	0.517107	0.482893	4.99346
10236	-1475.273	-1571.212	95.9389	0.5916185	0.4559552	0.517107	0.482893	4.609355
10242	-1475.166	-1570.443	95.27699	0.5916185	0.4767536	0.497015	0.502985	4.958799
10248	-1477.225	-1573.214	95.98852	0.6500646	0.6125022	0.497015	0.502985	4.409062
10254	-1474.88	-1571.029	96.14899	0.7822925	0.7065278	0.420628	0.579372	4.171034
10260	-1475.591	-1571.604	96.01309	0.7822925	0.5087608	0.349645	0.650355	4.410037
10266	-1479.9	-1575.471	95.57077	0.5274227	0.4313657	0.544087	0.455913	4.875688
10272	-1491.205	-1585.02	93.81568	0.4644562	0.5834941	0.513092	0.486908	5.741449
10278	-1484.693	-1580.152	95.45838	0.66782	0.5235527	0.444481	0.555519	4.772121
10284	-1478.102	-1573.914	95.81184	0.5998013	0.7179724	0.562983	0.437017	4.456613
10290	-1475.775	-1571.367	95.59224	0.7133129	0.5917079	0.377138	0.622862	4.613296
10296	-1488.201	-1582.945	94.74476	0.7133129	0.5809804	0.532482	0.467518	5.094577
10302	-1493.949	-1588.409	94.45978	0.4843102	0.6167786	0.675103	0.324897	5.349968
10308	-1491.306	-1585.806	94.49977	0.3984727	0.6495424	0.558526	0.441474	5.349968
10314	-1479.064	-1574.649	95.585	0.7555629	0.6495424	0.486635	0.513365	4.547562
10320	-1479.228	-1574.691	95.46315	0.7555629	0.810899	0.529092	0.470908	4.501328
10326	-1478.951	-1575.157	96.20598	0.8416647	0.7060018	0.631506	0.368494	4.10524
10332	-1484.371	-1579.892	95.52121	0.7127349	0.6495187	0.561259	0.438741	4.607422
10338	-1499.509	-1593.539	94.02958	0.7127349	0.8194736	0.545312	0.454688	5.317887
10344	-1489.712	-1585.441	95.72916	0.7845618	0.4637466	0.545312	0.454688	4.611115
10350	-1497.124	-1591.098	93.97431	0.6491044	0.8485963	0.530597	0.469403	5.365087
10356	-1491.98	-1585.87	93.88999	0.5312105	0.5679399	0.52034	0.47966	5.676909
10362	-1480.767	-1574.325	93.55711	0.5182506	0.5859541	0.362657	0.637343	5.851508
10368	-1479.817	-1574.427	94.61014	0.6386814	0.5645292	0.414309	0.585691	5.22412
10374	-1480.002	-1573.644	93.64173	0.5070753	0.7921436	0.46143	0.53857	5.662041
10380	-1482.128	-1575.993	93.86518	0.6193948	0.4812459	0.63318	0.36682	5.718237
10386	-1483.353	-1578.617	95.26427	0.6990615	0.525332	0.443543	0.556457	4.861401
10392	-1487.253	-1581.971	94.71865	0.63876	0.5521214	0.394715	0.605285	5.174555
10398	-1494.421	-1590.051	95.63048	0.63876	0.6154942	0.40446	0.59554	4.614349
10404	-1484.703	-1578.173	93.4692	0.5370059	0.6850147	0.511363	0.488637	5.813653
10410	-1492.838	-1588.11	95.27185	0.7463269	0.6471047	0.398052	0.601948	4.730107
10416	-1485.75	-1581.605	95.85566	0.8854217	0.708627	0.398052	0.601948	4.277365
10422	-1485.279	-1579.334	94.05468	0.4506382	0.5073803	0.291288	0.708712	5.682996
10428	-1480.301	-1574.723	94.42178	0.7473055	0.5506948	0.370769	0.629231	5.279895
10434	-1476.907	-1573.019	96.11172	0.7473055	0.4231455	0.442044	0.557956	4.458073
10440	-1480.934	-1575.411	94.47692	0.5873393	0.72252	0.443525	0.556475	5.205023
10446	-1479.465	-1575.825	96.35938	0.5926735	0.5177888	0.529619	0.470381	4.313278
10452	-1482.548	-1578.198	95.65004	0.5398063	0.4009357	0.428793	0.571207	4.856439
10458	-1491.093	-1585.69	94.59785	0.4530171	0.7491677	0.579758	0.420242	5.193933
10464	-1485.908	-1579.71	93.80232	0.4134668	0.5234177	0.41035	0.58965	5.827321
10470	-1483.219	-1577.427	94.20862	0.5513988	0.5170091	0.41035	0.58965	5.534587
10476	-1496.876	-1589.65	92.77348	0.5262328	0.822636	0.372302	0.627698	6.1065
10482	-1486.153	-1581.146	94.99253	0.5703432	0.5743971	0.606599	0.393401	5.041896
10488	-1481.518	-1576.609	95.09077	0.5782532	0.5066465	0.606599	0.393401	5.041896
10494	-1481.389	-1576.611	95.22225	0.6221508	0.6318789	0.620809	0.379191	4.838947
10500	-1479.322	-1574.739	95.41758	0.487024	0.6318789	0.620809	0.379191	4.80536
10506	-1479.708	-1574.738	95.03036	0.487024	0.5046922	0.642986	0.357014	5.127762
10512	-1478.436	-1572.887	94.45024	0.6222518	0.6555788	0.474813	0.525187	5.249209
10518	-1477.625	-1573.252	95.62739	0.6126812	0.502357	0.427385	0.572615	4.727725
10524	-1488.84	-1584.299	95.45955	0.8497441	0.5806488	0.455506	0.544494	4.620365
10530	-1495.455	-1592.084	96.62855	1.054409	0.5859545	0.494857	0.505143	3.836661
10536	-1485.354	-1581.927	96.57244	1.054409	0.6224788	0.508565	0.491435	3.838538
10542	-1479.679	-1576.518	96.83882	0.8074325	0.5084751	0.543758	0.456242	3.926804
10548	-1489.848	-1584.587	94.73946	0.5268086	0.5084751	0.379217	0.620783	5.263261
10554	-1489.996	-1584.653	94.6576	0.5591269	0.5394305	0.419155	0.580845	5.263261
10560	-1495.29	-1591.811	96.52108	0.91352	0.5246737	0.395654	0.604346	4.032868
10566	-1485.078	-1581.384	96.3065	0.8606562	0.675447	0.432958	0.567042	4.060025
10572	-1488.773	-1584.562	95.78933	0.8361479	0.7457108	0.5287	0.4713	4.316218
10578	-1474.671	-1569.763	95.09208	0.7478454	0.5057513	0.448572	0.551428	4.947755
10584	-1478.902	-1573.793	94.89114	0.4905451	0.6547085	0.484632	0.515368	5.078693
10602	-1488.371	-1582.967	94.59551	0.8319216	0.7088436	0.340773	0.659227	5.013446
10608	-1490.867	-1587.288	96.42073	0.8948109	0.7454949	0.447455	0.552545	3.923638
10614	-1486.298	-1583.365	97.0661	0.8532133	0.5402233	0.446135	0.553865	3.740594
10620	-1498.691	-1596.103	97.41173	1.039571	0.914189	0.501283	0.498717	3.148625
10626	-1478.77	-1575.757	96.98733	1.010322	0.7254566	0.37488	0.62512	3.544324
10992	-1483.032	-1577.322	94.29048	0.4775374	0.5663085	0.584318	0.415682	5.487793
10998	-1486.097	-1580.47	94.37338	0.6759862	0.6668545	0.507254	0.492746	5.253537
11004	-1480.781	-1576.687	95.90559	0.6837449	0.5404546	0.522236	0.477764	4.497543
11010	-1479.217	-1576.276	97.05923	0.7871482	0.7622232	0.517034	0.482966	3.605649
11016	-1477.504	-1574.704	97.19959	0.9132998	0.5659043	0.621138	0.378862	3.605649
11022	-1482.238	-1579.2	96.96161	0.9632381	0.7000035	0.46141	0.53859	3.605649
11028	-1469.084	-1564.092	95.00749	0.7965175	0.6038629	0.48822	0.51178	4.883688
11034	-1482.373	-1576.589	94.21544	0.8498244	0.6018039	0.47013	0.52987	5.294978
11040	-1485.564	-1578.775	93.21085	0.5410316	0.637157	0.544053	0.455947	5.988051
11046	-1485.171	-1579.821	94.65004	0.3627531	0.6931794	0.413871	0.586129	5.254414
11052	-1481.086	-1575.689	94.60337	0.7265326	0.4799096	0.433255	0.566745	5.254414
11058	-1487.254	-1582.247	94.99284	0.5435739	0.3726421	0.46976	0.53024	5.250015
11064	-1489.312	-1583.228	93.91662	0.558621	0.5970454	0.454095	0.545905	5.623554
11070	-1490.712	-1585.6	94.88843	0.4633703	0.6095697	0.600398	0.399602	5.13031
11076	-1485.524	-1582.148	96.62432	0.7238726	0.6095697	0.514231	0.485769	4.008772
11082	-1477.94	-1573.964	96.02399	0.6393395	0.5623946	0.51408	0.48592	4.436812
11088	-1481.292	-1575.011	93.7191	0.6038546	0.5498292	0.616293	0.383707	5.745919
11094	-1486.256	-1580.311	94.05441	0.7278012	0.5457644	0.571858	0.428142	5.497329
11100	-1477.475	-1571.354	93.87895	0.7191083	0.6735328	0.43568	0.56432	5.497395
11106	-1485.599	-1579.584	93.98418	0.5451474	0.7448282	0.447985	0.552015	5.484627
11112	-1477.745	-1573.888	96.14279	0.7065699	0.6176008	0.547793	0.452207	4.285863
11118	-1479.492	-1573.869	94.37772	0.7704104	0.5881059	0.493947	0.506053	5.260275
11124	-1487.709	-1583.345	95.63563	0.8098759	0.869163	0.493947	0.506053	4.336052
11130	-1477.346	-1573.256	95.91008	0.7519188	0.6896861	0.490951	0.509049	4.336052
11136	-1476.001	-1571.226	95.22513	0.5136708	0.5734556	0.488415	0.511585	4.944929
11142	-1478.412	-1572.684	94.27121	0.6158916	0.5734556	0.437563	0.562437	5.416306
11148	-1473.677	-1568.801	95.12354	0.674291	0.642741	0.437563	0.562437	4.856477
11154	-1478.97	-1571.832	92.86201	0.448883	0.5813963	0.373663	0.626337	6.271804
11160	-1483.703	-1577.562	93.85856	0.7700752	0.8326471	0.329734	0.670266	5.372216
11166	-1488.648	-1584.9	96.25223	0.8273937	0.6517014	0.433983	0.566017	4.128173
11172	-1483.697	-1579.105	95.40811	0.5963324	0.5673162	0.479763	0.520237	4.802078
11178	-1484.654	-1578.721	94.0678	0.5986219	0.5095769	0.618917	0.381083	5.592632
11184	-1488.958	-1585.868	96.91039	0.9653413	0.6477638	0.672775	0.327225	3.674632
11712	-1491.569	-1587.422	95.85263	0.6586099	0.6475867	0.393762	0.606238	4.453067
11718	-1487.038	-1580.242	93.20438	0.7171721	0.6475867	0.438004	0.561996	5.887533
11910	-1498.676	-1592.656	93.98067	0.5095673	0.6509386	0.521751	0.478249	5.573478
11916	-1490.268	-1585.414	95.14534	0.4624755	0.5070861	0.455542	0.544458	5.075453
11922	-1478.267	-1572.963	94.69579	0.6834081	0.4122371	0.455542	0.544458	5.294138
11928	-1479.048	-1574.533	95.48493	0.6834081	0.6624054	0.483431	0.516569	4.634352
11934	-1482.215	-1575.843	93.62748	0.3057467	0.5810539	0.483431	0.516569	5.933136
11940	-1487.739	-1581.413	93.67383	0.3519001	0.521186	0.483431	0.516569	5.933136
11946	-1478.594	-1574.027	95.43255	0.6077609	0.5750592	0.474674	0.525326	4.775546
11952	-1486.888	-1582.06	95.17127	0.4689629	0.6579703	0.409651	0.590349	4.932604
11958	-1487.647	-1582.997	95.34927	0.6102902	0.5091375	0.385125	0.614875	4.878073
11964	-1475.949	-1571.106	95.15692	0.7042092	0.5719728	0.326027	0.673973	4.878073
11970	-1480.715	-1576.543	95.82854	0.5771817	0.4927877	0.428487	0.571513	4.643894
11976	-1484.818	-1579.181	94.36271	0.458588	0.6264862	0.420502	0.579498	5.410066
11982	-1482.635	-1577.376	94.74109	0.6352161	0.6784863	0.510401	0.489599	5.063897
11988	-1480.313	-1575.106	94.79321	0.4915748	0.6168075	0.590287	0.409713	5.161682
11994	-1486.363	-1581.301	94.93779	0.5223588	0.6184042	0.421669	0.578331	5.063237
12000	-1484.577	-1581.044	96.4667	0.7432143	0.6621188	0.477548	0.522452	4.045858
12006	-1484.566	-1579.974	95.40885	0.5479025	0.66294	0.492595	0.507405	4.75236
12012	-1486.958	-1582.451	95.49278	0.5991402	0.568342	0.42056	0.57944	4.75236
12018	-1478.289	-1572.063	93.77332	0.414299	0.6028333	0.45316	0.54684	5.776584
12024	-1487.291	-1583.135	95.8438	0.5785336	0.555565	0.380127	0.619873	4.578217
12030	-1483.356	-1577.007	93.65029	0.4516857	0.730717	0.534324	0.465676	5.728928
12036	-1478.635	-1573.059	94.42324	0.5256011	0.4605619	0.444166	0.555834	5.482925
12042	-1479.952	-1573.928	93.97624	0.5256011	0.6449708	0.538597	0.461403	5.571617
12048	-1480.295	-1574.325	94.02989	0.6390826	0.6449708	0.573805	0.426195	5.479737
12054	-1490.605	-1585.63	95.02476	0.4984936	0.5811806	0.618766	0.381234	5.058264
12060	-1482.445	-1577.511	95.06517	0.5186058	0.5811806	0.389639	0.610361	5.024669
12066	-1480.822	-1576.294	95.47257	0.7551571	0.5558953	0.389639	0.610361	4.68701
12072	-1485.519	-1580.602	95.08322	0.5292742	0.597766	0.441232	0.558768	4.995156
12078	-1499.7	-1596.16	96.46032	0.4696002	0.5578963	0.441431	0.558569	4.290142
12084	-1486.256	-1580.851	94.59472	0.5502728	0.800043	0.523462	0.476538	5.107759
12090	-1479.147	-1575.562	96.41482	0.9238171	0.7849575	0.523462	0.476538	3.882798
12096	-1483.963	-1581.121	97.15738	1.135591	0.9277707	0.531245	0.468755	3.233939
12102	-1488.307	-1586.923	98.61608	1.143704	0.598149	0.455406	0.544594	2.593504
12108	-1482.9	-1581.151	98.2504	1.011856	0.8098566	0.598855	0.401145	2.730159
12114	-1479.026	-1577.399	98.37235	1.05202	0.6797131	0.482447	0.517553	2.730159
12120	-1480.078	-1577.169	97.09074	0.9877515	0.5904518	0.578011	0.421989	3.604349
12126	-1488.288	-1585.32	97.03242	0.988057	0.4927157	0.322007	0.677993	3.726536
12132	-1491.175	-1588.421	97.24588	0.9351666	0.8756186	0.529203	0.470797	3.333192
12138	-1490.419	-1586.586	96.16716	0.7507778	0.5072359	0.616367	0.383633	4.342262
12144	-1497.705	-1592.964	95.25825	0.6540463	0.6141012	0.488055	0.511945	4.815111
12234	-1489.069	-1583.309	94.24053	0.4743269	0.7730865	0.348513	0.651487	5.363347
12264	-1484.259	-1578.594	94.33487	0.7663676	0.5517294	0.546452	0.453548	5.316472
12270	-1486.332	-1580.774	94.44237	0.5222635	0.4926669	0.492279	0.507721	5.444021
12276	-1488.196	-1583.19	94.99427	0.3526223	0.4926669	0.476042	0.523958	5.233139
12282	-1487.751	-1582.619	94.86764	0.4151433	0.5098656	0.491041	0.508959	5.252883
12288	-1494.265	-1587.838	93.57332	0.6501462	0.5077266	0.53592	0.46408	5.837008
12294	-1493.361	-1587.255	93.8938	0.5997281	0.7101544	0.53592	0.46408	5.528443
12300	-1490.747	-1587.246	96.49939	0.8795407	0.6542616	0.371492	0.628508	3.95539
12306	-1486.252	-1580.961	94.70898	0.8795407	0.5555373	0.299835	0.700165	5.043546
12312	-1485.372	-1579.658	94.2857	0.5272294	0.8029414	0.448975	0.551025	5.289568
12318	-1483.832	-1578.593	94.76079	0.5096252	0.6211061	0.442898	0.557102	5.166257
12324	-1488.253	-1583.271	95.01807	0.6414672	0.6799916	0.411797	0.588203	4.90538
12330	-1487.432	-1581.888	94.45632	0.5694094	0.550591	0.455634	0.544366	5.359097
12336	-1494.795	-1590.266	95.47039	0.5694094	0.6583076	0.567897	0.432103	4.709443
12342	-1490.117	-1585.742	95.62488	0.6440987	0.5046582	0.513662	0.486338	4.709443
12348	-1484.517	-1579.651	95.13484	0.5967062	0.5101111	0.523417	0.476583	5.004035
12354	-1479.344	-1574.883	95.53891	0.9123676	0.6362159	0.535783	0.464217	4.495684
12360	-1488.875	-1585.818	96.94238	0.8548704	0.6161928	0.337082	0.662918	3.745543
12366	-1489.756	-1585.314	95.55829	0.6444529	0.6161928	0.520407	0.479593	4.651058
12372	-1495.206	-1591.684	96.47889	0.8379004	0.8066316	0.60585	0.39415	3.880596
12378	-1489.697	-1586.431	96.73343	0.782567	0.4676216	0.537671	0.462329	4.040574
12384	-1483.235	-1579.43	96.19466	0.9667978	0.9624755	0.46791	0.53209	3.871575
12390	-1489.74	-1585.71	95.96979	0.9072367	0.5741685	0.49998	0.50002	4.306119
12396	-1495.41	-1591.217	95.80664	1.035021	0.4069623	0.462473	0.537527	4.484973
12402	-1490.156	-1586.566	96.41062	0.7849675	0.5337883	0.294376	0.705624	4.16074
12408	-1488.582	-1584.266	95.68429	0.6722525	0.5335861	0.457814	0.542186	4.634321
12414	-1486.33	-1583.988	97.65817	0.8523299	0.4328825	0.439366	0.560634	3.502801
12420	-1488.968	-1585.535	96.56698	0.7924639	0.6588363	0.484264	0.515736	3.962971
12426	-1500.034	-1595.604	95.57066	0.7081969	0.5930616	0.367507	0.632493	4.627148
12432	-1493.023	-1587.578	94.55544	0.6824459	0.5930616	0.422364	0.577636	5.206629
12438	-1475.441	-1570.398	94.95704	0.6209348	0.6705418	0.413176	0.586824	4.957782
12444	-1479.411	-1573.882	94.47069	0.4639081	0.7219672	0.431921	0.568079	5.277079
12450	-1485.152	-1579.463	94.31073	0.6400974	0.4529171	0.402479	0.597521	5.489234
12456	-1478.685	-1574.447	95.76161	0.8290975	0.5274333	0.476963	0.523037	4.508335
12462	-1486.408	-1583.786	97.37785	1.083389	0.7004495	0.40044	0.59956	3.291598
12468	-1490.024	-1587.813	97.78871	1.04501	0.516912	0.402753	0.597247	3.22828
12492	-1497.13	-1591.84	94.71018	0.797982	0.8667242	0.451249	0.548751	4.863471
12498	-1501.168	-1595.456	94.28789	0.797982	0.8798031	0.410516	0.589484	5.090163
12504	-1502.315	-1597.93	95.61489	0.7857522	0.4820346	0.320076	0.679924	4.656878
12534	-1481.711	-1577.256	95.54494	0.7051261	0.4853185	0.589716	0.410284	4.738027
12552	-1501.977	-1596.954	94.97747	0.5373452	0.5546854	0.239627	0.760373	5.085162
12558	-1483.701	-1578.707	95.00582	0.5152974	0.5221098	0.51349	0.48651	5.110026
12582	-1488.02	-1582.502	94.4824	0.6213071	0.623795	0.375078	0.624922	5.256352
12588	-1484.735	-1578.87	94.13502	0.6882061	0.542489	0.375781	0.624219	5.477573
12594	-1491.308	-1585.432	94.12409	0.7293384	0.5065676	0.345242	0.654758	5.492564
12600	-1483.746	-1578.976	95.22949	0.7084388	0.4714802	0.338463	0.661537	4.925271
12606	-1481.745	-1578.168	96.42284	0.8186599	0.5205007	0.48893	0.51107	4.146677
12612	-1487.314	-1583.293	95.97908	0.7170032	0.4460525	0.544625	0.455375	4.526271
12618	-1491.869	-1587.302	95.43235	0.7126588	0.4980738	0.587095	0.412905	4.784796
12624	-1486.492	-1581.449	94.95668	0.5734038	0.6262575	0.459401	0.540599	5.018243
12630	-1490.494	-1585.273	94.77928	0.5079165	0.5314497	0.472199	0.527801	5.231266
12636	-1485.103	-1579.936	94.83337	0.4589033	0.5282523	0.494138	0.505862	5.231266
12654	-1488.032	-1585.275	97.24273	0.7616449	0.5226854	0.436399	0.563601	3.707513
12660	-1484.525	-1579.395	94.87006	0.8232923	0.5317963	0.533685	0.466315	5.005897
12666	-1487.247	-1581.338	94.09094	0.9091771	0.9286457	0.554763	0.445237	5.108503
12672	-1489.666	-1585.777	96.11168	1.024518	0.7027626	0.554763	0.445237	4.057178
12678	-1491.257	-1587.541	96.28468	1.01541	0.7431891	0.37809	0.62191	3.934137
12684	-1482.663	-1579.631	96.96757	1.015551	0.7063332	0.507168	0.492832	3.567021
12690	-1479.709	-1575.843	96.13407	0.7152713	0.5209503	0.376452	0.623548	4.368447
12696	-1478.736	-1574.358	95.62162	0.6448464	0.4465923	0.549143	0.450857	4.766446
12702	-1482.464	-1578.923	96.45877	0.7864246	0.50128	0.426618	0.573382	4.162371
12708	-1481.891	-1578.349	96.45757	0.8727228	0.5621889	0.506152	0.493848	4.058989
12714	-1490.171	-1583.779	93.60779	0.8383499	0.864714	0.374689	0.625311	5.45279
12720	-1479.236	-1573.889	94.65302	0.7051949	0.6836253	0.38639	0.61361	5.070147
12726	-1487.472	-1583.92	96.44814	0.7051949	0.4591323	0.481305	0.518695	4.255175
12732	-1486.441	-1582.71	96.26833	0.8239447	0.4948626	0.465121	0.534879	4.255175
12738	-1491.246	-1587.612	96.36662	0.8239447	0.5341564	0.342503	0.657497	4.163262
12744	-1490.851	-1585.532	94.68104	0.7205946	0.5823966	0.538821	0.461179	5.124696
12750	-1492.354	-1587.308	94.95426	0.5882766	0.422668	0.5411	0.4589	5.193069
12756	-1491.092	-1585.857	94.76476	0.6723857	0.4522668	0.587748	0.412252	5.221665
12762	-1485.971	-1579.913	93.94197	0.7240927	0.427959	0.450519	0.549481	5.67038
12768	-1485.665	-1581.671	96.00585	0.8372041	0.4098175	0.54019	0.45981	4.48114
12774	-1482.523	-1578.182	95.65948	0.7593174	0.6778894	0.526501	0.473499	4.482014
12780	-1481.728	-1577.85	96.12178	0.7593174	0.5461584	0.458704	0.541296	4.327999
12786	-1482.92	-1578.233	95.31271	0.7593174	0.7662971	0.410026	0.589974	4.613596
12792	-1487.098	-1583.066	95.96822	0.7593174	0.5276787	0.485938	0.514062	4.431087
12798	-1478.831	-1573.237	94.40521	0.6843594	0.6129248	0.526316	0.473684	5.272706
12804	-1480.559	-1575.817	95.25882	0.6586849	0.6037919	0.405929	0.594071	4.820478
12810	-1486.73	-1582.522	95.79247	0.6526799	0.5156117	0.45561	0.54439	4.600753
12816	-1488.038	-1583.78	95.74153	0.5507211	0.6425908	0.386387	0.613613	4.58007
12822	-1492.93	-1585.597	92.66649	0.3545122	0.6215084	0.423862	0.576138	6.397563
12828	-1499.259	-1592.691	93.43211	0.2737012	0.7031222	0.633027	0.366973	5.96483
12834	-1493.224	-1588.265	95.04173	0.5675067	0.5990848	0.527187	0.472813	4.995901
12840	-1490.096	-1585.864	95.76758	0.5798041	0.6888935	0.471782	0.528218	4.513991
12846	-1477.104	-1571.671	94.56713	0.4516314	0.6176606	0.471782	0.528218	5.30807
12852	-1482.643	-1579.991	97.34843	0.8105543	0.7308101	0.519159	0.480841	3.446243
12858	-1481.116	-1578.236	97.11967	0.7859481	0.4484674	0.466428	0.533572	3.836704
12864	-1483.794	-1580.958	97.16418	0.6431249	0.5858342	0.466428	0.533572	3.76517
12870	-1480.057	-1575.874	95.81671	0.6425079	0.5398495	0.417492	0.582508	4.571196
12876	-1476.025	-1570.941	94.91513	0.6206022	0.4533023	0.587886	0.412114	5.166108
12882	-1487.077	-1581.877	94.80003	0.5340408	0.6940591	0.488316	0.511684	5.075922
12888	-1491.597	-1586.762	95.16552	0.5782062	0.6351332	0.524657	0.475343	4.892511
12894	-1483.991	-1579.304	95.31297	0.7666934	0.6587479	0.562896	0.437104	4.686797
12900	-1484.733	-1578.749	94.01559	0.6925696	0.7828948	0.51267	0.48733	5.360525
12906	-1479.147	-1573.272	94.12485	0.565464	0.7978793	0.599727	0.400273	5.360525
12912	-1483.985	-1579.882	95.89731	0.881081	0.7978793	0.517059	0.482941	4.193756
12918	-1483.583	-1579.434	95.85115	0.7361578	0.7367483	0.483541	0.516459	4.344118
12924	-1484.189	-1579.518	95.3289	0.5497986	0.6598792	0.52303	0.47697	4.798269
12930	-1498.292	-1592.475	94.18275	0.6289841	0.673262	0.454191	0.545809	5.379941
12936	-1484.087	-1578.381	94.29387	0.4290837	0.4782095	0.454191	0.545809	5.590318
12942	-1498.992	-1592.701	93.70859	0.7086211	0.8281499	0.550559	0.449441	5.491494
12948	-1486.4	-1580.961	94.5601	0.5408061	0.6228319	0.487581	0.512419	5.258651
12954	-1490.515	-1584.951	94.436	0.547091	0.5267764	0.571942	0.428058	5.403202
12960	-1505.629	-1601.528	95.89878	0.4827287	0.4576619	0.537426	0.462574	4.691153
12966	-1487.377	-1581.879	94.50217	0.5798105	0.4576619	0.553569	0.446431	5.412428
12972	-1481.167	-1576.292	95.12425	0.5490891	0.4853836	0.515545	0.484455	5.059118
12978	-1489.182	-1583.189	94.00695	0.6225825	0.7598344	0.515545	0.484455	5.419265
12984	-1485.989	-1579.739	93.75059	0.5106715	0.6257321	0.512354	0.487646	5.718327
12990	-1485.257	-1579.761	94.50356	0.456746	0.6421904	0.512354	0.487646	5.321325
12996	-1480.337	-1575.017	94.68027	0.5368422	0.588555	0.349638	0.650362	5.22178
13002	-1477.38	-1570.838	93.45739	0.4873265	0.6535686	0.441898	0.558102	5.870392
13008	-1481.629	-1576.337	94.70781	0.5441174	0.5444973	0.467361	0.532639	5.239432
13014	-1483.799	-1576.812	93.0131	0.6481086	0.464398	0.528872	0.471128	6.183517
13020	-1483.635	-1580.059	96.42437	0.7609242	0.7488502	0.447516	0.552484	3.995792
13026	-1494.708	-1590.147	95.43909	0.8811626	0.607002	0.333307	0.666693	4.592566
13032	-1488.922	-1584.418	95.49558	0.6820939	0.4499182	0.543265	0.456735	4.812708
13038	-1488.257	-1583.971	95.71431	0.8424136	0.6455126	0.460249	0.539751	4.429048
13044	-1479.346	-1574.523	95.17655	0.5371377	0.5716323	0.376198	0.623802	4.960423
13050	-1477.919	-1572.996	95.07709	0.6337944	0.5716323	0.502313	0.497687	4.96198
13056	-1485.99	-1580.247	94.25733	0.3975686	0.6055681	0.486524	0.513476	5.518074
13080	-1495.381	-1591.75	96.36952	0.6923108	0.3988404	0.55799	0.44201	4.369656
13086	-1490.242	-1586.756	96.51442	0.6595778	0.3988404	0.496886	0.503114	4.306265
13224	-1483.628	-1579.864	96.23539	0.5840644	0.5638972	0.473373	0.526627	4.347434
13230	-1484.326	-1579.765	95.43928	0.6115794	0.5638972	0.459206	0.540794	4.779063
13236	-1482.82	-1577.364	94.54391	0.561144	0.626067	0.558224	0.441776	5.253836
13242	-1493.351	-1588.482	95.13038	0.4185911	0.532347	0.557383	0.442617	5.085543
13248	-1497.765	-1591.601	93.83616	0.2721659	0.6632983	0.385466	0.614534	5.773663
13254	-1492.09	-1586.555	94.46444	0.08765279	0.4989131	0.339056	0.660944	5.66499
13272	-1486.585	-1580.665	94.08012	0.4177892	0.7913352	0.440595	0.559405	5.470791
13278	-1482.694	-1576.85	94.15593	0.6114107	0.5874322	0.346778	0.653222	5.470791
13284	-1491.937	-1586.835	94.89721	0.6765921	0.5874322	0.508859	0.491141	5.025067
13302	-1489.255	-1583.342	94.08663	0.5784564	0.583618	0.357978	0.642022	5.530129
13308	-1490.281	-1585.668	95.38697	0.6436502	0.6913073	0.371049	0.628951	4.689904
13314	-1482.109	-1576.819	94.71068	0.3880154	0.6220436	0.535146	0.464854	5.260492
13320	-1488.636	-1583.119	94.4824	0.3060975	0.5708051	0.552216	0.447784	5.472789
13326	-1487.175	-1582.341	95.16557	0.5775735	0.789221	0.471572	0.528428	4.782164
13332	-1492.451	-1586.396	93.94591	0.4250676	0.4506539	0.430998	0.569002	5.809523
13338	-1496.082	-1590.297	94.21533	0.501775	0.583228	0.590599	0.409401	5.501849
13344	-1498.739	-1593.154	94.41496	0.7173462	0.7077169	0.590599	0.409401	5.177866
13350	-1496.094	-1589.17	93.07552	0.3856218	0.6147259	0.450746	0.549254	6.163696
13356	-1481.269	-1575.483	94.21457	0.2396446	0.7913076	0.537104	0.462896	5.494848
13362	-1487.671	-1581.524	93.85292	0.4651473	0.5125248	0.461904	0.538096	5.780972
13368	-1482.248	-1577.537	95.28867	0.6709015	0.5751178	0.596763	0.403237	4.820565
13374	-1477.811	-1575.134	97.32369	0.9768365	0.5857632	0.518438	0.481562	3.479102
13380	-1476.644	-1572.608	95.96378	0.6872797	0.8568373	0.518438	0.481562	4.227475
13386	-1475.754	-1569.84	94.08517	0.7005798	0.9238608	0.376166	0.623834	5.229975
13392	-1481.883	-1577.403	95.52071	0.6276294	0.5364506	0.488515	0.511485	4.748314
13398	-1488.877	-1583.753	94.87533	0.8158662	0.563281	0.33457	0.66543	4.979947
13404	-1491.383	-1585.677	94.29385	0.7446764	0.5190522	0.373546	0.626454	5.379473
13410	-1486.729	-1581.236	94.50785	0.6585874	0.7517141	0.552419	0.447581	5.128205
13416	-1491.937	-1585.705	93.7682	0.7037812	0.5749726	0.508689	0.491311	5.643254
13434	-1488.339	-1581.94	93.60094	0.4967205	0.5392939	0.454306	0.545694	5.878146
13440	-1476.328	-1570.942	94.61408	0.5455866	0.3997368	0.492516	0.507484	5.428348
13446	-1480.898	-1575.241	94.3426	0.5226708	0.5432734	0.492516	0.507484	5.453761
13452	-1494.717	-1589.3	94.58277	0.5473627	0.5432734	0.616921	0.383079	5.307762
13458	-1485.25	-1580.235	94.98516	0.4224244	0.5732365	0.662501	0.337499	5.128975
13464	-1484.688	-1579.415	94.72743	0.6106914	0.5661406	0.461137	0.538863	5.173365
13470	-1487.272	-1581.678	94.406	0.5086101	0.5466436	0.4041	0.5959	5.423705
13476	-1491.544	-1586.04	94.4953	0.8453848	0.5807619	0.354324	0.645676	5.159794
13482	-1484.002	-1578.466	94.46449	0.7030973	0.5807619	0.39744	0.60256	5.25554
13488	-1484.905	-1578.725	93.82002	0.6250766	0.7595926	0.472829	0.527171	5.520925
13494	-1485.194	-1579.865	94.67167	0.565024	0.6076057	0.518127	0.481873	5.195598
13500	-1478.262	-1572.393	94.13129	0.5864449	0.5044835	0.543473	0.456527	5.56903
13506	-1477.959	-1572.523	94.56378	0.5404304	0.7443526	0.446013	0.553987	5.167723
13512	-1477.287	-1571.318	94.03166	0.5907457	0.6594067	0.590359	0.409641	5.494477
13518	-1483.568	-1576.158	92.59016	0.4904302	0.599532	0.520158	0.479842	6.382358
13524	-1486.448	-1582.832	96.3845	0.5391151	0.4197084	0.486398	0.513602	4.425288
13530	-1484.77	-1580.571	95.80166	0.5391151	0.5034919	0.473389	0.526611	4.670332
13536	-1474.301	-1569.711	95.41025	0.591079	0.5041417	0.518207	0.481793	4.85936
13542	-1485.491	-1579.402	93.91035	0.6352022	0.6447898	0.455867	0.544133	5.54774
13548	-1488.932	-1583.847	94.91499	0.4559349	0.6747227	0.476893	0.523107	5.069663
13554	-1483.915	-1578.18	94.26454	0.451351	0.4782202	0.480134	0.519866	5.59419
13614	-1486.097	-1580.018	93.92094	0.4482115	0.5248365	0.643571	0.356429	5.742139
13632	-1479.36	-1573.005	93.64495	0.5588458	0.5775947	0.498577	0.501423	5.788051
13638	-1480.411	-1575.477	95.06659	0.6814026	0.5294661	0.496852	0.503148	4.977586
13644	-1485.184	-1579.043	93.85927	0.1441056	0.4725583	0.475896	0.524104	5.989427
13650	-1479.072	-1573.853	94.78126	0.1719534	0.4725583	0.526101	0.473899	5.469063
13656	-1484.096	-1576.779	92.68264	0.2027113	0.4725583	0.525134	0.474866	6.59673
13662	-1477.924	-1571.697	93.77323	0.4687667	0.6251526	0.543472	0.456528	5.729329
13668	-1482.279	-1576.979	94.69977	0.7430155	0.6251526	0.543546	0.456454	5.067562
13674	-1485.402	-1578.615	93.21264	0.5622348	0.7291423	0.595605	0.404395	5.908941
13680	-1480.22	-1574.166	93.94695	0.5034447	0.4458139	0.529483	0.470517	5.770784
13686	-1489.638	-1583.098	93.45925	0.6369523	0.365443	0.358103	0.641897	6.04821
13692	-1487.698	-1582.681	94.98264	0.5651273	0.4528823	0.466902	0.533098	5.159852
13698	-1480.338	-1574.745	94.40671	0.5404839	0.4610528	0.495468	0.504532	5.483354
13704	-1483.253	-1577.701	94.44801	0.4827852	0.4715227	0.474745	0.525255	5.482381
13710	-1480.289	-1575.293	95.00413	0.5255711	0.5726571	0.456017	0.543983	5.061758
13716	-1487.877	-1583.895	96.01836	0.7434736	0.5385238	0.456017	0.543983	4.402084
13722	-1495.709	-1591.431	95.72211	0.7479703	0.748419	0.468416	0.531584	4.402084
13728	-1487.414	-1581.586	94.17286	0.7479703	0.5285355	0.516896	0.483104	5.435949
13734	-1484.714	-1578.915	94.20166	0.8565737	0.7354373	0.516896	0.483104	5.199332
13740	-1495.536	-1591.192	95.65581	0.85107	0.6778076	0.427061	0.572939	4.432472
13746	-1482.135	-1577.476	95.34122	0.5682084	0.485544	0.479503	0.520497	4.927787
13752	-1479.778	-1573.287	93.50804	0.4620982	0.5671234	0.469014	0.530986	5.92439
13758	-1493.54	-1588.986	95.4467	0.6850419	0.4270078	0.483098	0.516902	4.861457
13764	-1477.33	-1573.549	96.21951	0.909193	0.4849652	0.497917	0.502083	4.243943
13770	-1476.884	-1572.133	95.24889	1.194207	0.8355127	0.353673	0.646327	4.35883
13776	-1473.459	-1569.57	96.11112	0.8631432	0.512764	0.453183	0.546817	4.305318
13782	-1484.244	-1580.589	96.34478	1.030862	0.5681735	0.384879	0.615121	4.027937
13788	-1490.378	-1585.463	95.08523	0.767646	0.3908075	0.479525	0.520475	5.054766
13794	-1489.313	-1585.655	96.34181	0.6627019	0.4125776	0.537238	0.462762	4.387205
13800	-1480.878	-1576.105	95.22766	0.6462375	0.607491	0.406369	0.593631	4.841817
13806	-1493.123	-1587.058	93.93565	0.7234593	0.5816033	0.54051	0.45949	5.535063
13812	-1494.092	-1589.654	95.56138	0.5698286	0.5965959	0.514697	0.485303	4.706939
13818	-1498.065	-1593.865	95.79949	0.7691995	0.4983869	0.554902	0.445098	4.547236
13824	-1505.998	-1602.28	96.28127	0.5023123	0.4640016	0.504132	0.495868	4.459217
13830	-1495.322	-1591.889	96.5669	0.7984218	0.4771144	0.390741	0.609259	4.117129
13836	-1494.935	-1590.019	95.08432	0.822483	0.6852488	0.32728	0.67272	4.763599
13842	-1488.744	-1583.538	94.79421	0.3651776	0.6311698	0.443234	0.556766	5.219835
13848	-1483.947	-1578.259	94.31234	0.6141023	0.6567988	0.477968	0.522032	5.328936
13992	-1491.945	-1588.038	96.09285	0.5624603	0.3895262	0.508438	0.491562	4.608599
13998	-1482.528	-1577.43	94.90246	0.607985	0.5818338	0.48504	0.51496	5.06483
14004	-1495.824	-1591.735	95.91067	0.5647288	0.573635	0.528958	0.471042	4.533011
14022	-1499.876	-1594.076	94.19919	0.4845055	0.6326482	0.475516	0.524484	5.481062
14028	-1497.613	-1592.394	94.78119	0.3899228	0.437799	0.475516	0.524484	5.382846
14034	-1492.545	-1587.728	95.1823	0.6072898	0.4176707	0.422636	0.577364	5.061351
14040	-1493.142	-1589.22	96.07814	0.5788869	0.4176707	0.33209	0.66791	4.577382
14046	-1495.25	-1590.688	95.43828	0.7944196	0.6903012	0.395681	0.604319	4.577382
14052	-1502.488	-1599.094	96.60552	0.8364024	0.4976117	0.403602	0.596398	4.05383
14058	-1497.608	-1593.682	96.07327	0.7019601	0.5309251	0.422053	0.577947	4.401288
14064	-1489.705	-1587.459	97.75421	0.895612	0.6708702	0.334862	0.665138	3.20324
14070	-1484.304	-1580.155	95.85114	0.7073634	0.5887492	0.515949	0.484051	4.473627
14076	-1491.107	-1589.061	97.95444	0.7490803	0.6175384	0.331815	0.668185	3.215096
14082	-1488.08	-1583.859	95.77951	0.5530011	0.4747942	0.442252	0.557748	4.701927
14088	-1496.594	-1591.938	95.34404	0.5790786	0.7515333	0.60549	0.39451	4.707138
14094	-1505.486	-1600.044	94.55808	0.9675942	1.001245	0.581868	0.418132	4.774638
14100	-1495.09	-1590.244	95.15399	0.6868094	0.4491498	0.39791	0.60209	5.001017
14106	-1498.161	-1596.026	97.86446	1.017089	0.4791374	0.418069	0.581931	3.237043
14112	-1494.045	-1588.968	94.92299	0.6944358	0.6729011	0.559463	0.440537	4.934078
14118	-1490.801	-1586.193	95.39137	0.6645585	0.36729	0.345008	0.654992	4.968091
14124	-1499.197	-1594.439	95.24215	0.3925904	0.6165641	0.358946	0.641054	4.967728
14130	-1498.777	-1592.479	93.70239	0.3956694	0.6165641	0.521962	0.478038	5.814791
14136	-1486.22	-1580.336	94.1159	0.4739389	0.4481462	0.478851	0.521149	5.692113
14142	-1479.611	-1575.087	95.4762	0.6324355	0.4493009	0.465194	0.534806	4.851821
14148	-1478.943	-1573.182	94.2385	0.7066793	0.6216977	0.603175	0.396825	5.345507
14190	-1480.984	-1577.582	96.5985	0.8594902	0.5082093	0.48451	0.51549	4.034708
14196	-1490.278	-1586.064	95.78641	0.8560831	0.658595	0.48451	0.51549	4.370562
14202	-1489.618	-1584.428	94.80935	0.7238998	0.5413814	0.491516	0.508484	5.086377
14208	-1488.119	-1582.761	94.64272	0.7352593	0.5123178	0.491516	0.508484	5.198037
14214	-1491.835	-1586.912	95.07769	0.9082128	0.8147028	0.502137	0.497863	4.62956
14220	-1498.839	-1593.445	94.60586	0.8474502	0.9053366	0.535636	0.464364	4.870487
14226	-1482.213	-1578.481	96.2676	0.7854227	0.4999629	0.501662	0.498338	4.272618
14232	-1487.3	-1582.881	95.5808	0.7492504	0.6320648	0.523768	0.476232	4.567078
14238	-1481.312	-1575.681	94.36895	0.6426708	0.5496351	0.524601	0.475399	5.367692
14244	-1473.785	-1569.419	95.63374	0.5222439	0.562446	0.379027	0.620973	4.72155
14250	-1487.531	-1581.243	93.71131	0.5412368	0.4328935	0.379027	0.620973	5.891763
14256	-1483.747	-1579.223	95.47611	0.6610304	0.6384109	0.400627	0.599373	4.670279
14262	-1476.956	-1571.446	94.48976	0.6315178	0.6312543	0.564148	0.435852	5.240835
14268	-1482.749	-1578.198	95.44927	0.8288569	0.7258751	0.454838	0.545162	4.526079
14274	-1481.663	-1578.315	96.65164	1.119049	0.6318348	0.51324	0.48676	3.74811
14280	-1494.665	-1592.908	98.24258	1.119049	0.6318348	0.385428	0.614572	2.808301
14286	-1484.068	-1581.379	97.31078	0.9824578	0.733771	0.386952	0.613048	3.365382
14292	-1484.397	-1581.009	96.61204	1.098298	0.4876624	0.467308	0.532692	3.909851
14298	-1473.9	-1571.722	97.8221	1.098298	0.7857803	0.354115	0.645885	2.954877
14304	-1466.426	-1562.971	96.54443	1.098298	0.6149874	0.474111	0.525889	3.835536
14310	-1470.764	-1563.841	93.07632	0.421102	0.6275307	0.54582	0.45418	6.134071
14316	-1477.184	-1570.646	93.46191	0.9371499	0.6417875	0.403688	0.596312	5.630463
14322	-1474.696	-1571.2	96.5041	0.9371499	0.7827464	0.555963	0.444037	3.825366
14328	-1481.881	-1579.756	97.87496	1.054294	0.5423674	0.458103	0.541897	3.147653
14334	-1476.681	-1574.706	98.02564	1.196832	0.4799563	0.516838	0.483162	3.033398
14340	-1483.484	-1580.065	96.58046	1.048759	0.4426462	0.453059	0.546941	4.001093
14346	-1478.485	-1574.408	95.9231	0.6957912	0.6555738	0.460249	0.539751	4.386205
14352	-1474.609	-1569.031	94.42239	0.7448909	0.7560784	0.460249	0.539751	5.12476
14358	-1483.361	-1578.766	95.40455	0.6015954	0.635804	0.510166	0.489834	4.745587
14364	-1488.355	-1583.914	95.55895	0.6682208	0.7353748	0.574464	0.425536	4.547979
14370	-1483.986	-1578.877	94.89049	0.7528764	0.5818325	0.574464	0.425536	4.991031
14376	-1478.093	-1573.913	95.8201	0.8931748	0.7546459	0.459952	0.540048	4.260268
14382	-1480.954	-1576.352	95.39769	0.7370584	0.4132687	0.458742	0.541258	4.874056
14388	-1486.989	-1582.315	95.32617	0.7950076	0.5741253	0.504984	0.495016	4.731141
14394	-1492.137	-1586.364	94.22737	0.573073	0.5220716	0.553314	0.446686	5.50788
14400	-1481.968	-1575.179	93.21085	0.573073	0.6187991	0.5024	0.4976	5.984664
14406	-1481.144	-1574.434	93.29017	0.3910287	0.6941153	0.451927	0.548073	5.984664
14412	-1476.449	-1569.884	93.43528	0.5756953	0.7563967	0.557155	0.442845	5.76125
14418	-1476.582	-1571.325	94.74281	0.5756953	0.5206455	0.557155	0.442845	5.223489
14424	-1477.099	-1571.48	94.38021	0.5872861	0.610309	0.550034	0.449966	5.342163
14430	-1483.666	-1579.491	95.82446	0.7470399	0.6173403	0.480799	0.519201	4.44298
14436	-1482.729	-1579.749	97.01991	0.9916376	0.5780864	0.504455	0.495545	3.653792
14442	-1487.841	-1583.619	95.77862	0.648405	0.6068284	0.324631	0.675369	4.532749
14448	-1485.878	-1579.289	93.4115	0.4534913	0.4901803	0.324631	0.675369	6.048574
14484	-1480.588	-1575.041	94.45316	0.7205437	0.498789	0.457287	0.542713	5.323169
14514	-1488.143	-1582.324	94.18041	0.4907621	0.4871391	0.543887	0.456113	5.610444
14520	-1485.611	-1581.282	95.67048	0.7592005	0.5731459	0.389321	0.610679	4.559103
14526	-1486.851	-1582.571	95.71999	0.7826756	0.6558188	0.600262	0.399738	4.451546
14532	-1484.48	-1578.21	93.73024	0.6237193	0.6558188	0.545356	0.454644	5.644624
14538	-1481.977	-1576.893	94.9154	0.7224562	0.6314231	0.462317	0.537683	4.954321
14544	-1482.397	-1577.919	95.52183	0.6877858	0.6701047	0.462317	0.537683	4.605391
14652	-1486.21	-1578.346	92.13548	0.5248049	0.6463266	0.45832	0.54168	6.574193
14658	-1484.369	-1578.362	93.99275	0.5848741	0.7020234	0.437437	0.562563	5.487976
14664	-1481.578	-1576.639	95.06107	0.6765351	0.6623266	0.411494	0.588506	4.875094
14670	-1484.842	-1578.856	94.01357	0.5160901	0.7522393	0.411494	0.588506	5.479391
14676	-1485.615	-1580.123	94.50842	0.495908	0.6124219	0.462588	0.537412	5.320168
14682	-1490.534	-1583.682	93.14771	0.3681968	0.56292	0.462588	0.537412	6.17545
14688	-1492.372	-1586.166	93.79371	0.541444	0.6241799	0.387626	0.612374	5.679027
14694	-1491.484	-1584.046	92.56143	0.2925584	0.6241799	0.386869	0.613131	6.486046
14712	-1495.453	-1588.492	93.03947	0.688178	0.7587216	0.427496	0.572504	5.914622
14718	-1488.97	-1583.341	94.37072	0.7454176	0.7789374	0.435877	0.564123	5.137681
14724	-1492.52	-1587.37	94.84936	0.4626131	0.537547	0.351232	0.648768	5.212243
14730	-1489.946	-1583.798	93.85262	0.7177223	0.5490196	0.550664	0.449336	5.610969
14736	-1490.957	-1586.155	95.19865	0.6148825	0.6916282	0.455782	0.544218	4.810977
14742	-1489.441	-1585.078	95.63697	0.8392008	0.7328157	0.421283	0.578717	4.409641
14748	-1483.923	-1579.179	95.25577	0.8189627	0.6451968	0.480102	0.519898	4.699947
14754	-1475.152	-1571.892	96.73961	0.8220631	0.4077123	0.480102	0.519898	4.076512
14760	-1487.845	-1583.773	95.92801	1.072888	0.6120439	0.297831	0.702169	4.204476
14766	-1484.982	-1580.818	95.83537	0.6761692	0.4857924	0.429467	0.570533	4.59114
14970	-1488.989	-1583.699	94.70974	0.6351134	0.731699	0.424425	0.575575	5.043119
14976	-1489.053	-1584.607	95.55405	0.754908	0.698428	0.37404	0.62596	4.528571
14994	-1504.63	-1597.893	93.26346	0.5381242	0.6680791	0.441243	0.558757	5.937827
15000	-1503.439	-1597.436	93.99684	0.5863383	0.8014599	0.363957	0.636043	5.417241
15006	-1489.98	-1584.982	95.00214	0.6847922	0.4340658	0.449146	0.550854	5.101489
15012	-1489.496	-1584.865	95.36813	0.779593	0.6512277	0.571628	0.428372	4.654438
15018	-1488.972	-1586.246	97.27445	0.7265509	0.5381362	0.440426	0.559574	3.695292
15024	-1479.917	-1575.958	96.04102	0.6575966	0.6273857	0.425261	0.574739	4.363251
15030	-1492.631	-1586.279	93.64831	0.6824871	0.6863376	0.480884	0.519116	5.634866
15036	-1481.452	-1575.824	94.37165	0.5774287	0.6863376	0.477821	0.522179	5.29458
15054	-1484.573	-1578.888	94.31472	0.5716084	0.6170495	0.450449	0.549551	5.381602
15120	-1488.981	-1583.171	94.19081	0.7628942	0.5281775	0.410057	0.589943	5.418162
15126	-1479.424	-1574.948	95.52405	0.7771417	0.5242233	0.507811	0.492189	4.673664
15132	-1488.948	-1581.324	92.37667	0.7771417	0.9226353	0.436351	0.563649	6.125629
15138	-1482.271	-1576.477	94.20596	0.6320787	0.5835701	0.55375	0.44625	5.435018
15144	-1482.892	-1577.707	94.81513	0.6800366	0.5578591	0.495078	0.504922	5.093357
15150	-1481.586	-1576.162	94.57635	0.5940253	0.6083129	0.318218	0.681782	5.231709
15156	-1486.155	-1581.246	95.09119	0.607016	0.6136532	0.588465	0.411535	4.934747
15162	-1492.666	-1587.527	94.86174	0.6851522	0.7094061	0.487096	0.512904	4.946641
15168	-1487.412	-1583.125	95.71339	0.5301998	0.6213798	0.517058	0.482942	4.624036
15174	-1487.83	-1581.803	93.9733	0.5543554	0.5170727	0.478365	0.521635	5.662106
15180	-1474.65	-1568.836	94.18576	0.5407331	0.6855588	0.475704	0.524296	5.4179
15186	-1483.475	-1579.501	96.02584	0.6669445	0.5721842	0.649611	0.350389	4.411859
15192	-1485.915	-1581.239	95.32409	0.7150919	0.8568791	0.277126	0.722874	4.572633
15198	-1484.511	-1580.481	95.97044	0.6909028	0.6320998	0.536177	0.463823	4.380561
15204	-1492.01	-1588.155	96.14536	0.6548157	0.4554777	0.340202	0.659798	4.458286
15210	-1485.609	-1580.472	94.86289	0.640891	0.5840584	0.542152	0.457848	5.066699
15216	-1486.909	-1582.8	95.89141	0.640891	0.4571712	0.542152	0.457848	4.607156
15222	-1479.228	-1575.106	95.87764	0.6017877	0.5249796	0.476574	0.523426	4.573063
15228	-1479.914	-1574.594	94.6802	0.5937669	0.5565212	0.432273	0.567727	5.216972
15234	-1488.703	-1583.607	94.90375	0.747333	0.7626004	0.288997	0.711003	4.851459
15240	-1481.22	-1576.366	95.14531	0.7354057	0.5615716	0.490098	0.509902	4.875938
15246	-1483.06	-1578.546	95.48601	0.7381997	0.9202228	0.449178	0.550822	4.429628
15252	-1480.35	-1575.279	94.92968	0.7381997	0.76197	0.508452	0.491548	4.842522
15258	-1485.089	-1581.374	96.28497	0.4733729	0.4895163	0.696138	0.303862	4.448868
15264	-1484.289	-1578.831	94.54213	0.4733729	0.6916214	0.355684	0.644316	5.254051
15270	-1495.879	-1589.985	94.10576	0.6253828	0.7713611	0.601484	0.398516	5.355516
15276	-1489.877	-1584.48	94.60357	0.5562141	0.4722929	0.512938	0.487062	5.355516
15282	-1480.802	-1575.697	94.89446	0.6310195	0.5442847	0.478516	0.521484	5.088175
15288	-1494.572	-1588.234	93.6615	0.7989512	0.7474014	0.522153	0.477847	5.520748
15294	-1491.73	-1586.574	94.84321	0.7989512	0.7474014	0.368301	0.631699	4.866864
15300	-1489.053	-1585.048	95.99484	0.8003803	0.5331464	0.538144	0.461856	4.388024
15306	-1484.625	-1580.258	95.63349	0.8209161	0.4061749	0.506304	0.493696	4.703099
15312	-1487.303	-1582.493	95.1904	0.788433	0.7130287	0.378998	0.621002	4.703099
15318	-1490.661	-1586.39	95.72884	0.788433	0.7877829	0.565525	0.434475	4.348418
15324	-1490.398	-1585.546	95.14812	0.592235	0.4704137	0.565525	0.434475	5.036102
15330	-1494.242	-1588.472	94.23028	0.8128624	0.826257	0.565525	0.434475	5.147248
15336	-1480.569	-1573.702	93.13322	0.61653	0.8622049	0.474659	0.525341	5.836377
15342	-1489.19	-1583.567	94.37706	0.4671058	0.5542028	0.360417	0.639583	5.456056
15348	-1483.48	-1578.249	94.76876	0.5319804	0.5542028	0.581183	0.418817	5.204134
15354	-1490.713	-1586.333	95.61959	0.7909477	0.8283912	0.458433	0.541567	4.381822
15360	-1487.646	-1583.176	95.52978	0.7123837	0.5304289	0.446375	0.553625	4.70117
15366	-1487.817	-1582.598	94.78114	0.5768716	0.8025499	0.537008	0.462992	4.987898
15372	-1477.56	-1572.894	95.33356	0.5962207	0.6428557	0.537008	0.462992	4.782777
15378	-1486.869	-1580.829	93.96	0.5962207	0.8114861	0.379396	0.620604	5.425613
15384	-1491.288	-1585.984	94.69513	0.4918052	0.5995139	0.578976	0.421024	5.229598
15390	-1492.72	-1587.281	94.5608	0.6249233	0.6003455	0.558952	0.441048	5.229598
15396	-1488.836	-1585.624	96.78754	0.7943151	0.6003455	0.413261	0.586739	3.882621
15420	-1485.541	-1581.229	95.68824	0.665729	0.7253222	0.528142	0.471858	4.483813
15426	-1482.08	-1577.086	95.00595	0.7458766	0.3809836	0.528142	0.471858	5.121553
15432	-1479.367	-1573.559	94.19168	0.6976109	0.8975783	0.541954	0.458046	5.188295
15438	-1474.429	-1570.725	96.29611	1.017679	0.7662933	0.506098	0.493902	3.909977
15444	-1489.279	-1583.76	94.48076	0.6791721	0.6646132	0.472366	0.527634	5.194073
15450	-1494.287	-1588.978	94.69122	0.7939323	0.5711283	0.472366	0.527634	5.087742
15456	-1485.673	-1580.516	94.84284	0.7782391	0.5336874	0.482097	0.517903	5.044364
15462	-1469.161	-1565.117	95.95616	0.7782391	0.6316415	0.520225	0.479775	4.339661
15468	-1470.23	-1565.859	95.62988	0.6772082	0.6910071	0.522546	0.477454	4.53508
15474	-1479.107	-1575.121	96.01436	0.5423332	0.5189704	0.522546	0.477454	4.53508
15582	-1487.148	-1581.744	94.5962	0.6863991	0.5867565	0.487069	0.512931	5.187026
15588	-1493.272	-1588.322	95.05002	0.72255	0.754651	0.544911	0.455089	4.789123
15744	-1491.153	-1584.845	93.69173	0.5296849	0.5590515	0.52183	0.47817	5.793743
15762	-1483.769	-1580.46	96.69137	0.8644502	0.5585465	0.373695	0.626305	3.93327
15768	-1475.994	-1571.931	95.9367	0.7360672	0.4816854	0.450365	0.549635	4.504473
15774	-1485.506	-1582.012	96.50578	0.6479059	0.6176799	0.415126	0.584874	4.113064
15780	-1485.622	-1583.101	97.47943	0.8334855	0.5845233	0.453964	0.546036	3.472938
15786	-1477.4	-1572.805	95.40502	0.7752024	0.3818685	0.384351	0.615649	4.882583
15792	-1496.116	-1590.552	94.43644	0.3041733	0.3906089	0.488515	0.511485	5.668375
15798	-1486.668	-1581.074	94.40597	0.334056	0.5036018	0.556686	0.443314	5.55758
15822	-1489.329	-1583.759	94.4296	0.5746272	0.5393923	0.438992	0.561008	5.380563
15828	-1485.685	-1579.555	93.86941	0.612708	0.5470187	0.438992	0.561008	5.66108
15834	-1488.048	-1583.032	94.98443	0.7028846	0.6175081	0.290187	0.709813	4.937745
15840	-1484.739	-1578.876	94.1362	0.6023274	0.6144866	0.496968	0.503032	5.465022
15846	-1479.887	-1574.125	94.23814	0.5021977	0.6132247	0.497325	0.502675	5.465022
15852	-1480.46	-1574.164	93.70426	0.4892516	0.6132247	0.543447	0.456553	5.765165
15858	-1488.437	-1582.861	94.42355	0.497509	0.6132247	0.480752	0.519248	5.365469
15864	-1481.631	-1575.665	94.03361	0.7606962	0.7064704	0.486506	0.513494	5.365469
15870	-1479.213	-1575.813	96.59995	0.7535539	0.6578778	0.500481	0.499519	3.967116
15876	-1479.927	-1574.327	94.39986	0.6137946	0.6178501	0.408754	0.591246	5.310741
15882	-1483.401	-1578.337	94.93598	0.6776528	0.5553659	0.360865	0.639135	5.029751
15888	-1481.734	-1576.804	95.06918	0.6451842	0.492463	0.40027	0.59973	5.029751
15894	-1476.477	-1572.174	95.69723	0.7608453	0.5845056	0.333249	0.666751	4.533638
15900	-1482.954	-1580.126	97.1725	0.855023	0.602878	0.387556	0.612444	3.6234
15906	-1478.68	-1573.206	94.52605	0.6441913	0.4678821	0.538228	0.461772	5.353949
15912	-1478.215	-1572.222	94.00749	0.5474198	0.6848872	0.469926	0.530074	5.512816
15918	-1479.177	-1574.569	95.39171	0.8290041	0.6278164	0.469926	0.530074	4.631762
15924	-1481.381	-1576.374	94.99343	0.6023513	0.5952797	0.491882	0.508118	5.006459
15930	-1473.201	-1568.199	94.99843	0.6597723	0.5536571	0.491882	0.508118	5.006459
15936	-1481.608	-1574.053	92.44492	0.6086683	0.9476136	0.433529	0.566471	6.165885
15942	-1482.122	-1575.574	93.4525	0.6084451	0.4972994	0.455824	0.544176	5.935199
15948	-1477.533	-1572.611	95.07767	0.7554232	0.5768519	0.519672	0.480328	4.889618
15954	-1474.633	-1568.881	94.24819	0.5314439	0.5768519	0.437321	0.562679	5.472672
15960	-1486.016	-1581.428	95.41179	0.6991151	0.4439071	0.453783	0.546217	4.855934
15966	-1478.519	-1574.334	95.81494	0.6448023	0.6879705	0.453783	0.546217	4.451444
15972	-1483.903	-1580.204	96.30146	0.7404406	0.5633022	0.379658	0.620342	4.222029
15978	-1482.452	-1576.129	93.67676	0.7048708	0.6086941	0.41887	0.58113	5.665648
15984	-1493.621	-1588.969	95.348	0.5769233	0.4950908	0.458368	0.541632	4.910259
15990	-1483.431	-1578.871	95.44023	0.7330826	0.5585818	0.384667	0.615333	4.715152
15996	-1487.136	-1583.012	95.8761	0.7606579	0.4991812	0.354856	0.645144	4.508233
16002	-1489.962	-1584.357	94.39521	0.4901341	0.6380075	0.536922	0.463078	5.365877
16008	-1478.381	-1573.16	94.77912	0.7184547	0.5093504	0.396257	0.603743	5.134511
16014	-1488.885	-1585.08	96.1949	0.5044846	0.5324922	0.629828	0.370172	4.442642
16020	-1478.249	-1572.561	94.3122	0.4222942	0.6735478	0.392502	0.607498	5.422286
16026	-1473.388	-1568.129	94.74107	0.3961711	0.6376554	0.386748	0.613252	5.227068
16032	-1477.966	-1571.506	93.54051	0.3893905	0.5319684	0.593371	0.406629	5.976058
16038	-1480.494	-1575.342	94.84796	0.691103	0.5641726	0.483797	0.516203	5.063675
16044	-1469.594	-1564.941	95.34654	0.6956934	0.5197183	0.424221	0.575779	4.822426
16050	-1474.486	-1569.87	95.38424	0.5911807	0.6482872	0.438068	0.561932	4.753097
16056	-1478.569	-1572.352	93.78308	0.6484598	0.6551533	0.514778	0.485222	5.602546
16062	-1481.484	-1575.346	93.86247	0.5015907	0.7059542	0.457602	0.542398	5.602546
16068	-1487.144	-1580.944	93.79992	0.733823	0.8126089	0.446117	0.553883	5.437265
16074	-1483.788	-1578.488	94.70019	0.733823	0.6971338	0.478309	0.521691	5.018224
16080	-1485.739	-1578.667	92.92773	0.6981153	0.5828939	0.456495	0.543505	6.099266
16086	-1473.299	-1566.414	93.11518	0.6981153	0.6085861	0.470977	0.529023	5.976613
16092	-1480.733	-1576.406	95.67222	0.7350866	0.4481783	0.388591	0.611409	4.686115
16098	-1490.747	-1584.374	93.62606	0.7350866	0.6274509	0.54391	0.45609	5.662243
16104	-1486.49	-1579.873	93.38357	0.5810499	0.5995948	0.509818	0.490182	5.901096
16110	-1487.899	-1582.83	94.93117	0.6038179	0.5095058	0.300392	0.699608	5.11364
16116	-1484.471	-1578.679	94.20771	0.7677143	0.4950405	0.26994	0.73006	5.435901
16122	-1477.289	-1570.929	93.64004	0.550671	0.6298826	0.410416	0.589584	5.753767
16128	-1486.312	-1582.663	96.35151	0.550671	0.439431	0.49724	0.50276	4.416951
16134	-1488.772	-1583.63	94.8573	0.4437439	0.5880099	0.391601	0.608399	5.175795
16140	-1481.198	-1576.489	95.29096	0.5656736	0.4933007	0.607884	0.392116	4.949915
16146	-1479.783	-1575.939	96.15582	0.7866139	0.6085537	0.460197	0.539803	4.240477
16152	-1477.48	-1573.906	96.42514	0.8821885	0.3900267	0.451478	0.548522	4.240477
16158	-1483.854	-1581.346	97.49253	1.010763	0.6112315	0.313134	0.686866	3.338553
16164	-1488.165	-1585.797	97.63221	0.9131056	0.6636583	0.433251	0.566749	3.270787
16170	-1480.811	-1577.01	96.19873	0.9131056	0.4703293	0.402777	0.597223	4.267652
16176	-1479.872	-1576.564	96.69184	1.05053	0.5544903	0.40781	0.59219	3.829776
16242	-1488.939	-1584.219	95.2798	0.7880109	0.6886013	0.339666	0.660334	4.671072
16248	-1488.622	-1583.545	94.92241	0.4820337	0.5522754	0.448	0.552	5.148384
16272	-1483.108	-1575.8	92.69158	0.5760612	0.5476651	0.515782	0.484218	6.323112
16278	-1474.451	-1568.806	94.35503	0.537101	0.6553751	0.515782	0.484218	5.348935
16284	-1474.94	-1569.564	94.62453	0.5507763	0.6646321	0.57756	0.42244	5.185556
16314	-1507.119	-1602.345	95.2263	0.7973216	0.5994596	0.559666	0.440334	4.764747
16320	-1490.06	-1585.937	95.87673	0.7973216	0.4758875	0.495222	0.504778	4.509309
16326	-1488.111	-1582.965	94.85397	0.4463617	0.5136196	0.473557	0.526443	5.239806
16332	-1489.924	-1585.267	95.34306	0.534999	0.5980383	0.464473	0.535527	4.847134
16338	-1490.399	-1585.106	94.70615	0.6244481	0.5888213	0.475267	0.524733	5.158773
16344	-1491.89	-1585.232	93.34235	0.2860742	0.5888213	0.52608	0.47392	6.093091
16350	-1490.065	-1583.58	93.51459	0.3165725	0.4621952	0.643478	0.356522	6.093091
16356	-1496.939	-1588.799	91.86021	0.5445003	0.7372362	0.529246	0.470754	6.647846
16374	-1494.094	-1589.712	95.61783	0.6404158	0.6776649	0.521825	0.478175	4.572427
16380	-1491.152	-1584.773	93.62066	0.569083	0.6776649	0.374126	0.625874	5.718512
16386	-1486.977	-1581.356	94.37844	0.5879076	0.5383431	0.51838	0.48162	5.402345
16392	-1481.383	-1576.253	94.86992	0.8097879	0.6977667	0.466155	0.533845	4.881111
16398	-1473.436	-1568.715	95.27819	0.5337683	0.6015718	0.536522	0.463478	4.881111
16404	-1474.185	-1568.037	93.85186	0.4893629	0.5970698	0.453208	0.546792	5.69704
16410	-1488.55	-1581.473	92.92218	0.1149236	0.6020807	0.462588	0.537412	6.403938
16416	-1486.089	-1579.594	93.50455	0.3630722	0.7439915	0.470611	0.529389	5.848083
16422	-1495.42	-1589.282	93.86195	0.2476695	0.5995975	0.437604	0.562396	5.821835
16428	-1490.909	-1584.616	93.70768	0.1777157	0.5995975	0.509759	0.490241	5.944361
16770	-1500.241	-1596.244	96.00297	0.335724	0.4861614	0.405759	0.594241	4.687656
16776	-1496.261	-1590.063	93.80207	0.3391927	0.6200334	0.582788	0.417212	5.788449
16962	-1497.569	-1596.445	98.87644	1.447575	0.8854959	0.420609	0.579391	2.001182
16968	-1490.428	-1589.506	99.07813	1.48156	1.002977	0.465368	0.534632	1.756874
16974	-1487.884	-1587.619	99.73528	1.581713	0.6303189	0.293924	0.706076	1.527069
16980	-1480.903	-1580.628	99.72439	1.581713	0.5836516	0.608888	0.391112	1.584684
16986	-1485.51	-1584.964	99.45417	1.462342	0.6029142	0.525903	0.474097	1.840075
16992	-1483.352	-1582.341	98.98948	1.389166	0.7112358	0.465878	0.534122	2.101576
16998	-1485.227	-1583.584	98.35711	1.389166	0.6499634	0.488962	0.511038	2.556423
17004	-1488.732	-1586.649	97.91653	1.389166	0.485076	0.494971	0.505029	2.978278
17022	-1484.014	-1580.971	96.95665	0.6639524	0.6243707	0.509097	0.490903	3.840591
17028	-1483.803	-1579.268	95.4645	0.6623084	0.5670405	0.635684	0.364316	4.73396
17034	-1492.62	-1586.215	93.59586	0.6255301	0.7241668	0.539998	0.460002	5.668018
17094	-1489.009	-1583.751	94.74155	0.5925852	0.6092445	0.484762	0.515238	5.140352
17100	-1496.158	-1592.156	95.9989	0.6989449	0.4713881	0.504178	0.495822	4.500273
17106	-1500.187	-1594.78	94.59304	0.8368282	0.4178878	0.449436	0.550564	5.260288
17112	-1500.576	-1596.371	95.79468	0.7736671	0.6477838	0.442964	0.557036	4.420733
17118	-1499.024	-1593.886	94.86201	0.4800944	0.6112468	0.591531	0.408469	5.134345
17124	-1493.083	-1588.668	95.58497	0.7175675	0.5241867	0.363846	0.636154	4.672943
17130	-1495.309	-1590.323	95.01368	0.6651958	0.6395539	0.539455	0.460545	4.925188
17136	-1489.452	-1584.546	95.09449	0.5586887	0.3861566	0.511609	0.488391	5.170507
17142	-1485.402	-1579.631	94.22921	0.5519605	0.6937207	0.551435	0.448565	5.381855
17148	-1487.94	-1583.284	95.34482	0.3505021	0.6141279	0.547936	0.452064	4.935973
17154	-1491.161	-1584.21	93.04932	0.4587456	0.5276704	0.458346	0.541654	6.209551
17160	-1491.632	-1586.134	94.50209	0.630612	0.61803	0.37806	0.62194	5.244848
17166	-1494.627	-1590.201	95.57374	0.6542115	0.4938245	0.430534	0.569466	4.742408
17232	-1486.395	-1581.902	95.50668	0.6535818	0.6236413	0.445212	0.554788	4.668928
17238	-1493.882	-1587.833	93.95126	0.662482	0.6236413	0.397874	0.602126	5.526502
17244	-1492.392	-1588.478	96.08639	0.626023	0.6108199	0.583304	0.416696	4.368761
17484	-1494.395	-1591.107	96.71242	0.8558732	0.4973372	0.545296	0.454704	3.981929
17490	-1480.463	-1577.178	96.71559	0.7858688	0.5387607	0.611208	0.388792	3.981929
17496	-1483.192	-1579.798	96.6057	0.7907628	0.6086612	0.611208	0.388792	3.981929
17502	-1490.292	-1585.519	95.22697	0.6174648	0.5432684	0.453589	0.546411	4.911856
17508	-1487.129	-1581.783	94.65317	0.5407472	0.682397	0.453992	0.546008	5.162098
17514	-1497.214	-1591.11	93.89569	0.7207812	0.6136728	0.341074	0.658926	5.532796
17520	-1478.262	-1572.457	94.19476	0.4331698	0.5159584	0.443145	0.556855	5.608074
17526	-1477.472	-1571.626	94.15434	0.6381175	0.5159584	0.427145	0.572855	5.517686
17532	-1483.906	-1579.08	95.17431	0.6092327	0.7143273	0.382327	0.617673	4.811283
17538	-1487.471	-1580.452	92.98106	0.5935064	0.5530839	0.529177	0.470823	6.151722
17544	-1492.036	-1586.808	94.77183	0.4451184	0.6102643	0.592286	0.407714	5.204403
17550	-1494.533	-1587.344	92.81168	0.3850212	0.6102643	0.65759	0.34241	6.310916
17556	-1484.447	-1578.343	93.8965	0.6324114	0.4698429	0.408948	0.591052	5.704642
17562	-1481.313	-1575.19	93.87644	0.3772639	0.5792427	0.511318	0.488682	5.759383
17568	-1479.32	-1573.183	93.86331	0.2934261	0.7456712	0.433222	0.566778	5.688661
17574	-1485.305	-1580.572	95.26718	0.6669222	0.4237337	0.433222	0.566778	4.974829
17580	-1491.209	-1586.956	95.74645	0.6277251	0.450032	0.431376	0.568624	4.702803
17586	-1493.572	-1587.186	93.61357	0.7584682	0.6930738	0.462291	0.537709	5.60737
17592	-1487.006	-1582.347	95.34112	0.8791186	0.7884219	0.469333	0.530667	4.515396
17598	-1493.351	-1587.152	93.80123	0.8801614	0.5087996	0.451603	0.548397	5.585111
17604	-1480.508	-1576.324	95.81566	0.7578269	0.5204227	0.364686	0.635314	4.524328
17610	-1480.882	-1575.739	94.85692	0.8146942	0.64466	0.521871	0.478129	4.925293
17616	-1492.552	-1587.467	94.91442	0.6978141	0.8368311	0.440179	0.559821	4.824234
17634	-1484.49	-1580.717	96.22671	0.9264477	0.7697656	0.434165	0.565835	3.9995
17640	-1479.665	-1576.325	96.66009	0.7145099	0.56878	0.434165	0.565835	4.028006
17646	-1492.341	-1588.478	96.13663	0.868147	0.5884975	0.527779	0.472221	4.22169
17652	-1489.555	-1583.7	94.14484	0.4814275	0.6597889	0.416739	0.583261	5.49207
17658	-1483.158	-1577.377	94.21882	0.5389902	0.6833872	0.53224	0.46776	5.40223
17664	-1487.993	-1582.543	94.55057	0.6304682	0.4133977	0.483189	0.516811	5.40223
17670	-1492.927	-1588.042	95.11488	0.5979654	0.6712233	0.478197	0.521803	4.882209
17676	-1490.207	-1584.918	94.71067	0.5942648	0.680817	0.553069	0.446931	5.101758
17682	-1480.75	-1575.642	94.89172	0.5293124	0.4966766	0.377965	0.622035	5.188436
17688	-1490.289	-1583.351	93.06186	0.6183767	0.6757231	0.466201	0.533799	5.998455
17694	-1494.573	-1589.633	95.0606	0.413915	0.5321378	0.51981	0.48019	5.126997
17700	-1492.505	-1587.109	94.60394	0.4559173	0.526093	0.527415	0.472585	5.361485
17706	-1482.744	-1577.485	94.7408	0.6531892	0.5328101	0.527415	0.472585	5.170996
17712	-1478.31	-1572.48	94.17011	0.6531892	0.6000333	0.414405	0.585595	5.429823
17718	-1480.185	-1575.47	95.28543	0.7627389	0.4973571	0.515617	0.484383	4.839494
17724	-1484.999	-1580.748	95.74913	0.7926777	0.6761252	0.515617	0.484383	4.414044
17772	-1503.241	-1597.265	94.02395	0.2152967	0.7208055	0.264242	0.735758	5.660575
17778	-1498.959	-1593.135	94.17673	0.1651723	0.5678837	0.423297	0.576703	5.720416
17784	-1501.998	-1597.133	95.13558	0.2382568	0.5186832	0.474139	0.525861	5.194631
17790	-1496.188	-1589.691	93.50348	0.1681471	0.7474563	0.52158	0.47842	5.952801
17796	-1494.5	-1588.195	93.69585	0.1872139	0.4776752	0.52158	0.47842	6.050252
17802	-1483.754	-1577.383	93.62958	0.1714831	0.5274238	0.543117	0.456883	6.050252
17808	-1487.013	-1580.986	93.97261	0.3370066	0.612077	0.584413	0.415587	5.702465
17814	-1482.407	-1577.831	95.42412	0.5073012	0.7516011	0.55878	0.44122	4.702448
17820	-1481.447	-1576.592	95.14531	0.52059	0.4691296	0.55878	0.44122	5.078643
17826	-1487.404	-1582.313	94.90906	0.5808035	0.6401729	0.540953	0.459047	5.029772
17832	-1488.653	-1584.139	95.486	0.5789415	0.6512146	0.558786	0.441214	4.700792
17838	-1489.454	-1584.245	94.79103	0.5879444	0.4896124	0.403153	0.596847	5.218225
17844	-1477.364	-1573.433	96.06887	0.7265424	0.3625315	0.453676	0.546324	4.560417
17850	-1477.434	-1572.742	95.30846	0.8764769	0.7515026	0.568201	0.431799	4.560417
17856	-1483.738	-1576.476	92.73854	0.5420843	0.6640872	0.459513	0.540487	6.224577
17862	-1479.739	-1574.353	94.61359	0.6356633	0.647401	0.506494	0.493506	5.157631
17868	-1485.326	-1579.304	93.9779	0.6661108	0.6872099	0.442563	0.557437	5.462116
17874	-1493.245	-1587.553	94.30794	0.5360084	0.5359908	0.442563	0.557437	5.47178
17880	-1478.713	-1573.246	94.53255	0.674423	0.685768	0.498186	0.501814	5.152396
17886	-1476.2	-1570.675	94.47529	0.4185538	0.4822456	0.417329	0.582671	5.492628
17892	-1485.353	-1579.536	94.18315	0.5831388	0.5616647	0.563377	0.436623	5.492628
17898	-1487.644	-1582.799	95.15555	0.8314381	0.6135031	0.450008	0.549992	4.773891
17904	-1480.075	-1573.971	93.89549	0.6486178	0.6259746	0.369123	0.630877	5.562958
17910	-1489.531	-1583.683	94.15191	0.6190531	0.47927	0.474023	0.525977	5.562958
17916	-1484.221	-1579.085	94.86407	0.4473665	0.5346102	0.474023	0.525977	5.215099
17922	-1473.198	-1567.721	94.52277	0.5665381	0.5346102	0.474023	0.525977	5.337792
17928	-1477.804	-1573.489	95.68445	0.3806452	0.5505942	0.438854	0.561146	4.782495
17934	-1475.609	-1570.378	94.76955	0.4209907	0.5493068	0.437834	0.562166	5.269227
17940	-1476.719	-1571.965	95.24554	0.7061747	0.4811835	0.367746	0.632254	4.908362
17946	-1474.976	-1570.488	95.51164	0.7061747	0.6452187	0.500285	0.499715	4.619792
17952	-1483.669	-1577.35	93.6811	0.6406432	0.5828821	0.358574	0.641426	5.719154
17958	-1487.207	-1581.486	94.27883	0.584894	0.7494753	0.449496	0.550504	5.297158
18354	-1482.33	-1577.6	95.2706	0.5691445	0.3756212	0.540001	0.459999	5.078762
18450	-1492.895	-1586.465	93.57012	0.5638269	0.6961212	0.592579	0.407421	5.735738
18456	-1489.461	-1583.35	93.88814	0.409248	0.5139873	0.540874	0.459126	5.790989
18462	-1500.064	-1594.1	94.03665	0.2346722	0.5139873	0.540874	0.459126	5.805253
18468	-1484.507	-1578.104	93.5965	0.4998298	0.6943404	0.441801	0.558199	5.757613
18474	-1490.204	-1586.48	96.27642	0.7928431	0.7221754	0.47161	0.52839	4.081112
18480	-1488.573	-1583.718	95.14487	0.6367426	0.578623	0.520312	0.479688	4.916807
18486	-1483.107	-1577.587	94.48036	0.588832	0.5449803	0.454645	0.545355	5.339923
18540	-1492.594	-1589.304	96.71059	0.9102927	0.4649538	0.506745	0.493255	3.983308
18546	-1492.095	-1588.572	96.47742	0.745887	0.5627102	0.639652	0.360348	4.11948
18552	-1487.679	-1583.504	95.82412	0.745887	0.7639181	0.513346	0.486654	4.334901
18558	-1488.567	-1584.369	95.80235	0.6818314	0.7144832	0.31316	0.68684	4.418252
18564	-1500.644	-1593.854	93.20976	0.7036382	0.5635296	0.484932	0.515068	5.958347
18570	-1483.821	-1577.781	93.96049	0.618196	0.4144319	0.425952	0.574048	5.732065
18576	-1480.78	-1576.366	95.58594	0.6070162	0.4534291	0.383547	0.616453	4.800706
18582	-1485.731	-1581.97	96.23942	0.5882619	0.3737601	0.383547	0.616453	4.529436
18588	-1480.942	-1576.857	95.91458	0.5825906	0.5634308	0.494942	0.505058	4.529436
18594	-1479.798	-1574.402	94.60427	0.6994845	0.6508064	0.420262	0.579738	5.124854
18600	-1477.955	-1573.548	95.59312	0.5637164	0.4059472	0.420262	0.579738	4.869482
18606	-1483.501	-1579.068	95.56684	0.550452	0.4270322	0.362178	0.637822	4.869482
18612	-1482.677	-1576.634	93.9573	0.4894423	0.6319693	0.503116	0.496884	5.611799
18618	-1481.815	-1576.418	94.60299	0.5944612	0.5855909	0.346741	0.653259	5.235075
18624	-1482.306	-1577.115	94.80891	0.5907144	0.4853265	0.429647	0.570353	5.210797
18630	-1478.763	-1574.241	95.47717	0.3720831	0.552975	0.36168	0.63832	4.900798
18636	-1482.405	-1577.284	94.87896	0.628863	0.6930631	0.410543	0.589457	4.980179
18642	-1482.836	-1578.548	95.71165	0.5935584	0.4152711	0.680562	0.319438	4.776867
18648	-1489.305	-1584.806	95.50054	0.8331751	0.5960347	0.547825	0.452175	4.593941
18654	-1482.613	-1576.173	93.56053	0.3497576	0.6456306	0.529891	0.470109	5.895162
18660	-1478.966	-1574.067	95.10065	0.4872303	0.6637901	0.383357	0.616643	4.95733
18666	-1476.958	-1571.95	94.99271	0.5951713	0.6637901	0.516633	0.483367	4.95733
18672	-1476.984	-1572.184	95.20036	0.6075154	0.5654032	0.473989	0.526011	4.913258
18678	-1477.682	-1572.196	94.51343	0.6519443	0.6360172	0.473989	0.526011	5.212775
18684	-1487.205	-1582.948	95.74381	0.5888501	0.4600831	0.484383	0.515617	4.716105
18690	-1484.16	-1579.84	95.67983	0.5888501	0.6061353	0.460286	0.539714	4.622193
18696	-1480.901	-1577.046	96.14564	0.6862474	0.6061353	0.460286	0.539714	4.30505
18720	-1497.79	-1591.848	94.0576	0.3646252	0.6066151	0.633895	0.366105	5.645026
18726	-1485.281	-1579.602	94.32104	0.5198072	0.6738039	0.433945	0.566055	5.363489
18732	-1480.2	-1574.933	94.73242	0.3988663	0.6738039	0.465743	0.534257	5.203088
18738	-1482.741	-1578.466	95.72458	0.9009482	0.8384095	0.570427	0.429573	4.253761
18744	-1486.694	-1581.91	95.21544	0.7247134	0.9382179	0.444726	0.555274	4.5787
18750	-1493.675	-1587.778	94.10299	0.7628496	0.9919803	0.568436	0.431564	5.146721
18756	-1483.442	-1577.255	93.81248	0.6374821	0.8751881	0.482349	0.517651	5.444289
18762	-1486.24	-1580.518	94.2782	0.5149606	0.6950277	0.460323	0.539677	5.374301
18768	-1485.777	-1580.866	95.08922	0.5149606	0.5715541	0.463128	0.536872	5.021335
18774	-1490.458	-1585.272	94.814	0.3644258	0.577744	0.329202	0.670798	5.252032
18780	-1481.609	-1576.038	94.42925	0.3888602	0.6910124	0.493499	0.506501	5.363446
18786	-1482.606	-1577.255	94.6491	0.3693023	0.6971456	0.520616	0.479384	5.24845
18792	-1483.065	-1579.001	95.93688	0.7642398	0.4972088	0.541438	0.458562	4.47386
18798	-1494.352	-1588.35	93.99836	0.4647547	0.6678787	0.479213	0.520787	5.575732
18804	-1485.017	-1579.014	93.99718	0.6986986	0.6453855	0.516202	0.483798	5.464613
18810	-1488.631	-1583.313	94.68272	0.6706262	0.6717725	0.447417	0.552583	5.081606
18816	-1499.478	-1594.428	94.95056	0.6146914	0.5265648	0.37828	0.62172	5.081606
18822	-1491.781	-1587.632	95.85063	0.6146914	0.6678271	0.3943	0.6057	4.463413
18828	-1495.451	-1589.86	94.40904	0.6146914	0.7263667	0.336233	0.663767	5.224735
18834	-1490.789	-1585.008	94.21823	0.5773848	0.6748062	0.403178	0.596822	5.387684
18840	-1485.453	-1579.468	94.01544	0.6080865	0.8127951	0.48701	0.51299	5.387684
18846	-1480.841	-1576.98	96.13901	0.6838485	0.6571578	0.424796	0.575204	4.26968
18852	-1483.571	-1580.061	96.48953	0.6838485	0.3768795	0.619139	0.380861	4.331053
18858	-1475.259	-1571.276	96.01675	0.8302726	0.3768795	0.420305	0.579695	4.515036
18864	-1495.095	-1590.896	95.80099	0.9593213	0.3295742	0.423378	0.576622	4.619391
18870	-1480.699	-1576.514	95.81533	0.8765143	0.5168782	0.477194	0.522806	4.460953
18876	-1492.379	-1590.61	98.23056	0.9509994	0.5168782	0.513701	0.486299	3.021248
18882	-1490.963	-1587.496	96.53315	0.6996114	0.6347614	0.517793	0.482207	4.054289
18888	-1486.761	-1580.99	94.22887	0.752455	0.6866896	0.425509	0.574491	5.276515
18894	-1486.61	-1582.666	96.05626	0.7728652	0.7731495	0.543083	0.456917	4.181746
18900	-1493.972	-1590.856	96.88368	0.9159687	0.6020806	0.302252	0.697748	3.755868
18906	-1489.605	-1584.078	94.47331	0.7328925	0.6204587	0.630704	0.369296	5.202296
18912	-1493.243	-1588.748	95.50453	0.6454543	0.6163095	0.589833	0.410167	4.68051
18918	-1504.475	-1599.487	95.01204	0.6044868	0.5542261	0.372769	0.627231	5.029122
18924	-1488.241	-1583.846	95.60491	0.8524779	0.3276257	0.5351	0.4649	4.791259
18930	-1483.221	-1578.035	94.81396	0.8473786	0.630467	0.555758	0.444242	4.942005
18936	-1472.639	-1568.28	95.64069	0.5910961	0.4543865	0.477606	0.522394	4.778079
18942	-1484.732	-1580.674	95.94258	0.5329321	0.4979151	0.469246	0.530754	4.59998
18948	-1490.602	-1585.291	94.68947	0.5420716	0.4979151	0.495499	0.504501	5.29204
18954	-1492.582	-1588.753	96.17013	0.4874749	0.4962042	0.317741	0.682259	4.499288
18960	-1479.442	-1574.458	95.01569	0.5012096	0.5550328	0.552847	0.447153	5.08371
18966	-1492.782	-1588.473	95.69092	0.4490257	0.5746028	0.611201	0.388799	4.720248
18972	-1482.811	-1578.53	95.71931	0.4174884	0.5176557	0.547553	0.452447	4.771493
18978	-1490.942	-1586.049	95.10666	0.5408302	0.8331812	0.494832	0.505168	4.806888
18984	-1490.458	-1586.345	95.88632	0.4900281	0.5053048	0.429241	0.570759	4.648737
18990	-1497.697	-1590.405	92.70793	0.5284554	0.6401024	0.429241	0.570759	6.266479
18996	-1485.556	-1579.709	94.15267	0.4380474	0.6705573	0.462952	0.537048	5.503627
19002	-1482.481	-1574.563	92.08229	0.4645693	0.6526183	0.557517	0.442483	6.630879
19008	-1489.115	-1581.818	92.70323	0.4420273	0.627587	0.557517	0.442483	6.325476
19020	-1512.434	-1607.136	94.70191	0.5604966	0.5711679	0.619619	0.380381	5.211057
19026	-1499.981	-1595.761	95.77999	0.5325441	0.6287732	0.440887	0.559113	4.579506
19080	-1485.522	-1579.298	93.77566	0.3022562	0.6063667	0.619696	0.380304	5.833808
19086	-1481.23	-1575.471	94.24041	0.5064278	0.543814	0.468674	0.531326	5.518453
19122	-1487.8	-1583.879	96.07892	0.7232613	0.751276	0.496074	0.503926	4.212225
19128	-1496.318	-1592.625	96.30736	0.7194753	0.6750187	0.446578	0.553422	4.140251
19134	-1487.28	-1583.088	95.80808	0.7005214	0.6859915	0.48514	0.51486	4.425381
19140	-1485.521	-1581.393	95.87183	0.6871464	0.6154528	0.464035	0.535965	4.451552
19146	-1487.319	-1582.684	95.36536	0.6389093	0.6769278	0.373809	0.626191	4.715289
19152	-1480.871	-1575.576	94.70462	0.5164652	0.5773449	0.429933	0.570067	5.228786
19158	-1481.913	-1577.48	95.56683	0.5164652	0.4763388	0.533041	0.466959	4.839648
19224	-1484.636	-1579.361	94.72461	0.5731658	0.5934609	0.44524	0.55476	5.173172
19230	-1483.73	-1577.31	93.58001	0.2605447	0.6140318	0.44524	0.55476	5.95747
19236	-1487.643	-1581.254	93.61118	0.2293777	0.6140318	0.397157	0.602843	5.95747
19242	-1485.087	-1579.043	93.95594	0.2323974	0.4139857	0.529492	0.470508	5.945981
19248	-1482.638	-1576.509	93.87103	0.2683054	0.6326126	0.529492	0.470508	5.779799
19254	-1479.95	-1574.41	94.4608	0.4374872	0.5320159	0.518224	0.481776	5.445321
19260	-1481.106	-1576.113	95.0069	0.6849219	0.6119153	0.507215	0.492785	4.939682
19266	-1483.632	-1579.78	96.14792	0.7550928	0.6120749	0.613808	0.386192	4.25995
19272	-1478.795	-1573.608	94.81383	0.5623407	0.6028995	0.583647	0.416353	5.122139
19278	-1476.566	-1571.028	94.4617	0.562598	0.4304342	0.374262	0.625738	5.471097
19284	-1481.282	-1577.331	96.04901	0.8340036	0.5668785	0.368927	0.631073	4.308948
19290	-1477.841	-1572.07	94.22888	0.7552211	0.8383743	0.455635	0.544365	5.172244
19296	-1474.898	-1569.724	94.82594	0.8335095	0.8360574	0.412254	0.587746	4.798381
19302	-1481.352	-1576.457	95.10421	0.6530096	0.7478194	0.520835	0.479165	4.802407
19308	-1485.316	-1580.889	95.57273	0.9349074	0.4179159	0.374025	0.625975	4.660884
19314	-1492.148	-1586.894	94.74664	0.9526039	0.5982408	0.426391	0.573609	4.946544
19320	-1480.726	-1575.58	94.85347	0.6047295	0.4672641	0.57947	0.42053	5.195484
19326	-1484.761	-1579.617	94.85633	0.5165463	0.5183207	0.424736	0.575264	5.195484
20184	-1489.854	-1584.956	95.10241	0.6128628	0.5762519	0.529835	0.470165	4.955685
20190	-1505.283	-1599.408	94.12533	0.4300031	0.723068	0.521263	0.478737	5.485368
20196	-1489.292	-1584.3	95.00884	0.4188359	0.5372891	0.646743	0.353257	5.148439
20202	-1499.181	-1593.085	93.9043	0.4599878	0.5774819	0.436639	0.563361	5.700248
20208	-1497.778	-1593.333	95.55475	0.5720433	0.5243027	0.506999	0.493001	4.771118
20214	-1489.417	-1584.415	94.9981	0.4472803	0.6939281	0.540481	0.459519	5.014237
20220	-1486.067	-1581.115	95.04848	0.5406467	0.5902686	0.414319	0.585681	5.014237
20226	-1489.502	-1584.424	94.92178	0.5532601	0.671545	0.609441	0.390559	5.014237
20232	-1496.046	-1591.466	95.42076	0.5532601	0.3996433	0.595153	0.404847	4.97795
20238	-1491.96	-1587.595	95.63526	0.7281328	0.5380813	0.372547	0.627453	4.626511
20244	-1483.18	-1578.608	95.42802	0.7471412	0.4852095	0.518031	0.481969	4.779975
20250	-1486.349	-1581.321	94.97218	0.7471412	0.4852095	0.492717	0.507283	5.033762
20256	-1486.597	-1583.105	96.5081	0.7428352	0.4785678	0.448136	0.551864	4.18075
20262	-1486.349	-1582.813	96.46402	0.7690016	0.4475754	0.419029	0.580971	4.221599
20268	-1491.098	-1587.762	96.66366	0.7120768	0.5798728	0.62539	0.37461	4.017861
20274	-1490.771	-1586.897	96.12556	0.7548602	0.5965567	0.590906	0.409094	4.285456
20280	-1489.99	-1585.986	95.99614	0.6018558	0.6727579	0.50835	0.49165	4.384889
20286	-1494.829	-1589.881	95.0526	0.6502457	0.6327914	0.496411	0.503589	4.917093
20292	-1489.889	-1584.518	94.62913	0.6502457	0.5891833	0.435161	0.564839	5.18683
20298	-1484.71	-1580.058	95.34758	0.643958	0.5651088	0.424382	0.575618	4.81115
20304	-1487.436	-1583.104	95.66772	0.6977077	0.6770155	0.350564	0.649436	4.512695
20310	-1483.562	-1579.507	95.94481	0.6856045	0.5343482	0.350564	0.649436	4.479829
20316	-1494.809	-1591.442	96.633	0.9048652	0.6335474	0.298477	0.701523	3.880706
20322	-1477.434	-1575.051	97.61711	0.8973489	0.5827756	0.389657	0.610343	3.356399
20328	-1475.49	-1571.645	96.15534	0.6488001	0.5363836	0.489289	0.510711	4.38011
20334	-1478.59	-1574.466	95.87566	0.6488001	0.4755152	0.576425	0.423575	4.593692
20340	-1479.083	-1574.652	95.56892	0.633167	0.3974589	0.386431	0.613569	4.853356
20346	-1475.865	-1570.785	94.91967	0.6929621	0.6300998	0.515627	0.484373	4.969376
20352	-1487.808	-1582.934	95.12621	0.6378769	0.5286301	0.515627	0.484373	4.969376
20358	-1487.149	-1583.66	96.51138	0.6767716	0.5621155	0.587682	0.412318	4.139994
20364	-1494.587	-1590.308	95.72098	0.8529358	0.7394514	0.397431	0.602569	4.349772
20370	-1491.117	-1586.852	95.73476	0.7265625	0.4926741	0.381103	0.618897	4.612833
20376	-1493.175	-1589.245	96.07002	0.8816711	0.4888123	0.455707	0.544293	4.340452
20382	-1478.426	-1574.544	96.1188	0.7604759	0.7558168	0.506375	0.493625	4.165272
20388	-1479.368	-1575.001	95.63389	0.9013447	0.5309602	0.479499	0.520501	4.536371
20394	-1482.807	-1577.517	94.71068	0.6125768	0.8718375	0.462106	0.537894	4.963239
20400	-1478.494	-1573.124	94.62985	0.5782286	0.7522269	0.504541	0.495459	5.104782
20406	-1484.937	-1579.449	94.51266	0.5666575	0.8619245	0.504541	0.495459	5.104782
20412	-1487.794	-1584.4	96.60595	0.7159079	0.516292	0.412267	0.587733	4.104819
20418	-1486.959	-1583.12	96.16177	0.7159079	0.4796447	0.455761	0.544239	4.390994
20562	-1497.851	-1593.202	95.35065	0.6920878	0.6265443	0.60974	0.39026	4.73239
20568	-1505.488	-1601.059	95.57125	0.7248342	0.4643537	0.592219	0.407781	4.73239
21210	-1494.286	-1588.701	94.41463	0.4961324	0.6926287	0.488973	0.511027	5.311166
21216	-1486.166	-1582.532	96.36589	0.7073425	0.6672512	0.488973	0.511027	4.119786
21222	-1480.419	-1575.177	94.75781	0.7545139	0.8949026	0.420925	0.579075	4.843885
21228	-1479.436	-1574.817	95.38082	0.7578276	0.5254109	0.428937	0.571063	4.763508
21234	-1484.235	-1577.93	93.69455	0.7578276	0.45742	0.580654	0.419346	5.758425
21240	-1492.667	-1587.364	94.69633	0.7257111	0.9839184	0.590905	0.409095	4.842192
21246	-1485.125	-1579.823	94.69793	0.625918	0.6318434	0.470357	0.529643	5.128282
21252	-1489.675	-1584.623	94.94806	0.6036354	0.5232751	0.47976	0.52024	5.092037
21258	-1488.197	-1583.711	95.51416	0.6511267	0.3958899	0.537002	0.462998	4.875559
21264	-1494.389	-1589.891	95.50227	0.60851	0.5440294	0.544703	0.455297	4.762666
21270	-1493.538	-1587.657	94.11883	0.7836653	0.6496246	0.502159	0.497841	5.347563
21276	-1489.368	-1583.502	94.13443	0.7836653	0.884595	0.496955	0.503045	5.180185
21282	-1490.436	-1585.973	95.53618	0.5944424	0.5785403	0.427317	0.572683	4.722169
21288	-1500.672	-1594.852	94.18047	0.5714675	0.517047	0.408779	0.591221	5.538991
21294	-1484.586	-1577.887	93.30141	0.5696129	0.593256	0.408779	0.591221	5.95726
21300	-1489.843	-1585.249	95.40586	0.3906126	0.5976517	0.45068	0.54932	4.892909
21306	-1493.288	-1587.82	94.53169	0.5738334	0.5691575	0.479072	0.520928	5.299425
21312	-1482.657	-1575.953	93.29658	0.6254707	0.5475206	0.45813	0.54187	5.967041
21318	-1484.436	-1578.372	93.93559	0.5410864	0.4531409	0.43396	0.56604	5.749252
21324	-1489.735	-1583.591	93.85653	0.7256373	0.5005193	0.43396	0.56604	5.647037
21330	-1496.803	-1591.238	94.43447	0.3600712	0.5293812	0.455956	0.544044	5.504709
21336	-1497.09	-1591.4	94.3107	0.6187383	0.7406488	0.390666	0.609334	5.266922
21342	-1491.517	-1585.113	93.59598	0.3464549	0.5454413	0.450852	0.549148	5.957676
21348	-1484.115	-1578.88	94.76564	0.5317815	0.5992228	0.450852	0.549148	5.168711
21354	-1488.751	-1583.443	94.6917	0.4518913	0.5575018	0.505598	0.494402	5.28819
21360	-1486.718	-1582.927	96.20884	1.070473	0.6041056	0.425557	0.574443	4.052589
21366	-1482.708	-1579.333	96.62522	1.070473	0.9149248	0.394894	0.605106	3.591893
21372	-1494.626	-1591.844	97.21759	1.043322	0.4665863	0.462088	0.537912	3.613101
21378	-1495.647	-1589.032	93.3849	0.852752	0.423923	0.407531	0.592469	5.908916
21384	-1484.472	-1578.094	93.62272	0.5146137	0.4804719	0.423316	0.576684	5.908916
21390	-1492.658	-1585.108	92.45	0.4082553	0.6826028	0.42016	0.57984	6.440415
21396	-1490.778	-1584.113	93.33455	0.770036	0.8505979	0.566268	0.433732	5.649171
21402	-1486.481	-1581.002	94.52053	0.7657117	0.4911824	0.469335	0.530665	5.268024
21408	-1486.678	-1582.048	95.36981	0.7402456	0.7030672	0.436826	0.563174	4.636821
21414	-1490.131	-1584.188	94.05691	0.687549	0.7651698	0.566528	0.433472	5.352327
21420	-1495.069	-1590.254	95.18501	0.5116928	0.5560824	0.333478	0.666522	4.982997
21426	-1498.823	-1593.683	94.86012	0.7834811	0.5272282	0.428084	0.571916	5.037552
21432	-1493.404	-1588.456	95.05173	0.7648285	0.4262322	0.429873	0.570127	5.037552
21438	-1476.401	-1571.494	95.09278	0.71404	0.7090549	0.471723	0.528277	4.802075
21444	-1486.151	-1581.466	95.31571	0.8258398	0.4816814	0.472843	0.527157	4.802075
21462	-1481.144	-1576.958	95.81445	0.5691684	0.5813694	0.519166	0.480834	4.578068
21468	-1481.463	-1576.431	94.9687	0.6775574	0.5887587	0.560665	0.439335	4.983728
21474	-1481.926	-1577.014	95.08836	0.6418129	0.5825175	0.393689	0.606311	4.942206
21480	-1480.522	-1575.739	95.21699	0.7200684	0.5445216	0.491037	0.508963	4.859174
21486	-1489.586	-1585.819	96.23353	0.7200684	0.6232198	0.397354	0.602646	4.222283
21492	-1487.789	-1582.696	94.90694	0.5899773	0.6417268	0.490024	0.509976	5.024655
21498	-1491.931	-1588.264	96.33274	0.5965112	0.5728161	0.429487	0.570513	4.277713
21504	-1477.571	-1572.988	95.41786	0.6012562	0.6323053	0.446452	0.553548	4.741072
21672	-1482.69	-1579.223	96.53343	0.7876624	0.717331	0.449304	0.550696	3.940795
21678	-1483.895	-1580.439	96.54399	0.8834881	0.596879	0.59416	0.40584	3.973958
21684	-1489.48	-1585.683	96.20365	0.938419	0.8167081	0.486287	0.513713	3.973958
21714	-1479.257	-1573.942	94.68571	0.5303672	0.6372102	0.407185	0.592815	5.183804
21912	-1491.347	-1584.113	92.76599	0.6037114	0.8156929	0.494273	0.505727	6.07276
21918	-1487.756	-1580.598	92.84171	0.6957159	0.6681334	0.513427	0.486573	6.081848
22182	-1489.894	-1584.575	94.68053	0.8311099	0.8315697	0.519746	0.480254	4.883661
22188	-1481.286	-1576.094	94.80714	0.5609412	0.6509244	0.436013	0.563987	5.089106
22194	-1489.595	-1584.975	95.37944	0.5936127	0.6427883	0.519626	0.480374	4.758657
22200	-1489.252	-1585.041	95.78888	0.7581462	0.5799943	0.46241	0.53759	4.487382
22206	-1504.649	-1600.812	96.16247	0.68129	0.5629946	0.573732	0.426268	4.334472
22224	-1495.997	-1592.076	96.07937	0.7670239	0.7097617	0.501446	0.498554	4.216852
22230	-1483.804	-1579.338	95.53378	0.6034562	0.5530313	0.425518	0.574482	4.740091
22236	-1485.151	-1581.377	96.22607	0.7273075	0.5530313	0.437735	0.562265	4.281094
22242	-1487.716	-1583.595	95.87914	0.8261699	0.5933451	0.488387	0.511613	4.387076
22248	-1489.246	-1583.553	94.30659	0.6255241	0.7385764	0.447428	0.552572	5.266875
22254	-1492.728	-1587.882	95.15397	0.9997986	0.5840177	0.474344	0.525656	4.704666
22260	-1485.148	-1581.322	96.17345	0.9951216	0.472919	0.474344	0.525656	4.232972
22266	-1494.247	-1590.73	96.48226	0.9951216	0.5980309	0.474344	0.525656	3.94444
22284	-1487.754	-1584.788	97.03454	0.8204447	0.4677913	0.576017	0.423983	3.846294
22290	-1487.206	-1582.471	95.26536	0.5298379	0.4836717	0.41024	0.58976	4.993067
22296	-1496.674	-1592.136	95.46158	0.7342749	0.5911963	0.417646	0.582354	4.675182
22302	-1481.392	-1577.21	95.81751	0.7342749	0.5911963	0.448198	0.551802	4.475378
22308	-1476.607	-1573.917	97.31092	0.8012789	0.481527	0.448198	0.551802	3.684415
22314	-1475.334	-1571.929	96.59524	0.8012789	0.6621255	0.553376	0.446624	3.939194
22320	-1488.412	-1585.734	97.32156	0.99758	0.3826372	0.554076	0.445924	3.66956
22326	-1480.218	-1576.63	96.41195	0.8425293	0.6362927	0.441724	0.558276	4.040679
22332	-1486.753	-1583.233	96.48084	0.9116717	0.7035533	0.321671	0.678329	3.910032
22338	-1483.851	-1578.97	95.11825	0.5723871	0.6598302	0.308685	0.691315	4.903138
22344	-1479.166	-1573.568	94.4028	0.6992948	0.6598302	0.413503	0.586497	5.229644
22350	-1483.325	-1579.293	95.96724	0.6992948	0.4448807	0.413503	0.586497	4.544055
22356	-1483.034	-1579.379	96.34436	0.8485768	0.4655515	0.480431	0.519569	4.22638
22362	-1491.179	-1587.356	96.17684	0.8485768	0.5691149	0.300944	0.699056	4.22638
22368	-1483.971	-1578.446	94.47533	0.6726958	0.6688976	0.463005	0.536995	5.197467
22374	-1483.637	-1578.23	94.59234	0.5128129	0.7098066	0.500289	0.499711	5.191402
22380	-1474.391	-1569.554	95.16257	0.5592634	0.5924603	0.505505	0.494495	4.938679
22386	-1480.098	-1577	96.90157	0.6109973	0.5388021	0.403543	0.596457	3.975536
22392	-1484.224	-1580.008	95.78455	0.466703	0.4952906	0.56519	0.43481	4.728018
22398	-1486.525	-1582.78	96.25495	0.7208969	0.524305	0.47609	0.52391	4.293899
22404	-1494.736	-1589.957	95.22009	0.8336186	0.7254525	0.486727	0.513273	4.65231
22422	-1473.611	-1568.889	95.2786	0.5084352	0.5377808	0.395228	0.604772	4.948574
22428	-1483.409	-1577.959	94.55019	0.601011	0.5757182	0.389725	0.610275	5.268752
22434	-1498.149	-1593.364	95.21536	0.6838367	0.6166687	0.440922	0.559078	4.82037
22440	-1477.889	-1573.503	95.61429	0.5276046	0.4624303	0.440922	0.559078	4.82037
22446	-1480.524	-1575.311	94.78742	0.7705948	1.052943	0.433524	0.566476	4.728248
22452	-1478.714	-1574.312	95.59831	0.7717692	0.6407117	0.332205	0.667795	4.537825
22458	-1480.932	-1575.488	94.55599	0.5750924	0.494313	0.365331	0.634669	5.350784
22464	-1481.303	-1574.986	93.68291	0.5314116	0.6257274	0.478807	0.521193	5.744042
22470	-1476.669	-1571.287	94.61867	0.5314116	0.6504943	0.463384	0.536616	5.210155
22476	-1476.484	-1571.207	94.72314	0.6152639	0.6934682	0.476235	0.523765	5.073944
22512	-1501.774	-1596.334	94.56019	0.6011775	0.536753	0.41939	0.58061	5.296158
22518	-1502.725	-1597.851	95.12605	0.6757436	0.5036677	0.398956	0.601044	4.970861
22620	-1484.701	-1577.978	93.27727	0.5733149	0.7029416	0.468676	0.531324	5.8859
22626	-1488.767	-1585.741	96.97345	0.6795791	0.4048404	0.528411	0.471589	4.027525
22632	-1491.684	-1588.398	96.71396	0.8964098	0.7122732	0.55061	0.44939	3.778347
22638	-1483.443	-1580.568	97.12544	0.8191676	0.4844161	0.489388	0.510612	3.778347
22644	-1492.735	-1589.469	96.7335	0.8191676	0.5264037	0.341923	0.658077	3.963818
22650	-1487.259	-1584.372	97.11278	0.753049	0.3995351	0.44143	0.55857	3.911621
22656	-1486.306	-1580.897	94.59067	0.753049	0.4357101	0.527445	0.472555	5.289714
22680	-1499.761	-1597.325	97.56426	1.123924	0.3785566	0.323206	0.676794	3.459653
22686	-1492.829	-1589.08	96.25087	0.9759817	0.5543035	0.489576	0.510424	4.12478
22692	-1485.527	-1583.368	97.84064	0.9552836	0.5685723	0.412616	0.587384	3.202891
22698	-1484.418	-1579.961	95.5437	0.8107682	0.6732742	0.57878	0.42122	4.521668
22704	-1478.151	-1574.466	96.31522	0.8107682	0.6732742	0.398489	0.601511	4.08514
22710	-1472.92	-1569.177	96.25734	0.8107682	0.6814191	0.414683	0.585317	4.111924
22716	-1477.71	-1573.558	95.84718	0.8107682	0.6801076	0.399223	0.600777	4.3455
22722	-1479.807	-1575.739	95.93205	0.5268458	0.5482776	0.566714	0.433286	4.564008
22728	-1478.008	-1571.16	93.15242	0.4676884	0.5930844	0.391048	0.608952	6.094208
23214	-1489.76	-1586.565	96.8042	0.8067061	0.4642687	0.488947	0.511053	3.989691
23220	-1477.602	-1574.005	96.40317	0.7635336	0.5086116	0.453955	0.546045	4.200112
23226	-1477.383	-1572.217	94.83367	0.6034931	0.7026004	0.453955	0.546045	5.012525
23232	-1481.222	-1576.531	95.30959	0.6034931	0.7026004	0.453955	0.546045	4.747389
23238	-1487.04	-1582.365	95.32526	0.5995319	0.5607119	0.494992	0.505008	4.852105
23244	-1493.75	-1587.91	94.16007	0.4639504	0.5234142	0.637116	0.362884	5.603634
23250	-1490.988	-1586.653	95.66511	0.5245129	0.5752408	0.415789	0.584211	4.691919
23256	-1485.999	-1580.114	94.11427	0.6331269	0.4318595	0.482245	0.517755	5.621833
23262	-1482.852	-1579.59	96.73815	0.6331269	0.5425859	0.37949	0.62051	4.05285
23268	-1491.643	-1586.962	95.31905	0.4639923	0.7455032	0.37949	0.62051	4.789596
23274	-1490.421	-1585.438	95.01778	0.6148669	0.6344403	0.475154	0.524846	4.95487
23280	-1492.762	-1587.474	94.71176	0.4949403	0.5005138	0.623129	0.376871	5.303384
23286	-1493.21	-1589.574	96.36406	0.6825975	0.5232157	0.32791	0.67209	4.254788
23292	-1488.032	-1583.452	95.42022	0.4668634	0.5222112	0.540191	0.459809	4.906653
23298	-1482.446	-1576.793	94.347	0.4668634	0.5157236	0.405082	0.594918	5.506126
23304	-1488.126	-1581.571	93.4451	0.004748948	0.5428326	0.548967	0.451033	6.228208
23310	-1487.314	-1580.802	93.48763	0.01190193	0.503315	0.54955	0.45045	6.235624
23316	-1489.317	-1583.212	93.89494	0.01566059	0.503315	0.483439	0.516561	6.011815
23322	-1476.748	-1570.611	93.86359	0.02009121	0.5417251	0.484163	0.515837	5.992901
23328	-1490.436	-1584.294	93.85872	0.02495708	0.5417251	0.486348	0.513652	5.992901
23334	-1476.505	-1569.881	93.3763	0.02141042	0.5417251	0.46553	0.53447	6.257483
23340	-1482.968	-1577.396	94.42858	0.08623082	0.5216024	0.520873	0.479127	5.665149
23346	-1482.581	-1576.35	93.76938	0.09386016	0.6032205	0.595451	0.404549	5.953581
23364	-1483.173	-1577.249	94.07584	0.4993704	0.6474865	0.395677	0.604323	5.529396
23370	-1472.721	-1567.572	94.85107	0.4881589	0.5519416	0.465603	0.534397	5.184767
23376	-1475.719	-1568.282	92.56322	0.548582	0.5519416	0.516922	0.483078	6.404085
23382	-1475.856	-1570.283	94.4268	0.6771481	0.7526474	0.430091	0.569909	5.162175
23388	-1480.272	-1575.286	95.01419	0.7684169	0.8154591	0.571978	0.428022	4.742858
23394	-1482.341	-1577.727	95.38604	0.7684169	0.5988895	0.343323	0.656677	4.692057
23400	-1482.638	-1579.394	96.75598	0.8161493	0.4860772	0.394406	0.605594	3.990503
23406	-1480.612	-1576.862	96.25082	0.8180897	0.6227848	0.457674	0.542326	4.157162
23412	-1503.515	-1597.968	94.45304	0.6981901	0.6701967	0.385644	0.614356	5.194728
23418	-1487.109	-1583.122	96.01329	0.8550989	0.8408315	0.429536	0.570464	4.114278
23424	-1486.68	-1581.811	95.13111	0.397195	0.5460179	0.43872	0.56128	5.085113
23454	-1489.095	-1585.202	96.10702	0.7460625	0.5442836	0.466353	0.533647	4.345483
23460	-1488.693	-1583.874	95.18107	0.7460625	0.8016643	0.466353	0.533647	4.671043
23466	-1485.989	-1581.148	95.15946	0.6919825	0.5880987	0.433558	0.566442	4.87009
23472	-1488.632	-1583.364	94.73244	0.8454228	0.7928392	0.455561	0.544439	4.871954
23478	-1485.379	-1580.441	95.06184	0.8157302	1.103089	0.402945	0.597055	4.522532
23484	-1485.987	-1579.835	93.84786	0.6275807	0.4226508	0.439695	0.560305	5.780186
23490	-1486.291	-1581.198	94.90706	0.689792	0.4775697	0.461587	0.538413	5.108892
23496	-1485.596	-1579.959	94.36279	0.6117472	0.5897805	0.461587	0.538413	5.354737
23502	-1486.822	-1582.141	95.31898	0.6061554	0.586265	0.359669	0.640331	4.830519
23508	-1479.976	-1574.462	94.48583	0.4255844	0.6003168	0.394598	0.605402	5.381045
23514	-1481.843	-1577.697	95.85455	0.6706977	0.5572569	0.385579	0.614421	4.518951
23520	-1502.095	-1595.953	93.85784	0.3874367	0.7439166	0.569475	0.430525	5.6413
23526	-1485.779	-1581.807	96.02786	0.7253819	0.6662349	0.423131	0.576869	4.30212
23532	-1474.718	-1568.059	93.34103	0.4747872	0.6296944	0.486814	0.513186	5.958859
23538	-1485.117	-1579.03	93.91308	0.6152729	0.7529308	0.44006	0.55994	5.479642
23544	-1481.101	-1575.867	94.76665	0.6152729	0.4843295	0.453705	0.546295	5.221518
23550	-1478.897	-1573.091	94.19352	0.5038712	0.7653372	0.375783	0.624217	5.378169
23556	-1493.241	-1587.528	94.28725	0.6343763	0.5292476	0.375783	0.624217	5.434892
23562	-1490.513	-1583.915	93.40186	0.6691065	0.478045	0.528401	0.471599	5.947412
23568	-1491.856	-1588.075	96.21924	0.8552925	0.6249844	0.388708	0.611292	4.152199
23772	-1480.914	-1576.662	95.74775	0.7393473	0.7105476	0.350756	0.649244	4.419463
23778	-1476.595	-1572.761	96.16531	0.7393473	0.6702705	0.350756	0.649244	4.213263
23784	-1481.898	-1577.119	95.2205	0.7393473	0.4063074	0.472038	0.527962	4.978729
23790	-1482.673	-1577.818	95.14505	0.8325781	0.5753709	0.512792	0.487208	4.810275
23796	-1488.271	-1582.729	94.45782	0.851295	1.003635	0.565643	0.434357	4.894079
23802	-1484.657	-1579.019	94.36263	0.8269306	0.6783089	0.42209	0.57791	5.167513
23808	-1488.114	-1583.062	94.94767	0.6023423	0.5845933	0.360217	0.639783	5.040604
23814	-1482.084	-1576.19	94.10536	0.5056887	0.6453184	0.542846	0.457154	5.51133
23820	-1481.823	-1577.317	95.49383	0.6124946	0.5666868	0.505621	0.494379	4.745711
23826	-1488.96	-1583.87	94.90969	0.5603708	0.5535652	0.629046	0.370954	5.110929
23832	-1493.464	-1586.953	93.48971	0.3957765	0.4469592	0.395387	0.604613	6.078158
23838	-1485.959	-1582.622	96.66324	0.6763808	0.6983152	0.344902	0.655098	3.944239
23844	-1489.267	-1584.801	95.53437	0.6355601	0.6477197	0.496317	0.503683	4.644696
23850	-1480.516	-1575.029	94.51316	0.4903137	0.6124851	0.345784	0.654216	5.320588
23856	-1483.095	-1577.684	94.58916	0.7650217	0.765048	0.525674	0.474326	5.014989
23862	-1486.459	-1581.428	94.96956	0.6518405	0.5104981	0.441025	0.558975	5.064828
23868	-1485.698	-1580.142	94.44387	0.7518227	0.5104981	0.408548	0.591452	5.300414
23874	-1487.953	-1581.655	93.70175	0.5634011	0.6074939	0.362772	0.637228	5.730439
23880	-1479.548	-1573.589	94.04039	0.7340142	0.5300129	0.477727	0.522273	5.515232
23886	-1483.695	-1577.226	93.5318	0.6016125	0.5637971	0.477727	0.522273	5.837927
23892	-1490.923	-1585.32	94.39604	0.7189535	0.55993	0.394697	0.605303	5.301928
23898	-1480.957	-1575.546	94.58963	0.6177151	0.5216469	0.446896	0.553104	5.284023
23904	-1480.962	-1576.945	95.98331	0.7523986	0.6176669	0.440499	0.559501	4.350073
23910	-1481.788	-1577.627	95.83956	0.8022811	0.5898616	0.536689	0.463311	4.425756
23916	-1488.769	-1584.318	95.54912	0.718665	0.5986154	0.547442	0.452558	4.628808
23922	-1485.113	-1580.016	94.90331	0.5174615	0.615572	0.478508	0.521492	5.087318
23928	-1481.399	-1577.121	95.7218	0.5714226	0.4577022	0.48295	0.51705	4.740489
23934	-1489.569	-1584.716	95.14726	0.6907253	0.4637731	0.416287	0.583713	4.988272
23940	-1486.601	-1580.744	94.14302	0.6876101	0.8707807	0.558963	0.441037	5.236982
23946	-1476.591	-1571.182	94.59164	0.6577508	0.6188944	0.460332	0.539668	5.179631
23952	-1478.835	-1574.305	95.4705	0.6189948	0.6188944	0.539702	0.460298	4.7123
23958	-1481.17	-1577.089	95.91913	0.5925514	0.6047044	0.450058	0.549942	4.48687
23964	-1475.134	-1570.278	95.14414	0.5812768	0.6047044	0.471511	0.528489	4.926763
23970	-1493.773	-1588.631	94.85736	0.6833925	0.7403516	0.429716	0.570284	4.928215
23976	-1492.13	-1586.982	94.85192	0.6266482	0.780467	0.488191	0.511809	4.935471
23982	-1494.821	-1589.828	95.00762	0.7685048	0.6839878	0.519742	0.480258	4.837464
23988	-1487.36	-1582.013	94.65266	0.6132401	0.4230121	0.40754	0.59246	5.345536
23994	-1488.887	-1584.347	95.45992	0.4858015	0.4958309	0.345386	0.654614	4.897995
24000	-1502.634	-1597.293	94.65887	0.4965715	0.4991423	0.354736	0.645264	5.332922
24006	-1488.203	-1583.831	95.6281	0.653722	0.6821273	0.565994	0.434006	4.555859
24012	-1487.411	-1583.404	95.9925	0.5759849	0.5983478	0.41456	0.58544	4.460084
24018	-1471.615	-1566.59	94.97426	0.5759849	0.5130937	0.41456	0.58544	5.101947
24024	-1474.223	-1568.945	94.72172	0.6519957	0.8990255	0.528462	0.471538	4.918607
24030	-1473.786	-1569.452	95.66658	0.807075	0.519542	0.392602	0.607398	4.581199
24036	-1480.714	-1576.703	95.98949	0.8719435	0.597808	0.419974	0.580026	4.295164
24042	-1479.679	-1575.82	96.14073	0.6928195	0.5133452	0.514363	0.485637	4.384291
24048	-1496.603	-1592.063	95.45934	0.66156	0.5133452	0.616767	0.383233	4.78427
24054	-1488.867	-1583.328	94.46145	0.7746393	0.4620456	0.536204	0.463796	5.323223
24060	-1486.624	-1582.079	95.45521	0.5251711	0.530797	0.536676	0.463324	4.847046
24066	-1493.231	-1587.906	94.67519	0.5981795	0.6551546	0.540315	0.459685	5.138389
24084	-1495.472	-1589.007	93.5357	0.5042653	0.5346248	0.557161	0.442839	5.913677
24192	-1482.526	-1577.892	95.36606	0.4810787	0.5651221	0.393676	0.606324	4.891633
24198	-1477.914	-1572.153	94.23829	0.44102	0.5879897	0.527162	0.472838	5.518755
24204	-1476.202	-1571.138	94.93628	0.3724163	0.5150192	0.574525	0.425475	5.233926
24210	-1473.924	-1568.797	94.87283	0.4455586	0.5307315	0.478113	0.521887	5.214648
24216	-1481.313	-1576.608	95.29505	0.5863716	0.5380877	0.556606	0.443394	4.895778
24222	-1483.429	-1578.455	95.02548	0.5902107	0.6136431	0.44906	0.55094	4.980636
24228	-1478.674	-1572.762	94.08792	0.3832521	0.6013753	0.528572	0.471428	5.62233
24234	-1491.976	-1586.581	94.6057	0.6472034	0.7394825	0.594007	0.405993	5.088706
24312	-1490.495	-1587.43	96.93528	0.6804895	0.5351887	0.48515	0.51485	3.919707
24318	-1475.21	-1571.847	96.63728	0.7010578	0.5630574	0.407128	0.592872	4.053644
24324	-1486.377	-1580.79	94.41344	0.5717622	0.4797106	0.529549	0.470451	5.444725
24330	-1485.762	-1580.133	94.37131	0.6138836	0.4797106	0.390609	0.609391	5.444725
24336	-1490.548	-1584.505	93.95639	0.3465611	0.5037977	0.390609	0.609391	5.797053
24342	-1482.573	-1577.691	95.11768	0.7212652	0.7124914	0.478542	0.521458	4.781674
24348	-1476.265	-1573.465	97.20026	0.8327017	0.5251496	0.522034	0.477966	3.688705
24354	-1476.477	-1572.456	95.97903	0.6686373	0.5832324	0.354316	0.645684	4.427995
24360	-1485.22	-1583.016	97.79585	0.8642819	0.5495311	0.553849	0.446151	3.300324
24366	-1489.509	-1586.238	96.7291	0.8836261	0.5598107	0.470108	0.529892	3.899548
24372	-1487.352	-1582.438	95.08656	0.7255551	0.6527147	0.481898	0.518102	4.840863
24378	-1490.708	-1588.099	97.39102	0.7872058	0.393809	0.407808	0.592192	3.738314
24384	-1480.596	-1577.424	96.82753	0.9144832	0.5769688	0.407808	0.592192	3.810378
24390	-1478.646	-1576.316	97.67052	0.8838788	0.4557024	0.407808	0.592192	3.453249
24396	-1482.43	-1577.897	95.46678	0.5933122	0.5828685	0.535037	0.464963	4.757994
24402	-1483.339	-1578.129	94.78991	0.559096	0.6025562	0.528443	0.471557	5.137465
24408	-1483.028	-1578.205	95.17677	0.7918434	0.7967882	0.498565	0.501435	4.651038
24414	-1484.816	-1581.12	96.30326	0.5988159	0.5217926	0.470434	0.529566	4.33789
24420	-1496.519	-1593.74	97.22098	0.9124182	0.4935374	0.498614	0.501386	3.660443
24426	-1491.866	-1586.74	94.87351	0.6466422	0.6680553	0.46004	0.53996	4.991783
24432	-1490.58	-1585.571	94.9911	0.849025	0.7838563	0.447242	0.552758	4.731562
24438	-1493.872	-1589.363	95.49079	0.709334	0.4823096	0.447242	0.552758	4.768775
24444	-1493.029	-1589.036	96.00711	0.7699522	0.4512867	0.428704	0.571296	4.475475
24450	-1490.727	-1586.388	95.6614	0.6215573	0.3888811	0.514549	0.485451	4.817587
24456	-1487.03	-1582.232	95.20158	0.7014818	0.5337549	0.489695	0.510305	4.887524
24462	-1485.148	-1581.509	96.3611	0.8298032	0.5051084	0.455714	0.544286	4.189632
24468	-1490.862	-1585.919	95.05741	0.7829627	0.7006646	0.457443	0.542557	4.789408
24474	-1484.97	-1582.187	97.21746	0.986595	0.7063395	0.536724	0.463276	3.438152
24480	-1480.413	-1578.181	97.76847	0.986595	0.6218301	0.446869	0.553131	3.18093
24486	-1489.498	-1586.261	96.76287	1.031546	0.8088137	0.48398	0.51602	3.603458
24492	-1494.388	-1588.601	94.21295	0.7487762	0.7199344	0.406244	0.593756	5.263527
24498	-1480.196	-1574.77	94.57474	0.5359752	0.6097676	0.397931	0.602069	5.263527
24504	-1478.074	-1573.481	95.40705	0.7775842	0.4470702	0.40095	0.59905	4.811656
24510	-1486.42	-1582.295	95.87456	0.864782	0.4185143	0.505337	0.494663	4.530259
24516	-1492.349	-1588.005	95.65611	0.6335092	0.4185736	0.46854	0.53146	4.782117
24522	-1479.473	-1574.702	95.22937	0.4755408	0.5413637	0.462832	0.537168	4.99111
24528	-1493.538	-1588.332	94.79427	0.6317662	0.6868808	0.376712	0.623288	5.030123
24534	-1493.503	-1588.254	94.75097	0.5287695	0.6054785	0.434192	0.565808	5.173474
24540	-1484.833	-1580.171	95.33789	0.4858758	0.6042107	0.434192	0.565808	4.8724
24546	-1481.092	-1576.208	95.1157	0.631563	0.6587739	0.434192	0.565808	4.8724
24552	-1488.446	-1583.253	94.80747	0.7032452	0.8501453	0.424387	0.575613	4.8724
24558	-1486.438	-1582.629	96.19143	0.7011354	0.6404409	0.474555	0.525445	4.243202
24564	-1490.164	-1585.616	95.45151	0.7272822	0.6404409	0.474555	0.525445	4.645366
24570	-1490.988	-1586.26	95.27215	0.8291074	0.4845251	0.48186	0.51814	4.821868
24576	-1500.6	-1593.253	92.65343	0.5074344	0.6844384	0.50146	0.49854	6.274878
24582	-1488.913	-1584.759	95.84532	0.7608697	0.6680039	0.416483	0.583517	4.383865
24588	-1483.746	-1580.712	96.96566	0.7568172	0.5507798	0.512343	0.487657	3.844499
24594	-1485.853	-1580.608	94.75526	0.6916418	0.5571428	0.628608	0.371392	5.120717
24600	-1486.826	-1582.734	95.90767	0.776347	0.634755	0.429061	0.570939	4.365664
24606	-1485.239	-1580.682	95.44378	0.776347	0.7046504	0.437057	0.562943	4.573928
24630	-1484.038	-1582.311	98.27315	0.9801449	0.5242789	0.436507	0.563493	2.971055
24636	-1478.301	-1574.824	96.52285	0.9010137	0.6022083	0.436507	0.563493	3.971594
24642	-1489.161	-1587.625	98.46424	1.022686	0.3974608	0.455929	0.544071	2.964445
24648	-1490.677	-1588.727	98.05031	0.809615	0.4284258	0.51753	0.48247	3.30277
24654	-1485.391	-1581.708	96.31753	0.5995671	0.6088367	0.515355	0.484645	4.254604
24660	-1499.227	-1597.249	98.02154	0.9120931	0.4800262	0.613275	0.386725	3.205319
24666	-1496.959	-1594.794	97.83453	0.884394	0.4800262	0.523244	0.476756	3.332065
24750	-1489.108	-1583.926	94.81734	0.5374062	0.4898033	0.534914	0.465086	5.231447
24756	-1492.023	-1585.527	93.50454	0.549332	0.4261207	0.533955	0.466045	6.007005
24780	-1490.978	-1587.31	96.33214	0.7792383	0.8176921	0.539596	0.460404	3.990854
24786	-1488.483	-1586.998	98.51488	1.026532	0.6198004	0.417856	0.582144	2.708879
24804	-1487.47	-1582.684	95.2141	0.671055	0.4623135	0.397572	0.602428	4.963466
24810	-1479.525	-1574.928	95.40315	0.3882391	0.4623135	0.488272	0.511728	5.015572
24816	-1490.963	-1585.28	94.31632	0.4612949	0.8345878	0.456203	0.543797	5.288793
24822	-1480.802	-1574.995	94.19211	0.5854984	0.8345878	0.527647	0.472353	5.288793
24828	-1488.976	-1582.683	93.70675	0.5438139	0.8345878	0.555841	0.444159	5.579027
24834	-1482.791	-1578.462	95.67049	0.82911	0.515108	0.575107	0.424893	4.570652
24840	-1476.429	-1572.205	95.77564	0.82911	0.4529762	0.575107	0.424893	4.570652
24846	-1480.332	-1575.84	95.50763	0.8209246	0.8991728	0.490897	0.509103	4.38352
24852	-1482.691	-1577.278	94.58638	0.7570709	0.5444493	0.455071	0.544929	5.188858
24858	-1478.847	-1574.131	95.28424	0.7210471	0.5059869	0.458225	0.541775	4.855467
24864	-1476.495	-1571.334	94.83869	0.7589038	0.4845417	0.470628	0.529372	5.101915
24870	-1478.372	-1573.139	94.76736	0.7243981	0.5500434	0.488736	0.511264	5.101915
24876	-1481.152	-1578.77	97.61764	1.193757	0.5862408	0.584729	0.415271	3.178067
24882	-1489.075	-1587.428	98.3528	1.235218	0.7593223	0.574671	0.425329	2.566658
24888	-1489.961	-1588.661	98.69983	1.443253	0.6202611	0.51764	0.48236	2.333029
24894	-1479.411	-1578.183	98.77131	1.385183	0.7226962	0.51764	0.48236	2.236424
24900	-1483.721	-1582.671	98.95025	1.385183	0.5351402	0.51764	0.48236	2.291511
24906	-1497.04	-1596.072	99.03137	1.351933	0.7693836	0.513401	0.486599	2.050656
24912	-1487.196	-1582.668	95.47156	0.5859667	0.5971226	0.58877	0.41123	4.747703
24918	-1490.779	-1587.242	96.46272	0.7499199	0.7441661	0.446346	0.553654	3.983486
24924	-1495.112	-1591.246	96.134	0.6520605	0.7327808	0.558162	0.441838	4.234451
24930	-1498.854	-1594.102	95.24867	0.6520605	0.6177312	0.254762	0.745238	4.818669
24936	-1486.204	-1581.772	95.56818	0.5751777	0.4633378	0.254762	0.745238	4.818669
24942	-1481.968	-1575.006	93.03739	0.4494639	0.6796135	0.35923	0.64077	6.101034
24948	-1490.806	-1586.445	95.63894	0.6577185	0.5479849	0.554143	0.445857	4.655249
24954	-1487.812	-1582.097	94.28568	0.5758515	0.8438749	0.521617	0.478383	5.236582
24960	-1478.934	-1575.302	96.36785	0.8096156	0.4561219	0.564785	0.435215	4.244505
24966	-1481.52	-1578.586	97.06649	1.269704	0.4938664	0.449124	0.550876	3.542378
24972	-1478.886	-1574.844	95.95872	0.7029825	0.6231157	0.42628	0.57372	4.387495
24978	-1489.381	-1584.66	95.27931	0.8993892	0.5592191	0.42628	0.57372	4.711597
24984	-1490.17	-1586.497	96.32706	0.8993892	0.798633	0.487101	0.512899	3.93779
24990	-1480.578	-1577.827	97.24848	0.873452	0.6073947	0.490578	0.509422	3.564774
24996	-1484.961	-1581.557	96.59605	0.9164943	0.6695337	0.45618	0.54382	3.866923
25002	-1493.999	-1590.745	96.74658	0.7419664	0.7232121	0.45618	0.54382	3.840421
25008	-1491.032	-1587.465	96.43366	0.7361154	0.7736427	0.473494	0.526506	3.987316
25014	-1478.998	-1574.915	95.9167	0.6952027	0.5651695	0.491438	0.508562	4.463408
25020	-1471.767	-1566.663	94.89567	0.6952027	0.6769699	0.488946	0.511054	4.945828
25026	-1476.296	-1571.16	94.86443	0.6677911	0.5727411	0.470873	0.529127	5.06029
25032	-1470.922	-1566.541	95.61913	0.6508095	0.4925138	0.484371	0.515629	4.720155
25038	-1480.516	-1576.308	95.79203	0.6508095	0.4725183	0.634223	0.365777	4.642343
25044	-1477.89	-1573.289	95.39919	0.8011377	0.6288872	0.508133	0.491867	4.642343
25050	-1481.18	-1576.457	95.27659	0.6943831	0.6079662	0.337453	0.662547	4.787275
25056	-1488.408	-1580.989	92.58014	0.5392851	0.6061256	0.514077	0.485923	6.356103
25062	-1496.695	-1590.891	94.1965	0.7677544	0.6804167	0.430931	0.569069	5.290528
25068	-1486.814	-1581.567	94.75296	0.4926995	0.4733465	0.550701	0.449299	5.307137
25074	-1478.647	-1573.102	94.45474	0.7602363	0.4914464	0.450906	0.549094	5.307137
25080	-1485.904	-1582.964	97.06004	1.170391	0.5619248	0.359582	0.640418	3.540835
25086	-1475.748	-1574.921	99.17321	1.250902	0.5448725	0.410899	0.589101	2.224769
25092	-1480.362	-1578.529	98.16736	1.168965	0.4027184	0.422242	0.577758	3.048688
25098	-1486.963	-1583.919	96.95562	1.083633	0.811389	0.51899	0.48101	3.45909
25104	-1481.24	-1574.644	93.40406	0.5346596	0.7115268	0.397021	0.602979	5.83166
25110	-1476.581	-1569.958	93.37788	0.4410242	0.6302695	0.499267	0.500733	5.956732
25116	-1488.274	-1582.293	94.01898	0.7661054	0.7275771	0.440675	0.559325	5.355668
25122	-1477.322	-1573.692	96.37026	0.8092138	0.7737977	0.459891	0.540109	3.981665
25128	-1479.221	-1575.526	96.30431	0.8092138	0.510122	0.459891	0.540109	4.228884
25134	-1486.791	-1583.013	96.22201	0.8682052	0.4949652	0.459891	0.540109	4.256245
25140	-1477.065	-1573.596	96.5307	0.6500276	0.4771875	0.382242	0.617758	4.221935
25146	-1479.35	-1574.832	95.48139	0.8070052	0.8612681	0.444575	0.555425	4.429684
25152	-1481.631	-1578.355	96.72455	0.6217406	0.4597668	0.452922	0.547078	4.14503
25158	-1483.437	-1577.535	94.09727	0.5313102	0.5804818	0.487092	0.512908	5.552753
25164	-1482.05	-1577.658	95.60771	0.6190343	0.5509673	0.549753	0.450247	4.691809
25170	-1486.843	-1582.611	95.76762	0.5565215	0.4904075	0.420245	0.579755	4.691809
25176	-1479.218	-1574.508	95.28952	0.6410519	0.7032992	0.498812	0.501188	4.737111
25182	-1486.447	-1581.743	95.29618	0.7474297	0.6199579	0.50695	0.49305	4.737111
25188	-1486.181	-1581.922	95.74073	0.542723	0.6199579	0.449798	0.550202	4.602811
25194	-1480.107	-1574.736	94.6293	0.4348118	0.5730832	0.449798	0.550202	5.319021
25200	-1498.923	-1592.526	93.60263	0.4926562	0.6424055	0.539006	0.460994	5.796447
25206	-1496.56	-1590.67	94.11042	0.5748417	0.6316096	0.423236	0.576764	5.481001
25212	-1498.504	-1593.676	95.17204	0.7119393	0.643178	0.551473	0.448527	4.808092
25218	-1486.787	-1583.015	96.22798	0.8242282	0.6284916	0.410688	0.589312	4.162079
25800	-1490.275	-1585.04	94.76575	0.5912481	0.3989168	0.437887	0.562113	5.320436
25806	-1485.66	-1582.49	96.82921	0.6740233	0.4514363	0.488008	0.511992	4.064036
25944	-1482.013	-1574.395	92.38206	0.6297453	0.6040291	0.472061	0.527939	6.416123
25950	-1484.001	-1578.237	94.23614	0.51907	0.4781968	0.472061	0.527939	5.572618
25956	-1481.266	-1576.14	94.87314	0.6717805	0.5554477	0.49043	0.50957	5.067815
25962	-1478.623	-1574.743	96.1202	0.6850066	0.5851243	0.579198	0.420802	4.337496
25968	-1483.837	-1577.708	93.87027	0.5060076	0.5512349	0.494435	0.505565	5.715521
25974	-1475.89	-1570.422	94.53254	0.6052517	0.6686691	0.494435	0.505565	5.2033
25992	-1487.829	-1582.495	94.66596	0.7120044	0.6850053	0.452127	0.547873	5.058179
25998	-1476.406	-1572.025	95.61894	0.8221517	0.7791373	0.490189	0.509811	4.397278
26004	-1475.97	-1572.117	96.14644	0.8221517	0.6740906	0.497127	0.502873	4.174063
26010	-1492.676	-1586.913	94.23796	0.5548747	0.4764516	0.497127	0.502873	5.553586
26016	-1492.665	-1587.056	94.39079	0.6407746	0.6730877	0.459974	0.540026	5.258747
26022	-1501.497	-1595.709	94.21172	0.7196721	0.75099	0.585104	0.414896	5.258747
26028	-1497.357	-1593.762	96.40526	0.6686251	0.6170189	0.370108	0.629892	4.158989
26034	-1498.414	-1596.731	98.31781	1.390129	0.5809117	0.386495	0.613505	2.641234
26040	-1492.457	-1591.419	98.96243	1.070201	0.4334266	0.419608	0.580392	2.590352
26046	-1495.954	-1593.946	97.99158	1.070201	0.9417771	0.447404	0.552596	2.763582
26052	-1492.717	-1589.1	96.38332	0.7260906	0.5266101	0.486284	0.513716	4.216139
26058	-1494.568	-1590.221	95.65383	0.7779351	0.6119509	0.440005	0.559995	4.525947
26064	-1489.401	-1584.887	95.48647	0.7562327	0.5309777	0.567687	0.432313	4.700379
26070	-1488.878	-1584.475	95.59748	0.8151578	0.5309777	0.478293	0.521707	4.605184
26076	-1487.911	-1583.829	95.91773	0.8334847	0.4257723	0.659148	0.340852	4.516003
26082	-1487.904	-1583.874	95.96984	0.7813742	0.4257723	0.361368	0.638632	4.516003
26088	-1493.813	-1588.986	95.17301	0.8655678	0.6906517	0.644949	0.355051	4.685933
26094	-1493.914	-1589.451	95.5362	0.8470589	0.6379888	0.337783	0.662217	4.532542
26100	-1489.742	-1585.878	96.13658	0.8470589	0.4743375	0.501594	0.498406	4.336281
26106	-1487.663	-1583.922	96.25863	0.7961108	0.6168853	0.465023	0.534977	4.169977
26112	-1492.047	-1589.181	97.13424	0.9571806	0.5118749	0.585539	0.414461	3.667258
26118	-1489.569	-1586.279	96.71039	0.8364931	0.3819558	0.467414	0.532586	4.113459
26124	-1488.026	-1581.707	93.6803	0.5287101	0.4101179	0.476049	0.523951	5.93868
26130	-1494.616	-1591.337	96.72189	0.6467633	0.4323701	0.486971	0.513029	4.160191
26136	-1496.51	-1592.559	96.04887	0.6189782	0.4224882	0.416316	0.583684	4.566264
26142	-1489.717	-1584.3	94.58293	0.5554504	0.4224882	0.478872	0.521128	5.416359
26148	-1488.874	-1583.948	95.07434	0.6303418	0.5652373	0.532103	0.467897	4.970799
26172	-1483.549	-1578.03	94.48085	0.5851027	0.6759199	0.509839	0.490161	5.237653
26178	-1487.443	-1581.907	94.46405	0.7779489	0.5505456	0.360423	0.639577	5.239736
26184	-1480.583	-1576.343	95.75998	0.5378743	0.4672751	0.389468	0.610532	4.728562
26190	-1499.258	-1594.662	95.40314	0.5378743	0.5173063	0.410572	0.589428	4.881015
26196	-1489.321	-1583.495	94.17306	0.5438407	0.5420826	0.610484	0.389516	5.536395
26202	-1481.014	-1575.278	94.26455	0.5490679	0.502721	0.438828	0.561172	5.517934
26208	-1483.78	-1577.955	94.17582	0.8951755	0.5452789	0.438828	0.561172	5.33867
26214	-1481.052	-1577.091	96.03897	0.8075636	0.5350332	0.424944	0.575056	4.357374
26220	-1482.565	-1578.488	95.92306	0.8898067	0.5947896	0.424944	0.575056	4.325132
26226	-1487.705	-1582.996	95.2913	0.8638912	0.4149093	0.432373	0.567627	4.86094
26232	-1482.429	-1579.363	96.93425	0.8638912	0.835382	0.578869	0.421131	3.583442
26238	-1483.019	-1580.376	97.35644	0.8778245	0.5175669	0.420632	0.579368	3.579051
26244	-1488.508	-1583.742	95.23375	0.8664999	0.4228701	0.428399	0.571601	4.883264
26250	-1488.318	-1583.474	95.15608	0.8058642	0.5021632	0.56542	0.43458	4.883119
26256	-1477.239	-1574.079	96.84013	0.8894655	0.4231303	0.419785	0.580215	3.96408
26274	-1477.799	-1572.675	94.87582	0.5577016	0.6033211	0.495936	0.504064	5.090015
26280	-1482.81	-1576.047	93.23734	0.4888994	0.6563676	0.495936	0.504064	5.987601
26286	-1484.178	-1577.907	93.72878	0.5350446	0.5286844	0.495936	0.504064	5.796442
26292	-1491.99	-1585.997	94.0064	0.6097157	0.5994644	0.495936	0.504064	5.544253
26298	-1481.108	-1574.973	93.86491	0.3370885	0.6298817	0.456404	0.543596	5.747588
26304	-1492.411	-1586.962	94.55132	0.464899	0.5218228	0.433011	0.566989	5.38931
26310	-1490.864	-1585.756	94.89213	0.464899	0.4294649	0.44752	0.55248	5.288664
26316	-1481.346	-1576.084	94.73721	0.4520783	0.6826075	0.528634	0.471366	5.164505
26322	-1480.668	-1575.33	94.66237	0.7083669	0.5552553	0.39853	0.60147	5.164505
26328	-1474.757	-1569.776	95.01939	0.5091918	0.53099	0.493314	0.506686	5.098036
26334	-1482.337	-1576.558	94.22055	0.6126626	0.53099	0.493314	0.506686	5.48203
26502	-1488.064	-1583.239	95.1743	0.7496416	0.4991297	0.377499	0.622501	4.907073
26508	-1494.953	-1587.668	92.71443	0.8587597	0.4686511	0.539152	0.460848	6.227369
26514	-1483.488	-1580.203	96.71532	0.8059924	0.4766268	0.428067	0.571933	4.028696
26520	-1486.531	-1579.879	93.34734	0.4759594	0.6251695	0.565996	0.434004	5.958256
26526	-1494.854	-1588.778	93.92324	0.6387442	0.6251695	0.561402	0.438598	5.553759
26544	-1488.041	-1584.715	96.67359	0.8031066	0.6063979	0.503526	0.496474	3.937881
26550	-1489.248	-1585.065	95.81766	0.8037678	0.5814475	0.558692	0.441308	4.444274
26556	-1479.72	-1575.432	95.71202	0.8129413	0.5814475	0.458007	0.541993	4.498579
26562	-1489.938	-1586.082	96.14393	0.6221784	0.7196216	0.396316	0.603684	4.255205
26568	-1489.208	-1583.416	94.20827	0.6118452	0.6604311	0.403199	0.596801	5.384849
26610	-1481.238	-1576.075	94.83732	0.5367328	0.5192355	0.512308	0.487692	5.194018
26616	-1494.634	-1589.791	95.15738	0.7102293	0.3905158	0.726245	0.273755	5.046907
26622	-1474.713	-1569.852	95.13908	0.6286919	0.4437748	0.447985	0.552015	5.046907
26628	-1481.131	-1576.34	95.20923	0.6133109	0.4139867	0.481567	0.518433	5.046907
26634	-1485.586	-1580.411	94.8251	0.5659708	0.768315	0.406292	0.593708	4.992287
26640	-1489.839	-1585.032	95.19271	0.4564629	0.5764206	0.530541	0.469459	4.992287
26646	-1494.845	-1590.831	95.98544	0.5631469	0.4430199	0.540407	0.459593	4.612137
26652	-1492.883	-1587.995	95.1125	0.5631469	0.6196526	0.509274	0.490726	4.942539
26658	-1495.707	-1590.052	94.34441	0.6080394	0.6196526	0.401671	0.598329	5.343097
26664	-1499.201	-1595.424	96.22329	0.5524551	0.6196526	0.667061	0.332939	4.325856
26670	-1498.857	-1594.496	95.63906	0.6603168	0.5901571	0.428831	0.571169	4.618037
26676	-1493.745	-1589.557	95.81162	0.6991869	0.6575878	0.448415	0.551585	4.445598
26682	-1480.66	-1576.597	95.93674	0.6844445	0.5783403	0.544864	0.455136	4.447018
26688	-1475.456	-1571.849	96.39246	0.7424754	0.5482213	0.540718	0.459282	4.182367
26694	-1477.935	-1572.122	94.18712	0.58684	0.6367849	0.464268	0.535732	5.428195
26700	-1487.6	-1581.733	94.13345	0.2762847	0.5152036	0.530023	0.469977	5.728398
26706	-1478.739	-1572.661	93.92187	0.4478936	0.4736248	0.496268	0.503732	5.788235
26712	-1481.931	-1574.546	92.61465	0.5573155	0.921589	0.333216	0.666784	6.116351
26718	-1481.364	-1575.588	94.22406	0.6244947	0.5557322	0.402167	0.597833	5.452349
26724	-1479.716	-1575.998	96.28195	0.9890257	0.3560698	0.443488	0.556512	4.299918
26730	-1477.239	-1573.347	96.10842	0.9663277	0.5098513	0.307926	0.692074	4.251114
26736	-1474.984	-1570.431	95.44763	0.8078073	0.7044017	0.375435	0.624565	4.554281
26742	-1477.575	-1572.817	95.24235	0.4996495	0.5520499	0.500159	0.499841	4.961269
26748	-1495.573	-1589.049	93.47557	0.4996495	0.4810356	0.591273	0.408727	5.996882
26760	-1495.514	-1590.964	95.44959	0.7693493	0.6810262	0.55697	0.44303	4.591979
26766	-1491.465	-1586.864	95.39853	0.6583449	0.4935682	0.53882	0.46118	4.838155
26772	-1486.281	-1581.594	95.31327	0.6583449	0.4935682	0.447879	0.552121	4.885672
26778	-1487.562	-1582.537	94.97496	0.666444	0.4892668	0.652165	0.347835	5.073211
26784	-1487.254	-1583.552	96.29823	0.7863375	0.5420639	0.422735	0.577265	4.216392
26790	-1481.517	-1578.073	96.5565	0.6051415	0.4942911	0.481281	0.518719	4.216392
26796	-1492.342	-1588.505	96.16274	0.6603641	0.4710563	0.481281	0.518719	4.430067
26802	-1490.285	-1586.23	95.94459	0.6603641	0.4915602	0.481281	0.518719	4.533243
26808	-1501.882	-1596.36	94.47776	0.7311822	0.5475725	0.495794	0.504206	5.260547
26814	-1494.646	-1588.788	94.14222	0.6789441	0.5709608	0.418905	0.581095	5.454679
26820	-1496.363	-1589.446	93.08325	0.6955902	0.6210231	0.615211	0.384789	5.985714
26826	-1489.48	-1585.55	96.06997	0.9691455	0.6388974	0.583691	0.416309	4.161252
26832	-1479.361	-1575.149	95.78753	0.8123681	0.7261698	0.503238	0.496762	4.344534
26838	-1478.172	-1574.684	96.51212	0.9997943	0.7490463	0.412756	0.587244	3.808337
26844	-1477.443	-1573.17	95.72721	0.7585774	0.7345082	0.496583	0.503417	4.403016
26850	-1483.553	-1578.613	95.06053	0.7924145	0.8010223	0.496583	0.503417	4.712985
26856	-1478.391	-1574.203	95.81222	0.8980111	0.5695107	0.425897	0.574103	4.404295
26862	-1476.35	-1571.469	95.11864	0.7809261	0.6288311	0.480752	0.519248	4.810558
26868	-1479.428	-1574.892	95.46348	0.7809261	0.6814566	0.468523	0.531477	4.577367
26874	-1485.169	-1581.797	96.62763	0.9444156	0.7563873	0.41938	0.58062	3.768479
26880	-1482.937	-1579.265	96.32753	0.8522352	0.5283256	0.469731	0.530269	4.174647
26886	-1490.52	-1586.971	96.45025	0.8522352	0.448956	0.413054	0.586946	4.180776
26892	-1487.957	-1581.959	94.00206	0.7792135	0.4626986	0.438517	0.561483	5.572985
26898	-1485.166	-1580.11	94.94413	0.7303714	0.5935074	0.43984	0.56016	4.964152
26904	-1485.198	-1582.226	97.02797	1.004386	0.8555357	0.387132	0.612868	3.433551
26910	-1491.244	-1587.988	96.74392	1.151343	0.6410036	0.565555	0.434445	3.668728
26916	-1488.925	-1585.222	96.29676	1.108253	1.129028	0.463933	0.536067	3.638057
26922	-1489.826	-1586.714	96.88796	1.035303	0.9086658	0.447278	0.552722	3.463222
26928	-1497.018	-1593.773	96.75508	1.056705	1.350227	0.589775	0.410225	3.29026
26934	-1495.001	-1590.312	95.31133	1.056705	0.7266135	0.498344	0.501656	4.474978
26940	-1487.317	-1583.507	96.18933	0.935899	0.5265906	0.575894	0.424106	4.20718
26946	-1479.204	-1575.363	96.15839	0.8025643	0.5649929	0.518232	0.481768	4.26645
26952	-1485.385	-1580.875	95.49023	0.6872737	0.5372734	0.435157	0.564843	4.731289
26958	-1482.191	-1577.632	95.44014	0.6872737	0.5381753	0.507359	0.492641	4.758492
26964	-1493.9	-1590.021	96.12092	0.542445	0.5430255	0.564451	0.435549	4.45361
26994	-1480.624	-1576.609	95.98449	0.7666174	0.5063031	0.394555	0.605445	4.437259
27000	-1484.302	-1579.463	95.16092	0.6364057	0.6776365	0.518945	0.481055	4.830342
27006	-1478.879	-1574.376	95.4967	0.8412423	0.6099847	0.420863	0.579137	4.58023
27012	-1483.806	-1580.424	96.61819	0.7965769	0.6297128	0.460644	0.539356	3.954338
27018	-1488.661	-1584.413	95.75234	1.126142	0.8478531	0.446854	0.553146	4.104
27024	-1488.965	-1584.903	95.93789	0.8160811	0.5801503	0.518415	0.481585	4.370612
27030	-1485.098	-1580.762	95.66404	0.5621095	0.6537638	0.533007	0.466993	4.608532
27036	-1476.318	-1572.079	95.76064	0.7761266	0.6402104	0.447943	0.552057	4.444433
27060	-1489.062	-1585.396	96.33369	0.8350202	0.8244159	0.523768	0.476232	3.953609
27066	-1492.91	-1589.526	96.61585	0.9410678	0.9436864	0.454915	0.545085	3.654767
27072	-1490.587	-1585.154	94.56772	0.6482392	0.5888424	0.454915	0.545085	5.222187
27078	-1501.99	-1595.558	93.568	0.549883	0.5888424	0.474862	0.525138	5.825927
27192	-1476.057	-1571.538	95.48098	0.6680638	0.6050941	0.604776	0.395224	4.69005
27198	-1475.309	-1570.476	95.16716	0.6179254	0.6520413	0.554991	0.445009	4.856441
27204	-1482.674	-1576.14	93.46661	0.525169	0.5481428	0.554991	0.445009	5.928446
27210	-1477.713	-1569.94	92.22672	0.3849769	0.6177765	0.442792	0.557208	6.622114
27216	-1473.257	-1567.493	94.23568	0.461802	0.6316159	0.442792	0.557208	5.47427
27222	-1487.495	-1580.789	93.29399	0.2931409	0.5861205	0.442792	0.557208	6.117746
27228	-1482.527	-1576.597	94.07015	0.5652185	0.6222442	0.384515	0.615485	5.515697
27234	-1489.883	-1585.335	95.45255	0.6234707	0.6222442	0.473569	0.526431	4.717176
27240	-1493.208	-1586.939	93.73098	0.4802696	0.5420289	0.570227	0.429773	5.8137
27246	-1487.127	-1580.96	93.83255	0.6017307	0.6990227	0.511161	0.488839	5.568924
27372	-1487.947	-1582.383	94.43527	0.6678411	0.6116659	0.662449	0.337551	5.266219
27378	-1485.106	-1580.042	94.93668	0.6172104	0.6116659	0.464049	0.535951	5.016549
27384	-1484.505	-1578.711	94.2059	0.6172104	0.7359701	0.434353	0.565647	5.328864
27390	-1476.345	-1569.848	93.50269	0.3226039	0.6486862	0.439335	0.560665	5.939283
27396	-1479.588	-1573.319	93.73129	0.7448163	0.6733238	0.418485	0.581515	5.564585
27402	-1479.101	-1575.069	95.96864	0.7710472	0.6758328	0.458324	0.541676	4.302504
27408	-1479.225	-1574.696	95.47048	0.7325928	0.579617	0.517945	0.482055	4.680733
27414	-1482.911	-1580.095	97.18436	0.7064361	0.579617	0.525875	0.474125	3.722318
27420	-1474.306	-1569.69	95.38396	0.7546097	0.4901904	0.500631	0.499369	4.795726
27426	-1489.735	-1583.93	94.19487	0.6504958	0.5429933	0.444009	0.555991	5.464957
27432	-1480.684	-1576.859	96.17477	0.5282834	0.5416505	0.507213	0.492787	4.432459
27438	-1481.203	-1576.335	95.13181	0.4303852	0.571444	0.357626	0.642374	5.044736
27444	-1480.178	-1575.114	94.93536	0.6331133	0.5672876	0.454527	0.545473	5.044736
27450	-1480.503	-1576.519	96.01614	0.5773363	0.5395626	0.491407	0.508593	4.496001
27456	-1481.23	-1575.653	94.42252	0.5439301	0.5395626	0.60868	0.39132	5.401235
27462	-1476.139	-1570.621	94.48266	0.5463594	0.5002035	0.426912	0.573088	5.401661
27468	-1478.135	-1573.634	95.4989	0.4884942	0.6436293	0.561233	0.438767	4.749997
27474	-1477.078	-1571.933	94.85522	0.6752177	0.5688371	0.502861	0.497139	5.064542
27480	-1481.842	-1575.954	94.11281	0.5217892	0.4585549	0.490632	0.509368	5.657473
27486	-1488.574	-1584.694	96.12014	0.8806667	0.6194519	0.433175	0.566825	4.198528
27492	-1483.777	-1579.039	95.26174	0.6180867	0.6782803	0.482196	0.517804	4.783822
27498	-1479.942	-1574.521	94.57921	0.6068025	0.4499665	0.453191	0.546809	5.36259
27504	-1468.297	-1563.187	94.89049	0.6068025	0.4839429	0.453191	0.546809	5.15804
27510	-1476.617	-1570.719	94.10143	0.6204546	0.5958782	0.525789	0.474211	5.488973
27516	-1469.168	-1563.124	93.95517	0.5332843	0.5436198	0.471387	0.528613	5.6605
27522	-1485.801	-1579.737	93.93578	0.5454385	0.5482789	0.447522	0.552478	5.6605
27528	-1477.575	-1570.969	93.39443	0.5159969	0.6623066	0.447522	0.552478	5.882629
27534	-1477.12	-1571.229	94.10844	0.5632036	0.5573199	0.467424	0.532576	5.548311
27540	-1478.887	-1572.626	93.73954	0.5196368	0.6833275	0.381883	0.618117	5.676332
27546	-1484.099	-1577.989	93.8893	0.5389833	0.5639575	0.374227	0.625773	5.676332
27552	-1484.786	-1581.839	97.05317	0.5851694	0.5461645	0.546541	0.453459	3.896917
27558	-1487.622	-1585.093	97.47114	1.159509	0.5377637	0.605543	0.394457	3.328494
27564	-1496.682	-1591.38	94.69756	0.4620918	0.5929492	0.580034	0.419966	5.249976
27570	-1487.774	-1582.517	94.74278	0.5562228	0.5465433	0.425751	0.574249	5.211644
27576	-1493.32	-1586.904	93.58468	0.5185296	0.580046	0.545091	0.454909	5.841078
27582	-1496.904	-1593.602	96.698	0.951613	0.8472968	0.563366	0.436634	3.661735
27588	-1496.505	-1590.956	94.45121	0.630637	0.4638778	0.596165	0.403835	5.406508
27594	-1496.105	-1590.401	94.29548	0.5454015	0.603956	0.578439	0.421561	5.417003
27600	-1491.634	-1587.219	95.58579	0.7884	0.5763483	0.532384	0.467616	4.587563
27606	-1491.787	-1586.941	95.15464	0.7406469	0.7857246	0.441078	0.558922	4.699462
27612	-1487.942	-1582.317	94.37543	0.5737613	0.7299125	0.441078	0.558922	5.263456
27618	-1506.651	-1599.981	93.33039	0.6434065	0.691147	0.388932	0.611068	5.82696
27624	-1484.721	-1580.941	96.21992	0.8108299	0.760647	0.434585	0.565415	4.075702
27630	-1497.529	-1593.054	95.52425	0.5946588	0.6386792	0.300451	0.699549	4.680276
27636	-1486.562	-1583.577	97.01553	0.9281123	0.7243772	0.379359	0.620641	3.576537
27642	-1488.896	-1584.272	95.37554	0.7121798	0.8383249	0.500911	0.499089	4.557162
27648	-1484.693	-1579.535	94.84208	0.6419717	0.4931589	0.500911	0.499089	5.156797
27654	-1484.787	-1580.653	95.86586	0.6159348	0.4931589	0.519736	0.480264	4.600895
27660	-1489.195	-1585.399	96.20424	0.8864889	0.5904298	0.638062	0.361938	4.171286
27666	-1483.305	-1579.394	96.0885	0.8864889	0.8034708	0.613209	0.386791	4.078184
27672	-1476.949	-1572.05	95.1007	0.7164412	0.68771	0.52406	0.47594	4.811841
27678	-1484.232	-1577.976	93.74353	0.5686948	0.631881	0.561649	0.438351	5.685654
27684	-1487.95	-1580.87	92.92035	0.4994071	0.7682182	0.548068	0.451932	6.076252
27690	-1487.299	-1580.539	93.23983	0.3948633	0.6930357	0.662335	0.337665	6.010808
27696	-1477.364	-1572.169	94.80526	0.7733879	0.7324393	0.481801	0.518199	4.91265
27702	-1484.25	-1578.368	94.11753	0.8207989	0.6284362	0.518204	0.481796	5.344037
27708	-1475.927	-1572.026	96.09944	0.8469017	0.6566902	0.386362	0.613638	4.200033
27714	-1477.794	-1573.107	95.31266	0.6581481	0.6566902	0.449393	0.550607	4.749248
27720	-1478.315	-1574.897	96.58165	0.9604943	0.4693465	0.376801	0.623199	4.023943
27726	-1480.532	-1576.259	95.72663	0.6332161	0.4924976	0.423468	0.576532	4.669862
27732	-1479.882	-1575.156	95.27361	0.7698257	0.7089708	0.536671	0.463329	4.669862
27738	-1479.479	-1575.014	95.53525	0.5583696	0.6708133	0.476375	0.523625	4.669862
27744	-1489.691	-1583.436	93.74479	0.4633167	0.5298866	0.345637	0.654363	5.825876
27750	-1481.209	-1575.76	94.55111	0.4432831	0.7281259	0.453715	0.546285	5.239725
27756	-1485.675	-1580.192	94.51659	0.5940528	0.6403183	0.478221	0.521779	5.239725
27762	-1478.974	-1573.577	94.60329	0.5073529	0.6403183	0.356567	0.643433	5.239725
27768	-1484.947	-1579.383	94.43578	0.6030164	0.6936204	0.370921	0.629079	5.239725
27774	-1494.233	-1589.037	94.80437	0.5597889	0.5900362	0.411775	0.588225	5.139199
27780	-1491.33	-1586.792	95.46217	0.5912741	0.4145877	0.615614	0.384386	4.917947
27786	-1482.761	-1578.418	95.65652	0.7802361	0.5733181	0.51811	0.48189	4.554987
27792	-1476.714	-1570.605	93.89143	0.7802361	0.5553292	0.471804	0.528196	5.549979
27798	-1470.553	-1564.519	93.96646	0.5369956	0.6727477	0.439404	0.560596	5.549979
27804	-1491.444	-1588.325	96.88135	0.7788525	0.5959453	0.476134	0.523866	3.841303
27810	-1489.778	-1585.955	96.17662	0.8415876	0.6489011	0.478944	0.521056	4.165277
27816	-1489.797	-1586.436	96.63964	0.9034172	0.5866109	0.552595	0.447405	3.916414
27822	-1491.259	-1586.864	95.60491	0.5630739	0.4292593	0.464142	0.535858	4.838944
27828	-1486.042	-1579.883	93.84138	0.5543335	0.6800741	0.428482	0.571518	5.603789
27834	-1487.156	-1580.857	93.70084	0.4730275	0.6088347	0.604654	0.395346	5.779368
27840	-1483.621	-1577.363	93.74219	0.4864543	0.6675832	0.490032	0.509968	5.704593
27846	-1481.723	-1575.807	94.08402	0.5693032	0.5275038	0.492304	0.507696	5.583961
27852	-1486.093	-1581.808	95.71497	0.5989707	0.3946393	0.39465	0.60535	4.794016
27858	-1488.639	-1583.672	95.03277	0.5989707	0.4659889	0.594356	0.405644	5.100601
27864	-1489.43	-1583.668	94.23737	0.4392211	0.6003264	0.695971	0.304029	5.510321
27870	-1482.052	-1577.06	95.00824	0.5745481	0.6003264	0.272926	0.727074	5.00959
27876	-1470.046	-1564.477	94.43123	0.6396451	0.6211535	0.474935	0.525065	5.276555
27882	-1477.597	-1571.97	94.37352	0.6354968	0.7068887	0.474342	0.525658	5.246646
27888	-1482.3	-1576.651	94.35087	0.52877	0.5400351	0.469898	0.530102	5.448636
27894	-1481.929	-1576.056	94.12688	0.5715053	0.6648123	0.469898	0.530102	5.448636
27900	-1484.451	-1578.889	94.43758	0.3779613	0.5968272	0.469898	0.530102	5.436664
27906	-1485.827	-1580.684	94.85735	0.5584055	0.3281131	0.569733	0.430267	5.368408
27912	-1488.955	-1584.135	95.18057	0.7580668	0.6108551	0.569733	0.430267	4.803006
27918	-1493.336	-1588.09	94.75408	0.5957372	0.7320001	0.484077	0.515923	5.040151
27924	-1492.486	-1587.031	94.54509	0.7616052	0.766826	0.499971	0.500029	5.040151
27960	-1483.225	-1578.436	95.21086	0.8103661	0.4899231	0.36446	0.63554	4.861425
27966	-1481.219	-1577.016	95.79666	0.4953408	0.5429796	0.512479	0.487521	4.662219
27972	-1482.407	-1578.863	96.45629	0.7383315	0.5800388	0.512479	0.487521	4.12096
27978	-1482.278	-1578.443	96.16506	0.9249569	0.7428265	0.425526	0.574474	4.054463
27984	-1488.153	-1585.851	97.69807	0.9249569	0.5376288	0.398894	0.601106	3.333098
27990	-1483.218	-1578.483	95.26567	0.6436813	0.6687078	0.398894	0.601106	4.774491
27996	-1485.818	-1581.51	95.69142	0.6914857	0.5335691	0.536221	0.463779	4.619554
28002	-1480.487	-1575.967	95.48031	0.6511623	0.5335691	0.477418	0.522582	4.760276
28008	-1494.056	-1589.551	95.49546	0.6814787	0.5053292	0.466949	0.533051	4.760276
28014	-1490.341	-1585.607	95.26622	0.5968563	0.5206857	0.466949	0.533051	4.921379
28020	-1484.307	-1580.93	96.62301	0.6011513	0.5206857	0.434578	0.565422	4.156363
28026	-1490.287	-1587.724	97.4367	0.7351608	0.3828911	0.539484	0.460516	3.75437
28032	-1477.387	-1572.285	94.8983	0.5630933	0.5363654	0.381671	0.618329	5.130565
28038	-1486.329	-1580.314	93.98457	0.7272586	0.7007453	0.544596	0.455404	5.415017
28044	-1479.465	-1574.778	95.3125	0.7272586	0.5562501	0.464059	0.535941	4.791779
28050	-1488.158	-1583.01	94.85127	0.7272586	0.4946005	0.459742	0.540258	5.103126
28056	-1487.681	-1583.114	95.43283	0.731514	0.5123351	0.459742	0.540258	4.760921
28062	-1487.097	-1582.764	95.66654	0.731514	0.530522	0.459742	0.540258	4.61377
28068	-1482.299	-1577.066	94.76697	0.5451685	0.6044325	0.495222	0.504778	5.156377
28074	-1478.984	-1573.432	94.44825	0.5451685	0.5658156	0.447845	0.552155	5.364064
28080	-1483.407	-1578.489	95.08181	0.7241875	0.6673021	0.555491	0.444509	4.833226
28086	-1491.333	-1586.149	94.81575	0.6289292	0.6673021	0.534791	0.465209	5.034262
28110	-1498.367	-1592.354	93.98784	0.6576508	0.4638781	0.483703	0.516297	5.646394
28116	-1504.571	-1598.694	94.12293	0.5115613	0.5923345	0.348061	0.651939	5.539883
28230	-1496.125	-1588.832	92.70648	0.5056594	0.6458432	0.490068	0.509932	6.275338
28236	-1504.334	-1600.621	96.28737	0.7095199	0.5694798	0.490068	0.509932	4.242242
28242	-1491.561	-1586.234	94.67266	0.6042178	0.5694798	0.254023	0.745977	5.204464
28248	-1485.541	-1581.335	95.79411	0.4365123	0.5282099	0.565618	0.434382	4.709601
28254	-1484.966	-1579.029	94.06304	0.5270294	0.5633126	0.524708	0.475292	5.5881
28272	-1481.086	-1577.611	96.52528	0.5796946	0.5337985	0.58027	0.41973	4.212179
28278	-1482.307	-1578.508	96.20088	0.5840311	0.5337985	0.508032	0.491968	4.39326
28284	-1481.514	-1576.506	94.99252	0.4660267	0.6217994	0.494355	0.505645	5.061449
28290	-1487.037	-1583.921	96.88388	0.6593033	0.4685185	0.494355	0.505645	4.024166
28296	-1484.222	-1579.54	95.31815	0.6040337	0.6098914	0.490511	0.509489	4.812961
28302	-1494.743	-1589.659	94.91556	0.6040337	0.6634638	0.490511	0.509489	4.995535
28308	-1494.356	-1589.344	94.98844	0.3687583	0.4943642	0.395527	0.604473	5.225872
28314	-1486.011	-1580.639	94.62818	0.5995826	0.5764049	0.503644	0.496356	5.225872
28320	-1491.152	-1585.953	94.80058	0.5966513	0.4784946	0.470456	0.529544	5.218529
28326	-1490.439	-1585.414	94.97535	0.5531756	0.4056585	0.450348	0.549652	5.218529
28332	-1500.327	-1596.515	96.18817	0.8643065	0.7278388	0.467144	0.532856	4.086585
28338	-1490.706	-1586.264	95.55826	0.6249461	0.4741381	0.383638	0.616362	4.786007
28380	-1491.461	-1585.768	94.30759	0.6463901	0.6731445	0.336325	0.663675	5.301556
28386	-1477.162	-1572.293	95.13133	0.6139294	0.6731445	0.467272	0.532728	4.862716
28392	-1480.548	-1573.7	93.15199	0.42809	0.4723361	0.467272	0.532728	6.220166
28398	-1478.871	-1572.476	93.60424	0.3549937	0.5498852	0.479535	0.520465	5.944747
28404	-1484.285	-1579.175	94.89019	0.6493111	0.6209249	0.496777	0.503223	5.017207
28410	-1484.962	-1580.301	95.33883	0.7993071	0.5263747	0.533837	0.466163	4.762935
28416	-1491.354	-1583.675	92.32008	0.8098005	0.4852589	0.530869	0.469131	6.452602
28422	-1489.798	-1584.797	94.99914	0.800112	0.3917538	0.500623	0.499377	5.083485
28428	-1499.643	-1594.066	94.4236	0.800112	0.7955484	0.500623	0.499377	5.067053
28494	-1492.832	-1590.884	98.0522	1.030375	0.7201653	0.360824	0.639176	2.905928
28500	-1479.324	-1577.814	98.48987	1.2414	0.5499177	0.417444	0.582556	2.655829
28506	-1480.424	-1578.762	98.33757	1.201847	0.5009638	0.578831	0.421169	2.82103
28512	-1484.926	-1583.125	98.19963	1.201847	0.6270201	0.420583	0.579417	2.788163
28518	-1491.964	-1590.242	98.27776	1.205746	0.8431483	0.454069	0.545931	2.570154
28524	-1508.312	-1606.495	98.18236	1.211675	1.118754	0.327679	0.672321	2.450716
28530	-1505.34	-1601.136	95.7967	0.8381802	0.5637601	0.358804	0.641196	4.451673
28536	-1493.398	-1588.713	95.3149	0.6669131	0.6771327	0.40553	0.59447	4.727694
28542	-1485.205	-1579.65	94.44497	0.4590628	0.5914299	0.475976	0.524024	5.39227
28548	-1477.47	-1572.636	95.16621	0.3936213	0.5203302	0.464425	0.535575	5.090148
28554	-1478.478	-1573.328	94.84967	0.7289725	0.616882	0.357103	0.642897	4.998655
28560	-1483.334	-1577.895	94.56154	0.7051545	0.7054515	0.396631	0.603369	5.105055
28566	-1490.518	-1585.65	95.13279	0.6424449	0.3925332	0.396631	0.603369	5.09596
28572	-1496.98	-1592.207	95.22668	0.6416111	0.3925332	0.443812	0.556188	5.044341
28578	-1500.027	-1594.997	94.9694	0.5630339	0.5817655	0.431344	0.568656	5.052685
28584	-1484.28	-1580.698	96.41797	0.7450367	0.6358745	0.422442	0.577558	4.09316
28590	-1479.951	-1574.902	94.95116	0.6579868	0.5414176	0.495217	0.504783	5.044244
28596	-1479.982	-1575.786	95.80357	0.5918598	0.5123671	0.536226	0.463774	4.631581
28602	-1479.88	-1575.651	95.77076	0.6059164	0.5239949	0.536226	0.463774	4.631581
28608	-1483.495	-1579.141	95.64597	0.6802117	0.55623	0.341454	0.658546	4.631581
28614	-1480.819	-1577.065	96.24599	0.6240306	0.4563268	0.391919	0.608081	4.418083
28620	-1494.495	-1589.155	94.65981	0.7985642	0.5935843	0.477605	0.522395	5.084094
28626	-1487.452	-1583.502	96.05	0.7985642	0.4833675	0.412031	0.587969	4.403857
28632	-1486.347	-1582.516	96.16853	0.7985642	0.7080903	0.43819	0.56181	4.149534
28638	-1491.485	-1585.195	93.70959	0.4261905	0.5941877	0.43819	0.56181	5.811842
28644	-1488.523	-1583.806	95.28316	0.4380661	0.6266492	0.495866	0.504134	4.911663
28650	-1492.418	-1586.608	94.19006	0.6699319	0.7565753	0.442686	0.557314	5.29438
28656	-1489.694	-1584.212	94.51787	0.5851218	0.6961915	0.442686	0.557314	5.202368
28662	-1499.167	-1593.887	94.72004	0.6673245	0.5307056	0.424734	0.575266	5.176512
28668	-1499.066	-1593.711	94.64556	0.7364122	0.5422802	0.481107	0.518893	5.169412
28674	-1497.976	-1593.609	95.63242	0.7364122	0.5422802	0.339286	0.660714	4.619778
28680	-1484.581	-1580.348	95.76659	0.5677944	0.5210287	0.428739	0.571261	4.657945
28686	-1485.447	-1579.479	94.03196	0.6106314	0.5931649	0.283556	0.716444	5.534759
28692	-1489.768	-1584.202	94.43407	0.6059699	0.5574882	0.327964	0.672036	5.345348
28698	-1477.747	-1572.265	94.51785	0.5081556	0.5667081	0.589196	0.410804	5.345348
28704	-1467.964	-1562.649	94.68518	0.5293586	0.451507	0.512842	0.487158	5.345348
28710	-1475.237	-1569.605	94.36808	0.5531875	0.5984972	0.518206	0.481794	5.377074
28716	-1477.813	-1571.84	94.02717	0.6128346	0.5393398	0.518206	0.481794	5.580998
28722	-1472.359	-1568.21	95.85091	0.747712	0.3966708	0.47504	0.52496	4.632571
28728	-1473.725	-1568.748	95.02269	0.5789403	0.3847691	0.493752	0.506248	5.200546
28734	-1486.048	-1579.921	93.87207	0.8136456	0.6825316	0.452192	0.547808	5.442564
28740	-1475.643	-1571.276	95.63331	0.7050412	0.3644698	0.51794	0.48206	4.814015
28746	-1470.148	-1566.035	95.88774	0.7876027	0.5450864	0.39288	0.60712	4.445057
28764	-1490.975	-1586.139	95.16383	0.75143	0.6581303	0.445499	0.554501	4.779182
28770	-1482.971	-1577.992	95.02079	0.7281303	0.6039781	0.537636	0.462364	4.914269
28776	-1483.015	-1578.337	95.32255	0.7281303	0.447273	0.388694	0.611306	4.886131
28782	-1487.12	-1582.029	94.90893	0.4094547	0.5789883	0.521826	0.478174	5.173605
28788	-1489.494	-1583.226	93.73249	0.4269662	0.5403794	0.540029	0.459971	5.843438
28860	-1489.631	-1584.964	95.33269	0.5321765	0.4936066	0.480657	0.519343	4.945053
28866	-1492.359	-1585.742	93.38374	0.5321765	0.7120396	0.447413	0.552587	5.843773
28884	-1486.501	-1581.726	95.2252	1.035153	0.6927514	0.515497	0.484503	4.56005
28890	-1492.419	-1584.932	92.5129	0.5278273	0.4690978	0.505677	0.494323	6.515858
28896	-1480.796	-1575.659	94.86261	0.5611189	0.5920573	0.494934	0.505066	5.104543
28914	-1488.451	-1581.87	93.41931	0.5471671	0.6086435	0.477419	0.522581	5.89293
28920	-1478.258	-1572.507	94.24908	0.4635178	0.572811	0.477419	0.522581	5.512878
28926	-1491.105	-1584.807	93.70193	0.6434302	0.4784554	0.477419	0.522581	5.797065
28932	-1499.422	-1593.709	94.28636	0.7423927	0.7290445	0.477419	0.522581	5.220088
28938	-1503.967	-1596.236	92.26881	0.7069319	0.851286	0.557289	0.442711	6.264935
28944	-1486.439	-1580.958	94.5187	0.6493936	0.5584958	0.518665	0.481335	5.273815
28950	-1495.003	-1589.047	94.04434	0.6825392	0.5172241	0.370018	0.629982	5.552607
28956	-1490.002	-1583.661	93.65888	0.6674145	0.6392826	0.370018	0.629982	5.672283
28962	-1491.821	-1586.467	94.64533	0.6358131	0.6392826	0.572265	0.427735	5.146188
28968	-1498.848	-1593.114	94.26553	0.7458844	0.8339779	0.41274	0.58726	5.159907
28974	-1503.615	-1597.379	93.76401	0.3861815	0.6304131	0.408063	0.591937	5.775544
28980	-1500.38	-1594.347	93.96695	0.3516021	0.576901	0.408063	0.591937	5.725781
28986	-1496.293	-1590.066	93.77276	0.3516021	0.6564342	0.492878	0.507122	5.769986
28992	-1496.712	-1591.936	95.22422	0.7792377	0.897704	0.465828	0.534172	4.567414
28998	-1491.578	-1587.233	95.6558	0.8395134	0.6561193	0.435182	0.564818	4.455455
29004	-1492.375	-1589.106	96.73152	0.822307	0.6317195	0.495575	0.504425	3.873009
29010	-1486.977	-1583.095	96.11811	0.8963675	0.3664792	0.495575	0.504425	4.432625
29016	-1491.743	-1587.564	95.8215	0.8074722	0.5903301	0.377686	0.622314	4.432625
29022	-1484.354	-1580.772	96.41713	0.74963	0.6259056	0.441678	0.558322	4.098985
29028	-1484.964	-1580.341	95.37695	0.56675	0.4666797	0.551837	0.448163	4.926675
29034	-1489.239	-1584.844	95.605	0.7681946	0.7335962	0.479826	0.520174	4.467115
29040	-1491.785	-1588.313	96.52777	0.9028371	0.7335962	0.479826	0.520174	3.866165
29046	-1485.1	-1580.837	95.73704	0.7999709	0.6429279	0.321009	0.678991	4.442169
29052	-1486.949	-1579.979	93.03061	0.7756282	0.6490468	0.488139	0.511861	5.949415
29058	-1489.229	-1584.977	95.74817	0.7762956	0.4841692	0.469777	0.530223	4.585428
29064	-1487.449	-1584.141	96.69213	0.9597932	0.6515277	0.406274	0.593726	3.800832
29070	-1484.113	-1581.565	97.45192	0.669905	0.5997007	0.408677	0.591323	3.571312
29076	-1481.89	-1577.175	95.28522	0.6634995	0.6498785	0.437381	0.562619	4.766794
29082	-1475.888	-1570.035	94.1467	0.5826953	0.5280523	0.577021	0.422979	5.541683
29088	-1485.056	-1581.447	96.39045	0.6417542	0.5565105	0.517308	0.482692	4.233408
29094	-1486.915	-1582.624	95.70871	0.777896	0.4564418	0.529497	0.470503	4.633493
29100	-1479.947	-1575.672	95.72542	0.7684386	0.4523349	0.496593	0.503407	4.633493
29106	-1485.331	-1581.911	96.58047	0.788756	0.4002218	0.602294	0.397706	4.194128
29112	-1486.529	-1583.337	96.80775	0.7774357	0.4002218	0.480797	0.519203	4.071283
29118	-1483.616	-1578.514	94.89811	0.7774357	0.7869415	0.447352	0.552648	4.821413
29124	-1492.832	-1589.606	96.77441	0.8467653	0.5281132	0.475557	0.524443	3.923032
29130	-1488.058	-1582.92	94.86205	0.6861618	0.3827061	0.389806	0.610194	5.232348
29136	-1488.172	-1582.941	94.76931	0.5369522	0.6362811	0.389806	0.610194	5.134591
29142	-1480.177	-1575.804	95.62655	0.5613555	0.6934862	0.467885	0.532115	4.60017
29148	-1490.49	-1584.832	94.34153	0.5853615	0.6934862	0.396191	0.603809	5.301638
29154	-1485.271	-1579.924	94.6534	0.6180472	0.7029425	0.526862	0.473138	5.104227
29160	-1493.608	-1590.264	96.65595	0.7828505	0.6607557	0.373346	0.626654	3.916031
29166	-1489.05	-1585.943	96.8926	0.9083578	0.4299288	0.463437	0.536563	3.916031
29172	-1490.079	-1587.345	97.26599	1.008305	0.6552337	0.517367	0.482633	3.436769
29178	-1483.608	-1580.838	97.22998	0.9242457	0.4580089	0.513857	0.486143	3.683592
29184	-1490.641	-1584.398	93.75779	0.7575965	0.7978484	0.513857	0.486143	5.456919
29190	-1487.825	-1582.298	94.47328	0.5866031	0.6084312	0.449352	0.550648	5.292665
29196	-1483.794	-1579.033	95.23965	0.6482862	0.5663658	0.406724	0.593276	4.867852
29202	-1468.257	-1561.958	93.70109	0.5001536	0.588065	0.436817	0.563183	5.780945
29208	-1481.467	-1576.07	94.60227	0.5443286	0.7041806	0.545072	0.454928	5.172491
29214	-1486.001	-1582.694	96.69282	0.5571004	0.5505631	0.412767	0.587233	4.114935
29220	-1482.785	-1579.756	96.97045	0.8876118	0.4622845	0.501048	0.498952	3.850026
29226	-1474.966	-1569.815	94.84904	0.4991696	0.6645935	0.53306	0.46694	5.08981
29232	-1475.819	-1570.6	94.78025	0.592674	0.5466929	0.538029	0.461971	5.170614
29238	-1485.317	-1580.146	94.82846	0.5444677	0.5466929	0.489292	0.510708	5.170614
29244	-1484.572	-1579.448	94.87623	0.6799356	0.6118964	0.446121	0.553879	5.015102
29250	-1484.307	-1578.221	93.91367	0.3642058	0.5580224	0.496979	0.503021	5.763699
29256	-1487.489	-1582.458	94.96893	0.322823	0.566007	0.461537	0.538463	5.199136
29262	-1477.888	-1573.067	95.17979	0.3113805	0.4448125	0.50323	0.49677	5.199136
29268	-1483.548	-1579.35	95.80167	0.8357466	0.3951874	0.45746	0.54254	4.612434
29274	-1488.108	-1584.802	96.69414	0.6537154	0.5193274	0.575112	0.424888	4.087224
29352	-1493.761	-1588.946	95.1843	0.7341318	1.046103	0.500659	0.499341	4.529913
29358	-1487.222	-1583.022	95.79981	0.6002753	0.5909329	0.464349	0.535651	4.560883
29364	-1482.571	-1577.846	95.27469	0.7678924	0.567886	0.485373	0.514627	4.780309
29370	-1476.656	-1572.258	95.60252	0.6417589	0.467916	0.536787	0.463213	4.757885
29376	-1481.287	-1577.371	96.08367	0.715593	0.5797899	0.306974	0.693026	4.345334
29382	-1482.549	-1576.888	94.33913	0.5114672	0.6148638	0.338717	0.661283	5.40301
29388	-1486.476	-1580.427	93.95008	0.5385208	0.4763176	0.5464	0.4536	5.720632
29394	-1486.897	-1582.386	95.48838	0.7744924	0.4952048	0.440021	0.559979	4.721599
29400	-1484.511	-1578.747	94.23584	0.4653429	0.4984733	0.515723	0.484277	5.583571
29406	-1485.235	-1580.829	95.59388	0.7437881	0.5268557	0.444804	0.555196	4.650883
29412	-1483.86	-1579.902	96.04141	0.7011697	0.6243033	0.406956	0.593044	4.340874
29418	-1482.962	-1577.911	94.94869	0.698339	0.4968189	0.545933	0.454067	5.063097
29424	-1482.639	-1579.377	96.73772	0.779269	0.7230002	0.466291	0.533709	3.824221
29430	-1478.892	-1575.135	96.2426	0.779269	0.4481102	0.491906	0.508094	4.340595
29436	-1476.703	-1571.919	95.21608	0.779269	0.558065	0.578505	0.421495	4.815012
29442	-1476.217	-1572.007	95.79052	0.5547032	0.3804508	0.429499	0.570501	4.792145
29448	-1487.143	-1580.983	93.84085	0.5199993	0.5039501	0.507826	0.492174	5.765227
29472	-1479.468	-1575.843	96.37484	0.7837399	0.4319389	0.385512	0.614488	4.279793
29478	-1480.855	-1575.705	94.85083	0.8307271	0.6259362	0.413387	0.586613	4.9343
29484	-1482.07	-1579.338	97.26797	1.034231	0.7490935	0.413387	0.586613	3.34888
29490	-1483.054	-1580.771	97.71699	0.8863154	0.5331167	0.384816	0.615184	3.34888
29496	-1485.742	-1583.014	97.27158	0.8525734	0.6349289	0.649391	0.350609	3.540759
29502	-1478.695	-1575.063	96.36765	0.9931013	0.4493634	0.415526	0.584474	4.147253
29508	-1478.653	-1573.639	94.98597	0.7272974	0.933678	0.360096	0.639904	4.708508
29514	-1487.629	-1583.19	95.56099	0.6995057	0.5108651	0.37815	0.62185	4.708508
29520	-1486.034	-1581.369	95.33431	0.5819949	0.5444092	0.351104	0.648896	4.87084
29526	-1483.417	-1579.19	95.77259	0.5819949	0.6564506	0.438396	0.561604	4.534373
29532	-1478.08	-1573.12	95.04007	0.6154924	0.4661926	0.549278	0.450722	5.087197
29538	-1472.262	-1567.698	95.43621	0.6568542	0.5398518	0.430434	0.569566	4.77621
29544	-1476.532	-1571.88	95.34848	0.6568542	0.3592766	0.359912	0.640088	5.005363
29550	-1481.522	-1578.186	96.66456	0.6908436	0.5289204	0.359912	0.640088	4.074177
29556	-1485.282	-1581.046	95.76465	0.5670532	0.5289204	0.469216	0.530784	4.652379
29562	-1479.182	-1574.939	95.75695	0.5443726	0.5482824	0.485491	0.514509	4.652379
29568	-1483.901	-1578.764	94.86247	0.4973837	0.60291	0.337639	0.662361	5.131172
29574	-1489.865	-1585.802	95.93722	0.7255632	0.5438666	0.369266	0.630734	4.453202
29580	-1485.906	-1582.748	96.8419	0.77482	0.6771766	0.484492	0.515508	3.801143
29586	-1487.804	-1582.298	94.49423	0.7431419	0.831053	0.348044	0.651956	5.036499
29592	-1480.238	-1574.914	94.6764	0.6773244	0.5181818	0.432838	0.567162	5.206202
29598	-1485.902	-1579.925	94.02351	0.5366007	0.5438303	0.320775	0.679225	5.621009
29604	-1486.073	-1581.175	95.10126	0.562894	0.6598352	0.435716	0.564284	4.917881
29610	-1477.748	-1573.335	95.58743	0.6927766	0.6050797	0.44365	0.55635	4.616586
29616	-1477.243	-1572.558	95.31496	0.7389277	0.6183458	0.412312	0.587688	4.732651
29622	-1481.054	-1574.684	93.63037	0.4684747	0.6086136	0.415049	0.584951	5.820594
29628	-1486.174	-1579.831	93.6571	0.6116703	0.668825	0.3961	0.6039	5.681683
29634	-1481.302	-1577.983	96.68058	0.8992514	0.482932	0.447392	0.552608	3.989137
29640	-1476.508	-1572.502	95.9938	0.5374131	0.6216589	0.372508	0.627492	4.462214
29646	-1472.619	-1569.377	96.75726	0.6073162	0.4221281	0.453508	0.546492	4.173232
29652	-1473.175	-1568.484	95.30934	0.6073162	0.4822995	0.438824	0.561176	4.926818
29658	-1483.471	-1579.309	95.83755	0.6025172	0.5485973	0.482643	0.517357	4.574299
29664	-1483.124	-1578.243	95.11937	0.4923678	0.6180665	0.482643	0.517357	4.979326
29670	-1480.75	-1575.043	94.29228	0.4923678	0.6670605	0.410226	0.589774	5.399457
29676	-1482.64	-1577.249	94.60888	0.6826727	0.6066118	0.466779	0.533221	5.166029
29682	-1485.876	-1580.506	94.6301	0.5523463	0.7915463	0.466779	0.533221	5.092578
29688	-1487.123	-1579.662	92.53973	0.6513582	0.8630458	0.544811	0.455189	6.140648
29694	-1480.739	-1577.141	96.40242	0.7557185	0.7052501	0.493033	0.506967	4.042822
29700	-1490.251	-1585.989	95.7381	0.9128326	0.6071391	0.554638	0.445362	4.406446
29706	-1481.304	-1578.06	96.75642	0.9674905	0.7953557	0.436381	0.563619	3.653539
29712	-1474.722	-1572.478	97.75682	0.9970462	0.5460049	0.469245	0.530755	3.248238
29718	-1479.612	-1576.996	97.38355	1.089769	0.6589077	0.368599	0.631401	3.317021
29730	-1492.893	-1589.81	96.91791	1.184207	1.526508	0.548862	0.451138	3.038368
29736	-1492.36	-1589.848	97.48812	0.8449868	0.6831645	0.317343	0.682657	3.380306
29742	-1491.609	-1587.891	96.28194	0.5308921	0.5955824	0.333703	0.666297	4.324492
29748	-1480.625	-1574.871	94.24686	0.6160883	0.4750541	0.482038	0.517962	5.516363
29754	-1470.52	-1566.322	95.80247	0.6241695	0.5377585	0.426404	0.573596	4.591326
29760	-1475.738	-1570.674	94.93506	0.4986154	0.4407526	0.426404	0.573596	5.234966
29766	-1475.324	-1570.429	95.10461	0.4986154	0.6363747	0.439118	0.560882	4.969726
29772	-1477.553	-1570.588	93.03533	0.4730322	0.6579047	0.52056	0.47944	6.105223
29778	-1482.31	-1576.832	94.52214	0.7484974	0.6470204	0.488209	0.511791	5.146077
29784	-1493.107	-1588.073	94.96621	0.3826935	0.4179318	0.568295	0.431705	5.304956
29790	-1486.404	-1581.761	95.3579	0.6987556	0.4179318	0.337364	0.662636	4.912667
29796	-1483.555	-1578.687	95.13131	0.6987556	0.5515925	0.426456	0.573544	4.912667
29802	-1480.866	-1575.48	94.61377	0.6987556	0.5969909	0.416446	0.583554	5.162149
29808	-1478.042	-1573.391	95.3491	0.6987556	0.4514624	0.532536	0.467464	4.88355
29814	-1477.689	-1573.094	95.40531	0.5950113	0.4976824	0.454433	0.545567	4.865864
29820	-1482.906	-1577.16	94.25382	0.6816032	0.597031	0.454433	0.545567	5.370446
29826	-1486.045	-1580.514	94.46922	0.6125526	0.6832948	0.365121	0.634879	5.223484
29832	-1487.584	-1582.747	95.16325	0.7287655	0.5865649	0.52676	0.47324	4.848742
29838	-1492.774	-1588.578	95.80454	0.647723	0.6507366	0.383597	0.616403	4.483834
29880	-1501.494	-1599.201	97.70705	0.7705654	0.6201867	0.597702	0.402298	3.346135
29886	-1504.444	-1601.183	96.7388	0.8974575	0.6201867	0.5485	0.4515	3.834997
29892	-1486.591	-1583.007	96.41564	0.7831333	0.6760088	0.498248	0.501752	4.041561
29898	-1490.356	-1584.581	94.22546	0.4907472	0.4943299	0.550733	0.449267	5.579102
29904	-1485.053	-1579.557	94.50353	0.5823048	0.5734209	0.499624	0.500376	5.306749
29910	-1487.487	-1582.066	94.57938	0.5989527	0.5740983	0.463771	0.536229	5.255103
29916	-1491.812	-1588.751	96.93875	0.8937492	0.4501069	0.47834	0.52166	3.877031
29922	-1490.15	-1585.452	95.30235	0.6773552	0.5098874	0.524791	0.475209	4.866167
29928	-1489.371	-1585.366	95.99442	0.7618392	0.5710033	0.421952	0.578048	4.377054
29934	-1487.914	-1583.95	96.03596	0.5456831	0.6767613	0.467332	0.532668	4.391099
29940	-1484.092	-1580.223	96.13087	0.8531422	0.4468617	0.573773	0.426227	4.363241
29946	-1486.972	-1581.737	94.76511	0.6818328	0.5356249	0.467958	0.532042	5.139219
29952	-1481.777	-1576.031	94.25388	0.5434208	0.6126226	0.467958	0.532042	5.434134
29958	-1497.038	-1592.459	95.42115	0.840663	0.5801772	0.381738	0.618262	4.647371
29964	-1483.556	-1579.926	96.36978	0.8032779	0.77049	0.418098	0.581902	3.987623
29970	-1485.261	-1581.49	96.22899	0.8508085	0.7250195	0.42736	0.57264	4.073051
29976	-1488.688	-1583.56	94.87205	0.5525517	0.6576128	0.48327	0.51673	5.05269
29982	-1491.979	-1585.344	93.36535	0.4701195	0.6576128	0.319541	0.680459	5.927057
29988	-1482.531	-1576.285	93.75313	0.6254704	0.4988695	0.442866	0.557134	5.760094
29994	-1486.709	-1582	95.29045	0.7720552	0.4951534	0.618265	0.381735	4.833541
30000	-1487.189	-1581.554	94.36456	0.7035547	0.4951534	0.340276	0.659724	5.384732
30006	-1478.853	-1574.242	95.38845	0.7035547	0.6595387	0.466126	0.533874	4.679291
30012	-1478.421	-1573.964	95.54293	0.8008338	0.6005191	0.393144	0.606856	4.584639
30018	-1481.813	-1578.726	96.9133	0.8008338	0.561257	0.44567	0.55433	3.840056
30024	-1492.945	-1590.315	97.37037	0.8008338	0.5950722	0.591907	0.408093	3.546519
30030	-1482.769	-1579.108	96.33876	0.8657275	0.591336	0.591907	0.408093	4.105832
30036	-1484.623	-1579.97	95.34669	0.8657275	0.8031442	0.591907	0.408093	4.509986
30042	-1480.943	-1576.442	95.49862	1.026927	0.5196919	0.40744	0.59256	4.551926
30048	-1485.569	-1581.36	95.79115	0.8808336	0.4558771	0.44052	0.55948	4.530007
30054	-1480.452	-1575.644	95.19199	0.8434839	0.5838399	0.361196	0.638804	4.77094
30060	-1482.251	-1577.849	95.59837	0.6360134	0.6353242	0.560199	0.439801	4.618197
30066	-1486.217	-1582.103	95.8864	0.8675225	0.6787129	0.524472	0.475528	4.292277
30072	-1496.593	-1593.33	96.73718	0.773692	0.6931094	0.327802	0.672198	3.849912
30078	-1491.493	-1586.707	95.21417	0.6458279	0.6885681	0.461696	0.538304	4.787288
30120	-1503.821	-1596.802	92.98098	0.3097289	0.6325565	0.547182	0.452818	6.242672
30126	-1487.499	-1581.167	93.66756	0.510143	0.6325565	0.442984	0.557016	5.758838
30132	-1488.795	-1581.52	92.72476	0.4948451	0.6382088	0.400133	0.599867	6.277022
30138	-1486.425	-1579.798	93.37324	0.5612212	0.509244	0.457235	0.542765	5.993498
30144	-1489.816	-1583.07	93.25389	0.5366433	0.6029139	0.615216	0.384784	5.993498
30150	-1497.303	-1592.48	95.17742	0.6143904	0.7190931	0.468705	0.531295	4.803269
30156	-1484.148	-1578.617	94.4683	0.6143904	0.7242111	0.388833	0.611167	5.193638
30162	-1484.16	-1578.98	94.81985	0.9441019	0.491016	0.46994	0.53006	5.003558
30168	-1480.995	-1578.039	97.04462	0.9441019	0.7227014	0.469995	0.530005	3.551557
30174	-1484.087	-1580.957	96.86994	0.9441019	0.4746949	0.352128	0.647872	3.862981
30180	-1483.667	-1578.875	95.20827	0.6728934	0.5283318	0.581082	0.418918	4.904507
30186	-1494.306	-1588.72	94.41417	0.5272595	0.5531413	0.519843	0.480157	5.403395
30192	-1488.759	-1584.274	95.51498	0.4393864	0.5531413	0.379476	0.620524	4.842087
30198	-1480.446	-1575.151	94.70507	0.2762198	0.5708802	0.379476	0.620524	5.366534
30204	-1490.342	-1583.789	93.44731	0.6231755	0.794977	0.563629	0.436371	5.703135
30210	-1498.384	-1591.636	93.25274	0.6877313	0.6553665	0.32716	0.67284	5.871365
30216	-1492.91	-1587.51	94.59969	0.5167031	0.6495116	0.528857	0.471143	5.229533
30222	-1488.35	-1582.604	94.25367	0.5303964	0.6729196	0.594375	0.405625	5.395437
30228	-1487.053	-1581.155	94.10247	0.5810684	0.8368003	0.357062	0.642938	5.339318
30234	-1484.027	-1577.196	93.16901	0.4216088	0.5821181	0.553651	0.446349	6.119079
30240	-1487.609	-1580.683	93.07426	0.5013076	0.5923133	0.385077	0.614923	6.119079
30246	-1485.806	-1580.775	94.96887	0.4453754	0.5815594	0.538576	0.461424	5.118393
30252	-1488.135	-1582.995	94.86001	0.3999614	0.5620445	0.605114	0.394886	5.220045
30258	-1476.929	-1570.121	93.19231	0.4622666	0.687571	0.570029	0.429971	6.00388
30264	-1486.623	-1580.034	93.41108	0.7088246	0.7466891	0.571298	0.428702	5.708153
30270	-1484.928	-1577.945	93.01718	0.809548	0.6623697	0.378537	0.621463	5.928302
30276	-1487.185	-1580.919	93.73417	0.5081596	0.8659908	0.437205	0.562795	5.564087
30282	-1473.866	-1567.537	93.6707	0.6643529	0.5792375	0.451061	0.548939	5.714831
30288	-1476.829	-1570.684	93.85583	0.5726301	0.6912279	0.494741	0.505259	5.577718
30294	-1483.74	-1578.638	94.89795	0.5758009	0.7595825	0.469897	0.530103	4.952252
30300	-1482.085	-1577.455	95.37089	0.7980523	0.6037007	0.469897	0.530103	4.680044
30306	-1487.264	-1581.74	94.47553	0.6838021	0.8330339	0.469897	0.530103	5.078539
30312	-1490.637	-1585.88	95.24297	0.6321011	0.560589	0.486008	0.513992	4.879916
30318	-1481.225	-1576.561	95.33648	0.5968575	0.6160941	0.412493	0.587507	4.801779
30324	-1485.63	-1579.636	94.00594	0.4327137	0.4611524	0.31295	0.68705	5.762354
30330	-1494.303	-1588.701	94.39772	0.5855882	0.4611524	0.409401	0.590599	5.463386
30336	-1477.11	-1571.493	94.38325	0.4670639	0.5710568	0.409401	0.590599	5.438555
30342	-1476.691	-1571.876	95.18519	0.7589835	0.6007066	0.499077	0.500923	4.808095
30348	-1478.083	-1573.455	95.37262	0.601346	0.6007066	0.476275	0.523725	4.791467
30354	-1490.67	-1584.406	93.73584	0.601346	0.6007066	0.472413	0.527587	5.696351
30360	-1486.364	-1581.247	94.88295	0.7414562	0.7485086	0.411205	0.588795	4.875989
30366	-1484.033	-1580.057	96.0244	0.6857986	0.5122108	0.536814	0.463186	4.454875
30372	-1480.72	-1575.438	94.71783	0.596459	0.4749944	0.480084	0.519916	5.267676
30378	-1477.043	-1572.917	95.87346	0.6720845	0.4645141	0.515881	0.484119	4.592518
30384	-1480.894	-1576.529	95.63524	0.6720845	0.5384267	0.539423	0.460577	4.657626
30390	-1484.928	-1578.057	93.12875	0.553394	0.4818785	0.542311	0.457689	6.155782
30396	-1487.903	-1582.435	94.53219	0.4450178	0.5288532	0.34674	0.65326	5.404619
30402	-1489.029	-1583.5	94.4707	0.6483981	0.4550148	0.542175	0.457825	5.394543
30408	-1498.797	-1594.508	95.71104	0.5953608	0.6760014	0.62047	0.37953	4.546631
30414	-1476.967	-1571.268	94.30075	0.5926474	0.7126942	0.427758	0.572242	5.306377
30420	-1478.965	-1574.405	95.4402	0.5715128	0.5722266	0.485298	0.514702	4.793889
30426	-1479.544	-1574.955	95.4108	0.7031904	0.576646	0.485298	0.514702	4.73305
30432	-1484.389	-1579.418	95.02839	0.5307755	0.798851	0.586175	0.413825	4.878405
30438	-1481.438	-1576.525	95.08646	0.6619595	0.5863216	0.545601	0.454399	4.928917
30444	-1478.11	-1572.949	94.83886	0.8148385	0.611149	0.407381	0.592619	4.961498
30450	-1481.862	-1578.825	96.9634	0.9028365	0.7460036	0.35529	0.64471	3.605728
30456	-1480.431	-1577.497	97.0661	0.9028365	0.787578	0.44684	0.55316	3.516542
30462	-1481.561	-1577.617	96.05665	0.9028365	0.7843725	0.44684	0.55316	4.099927
30468	-1478.173	-1575.215	97.0425	0.6662507	0.3999108	0.489458	0.510542	4.001106
30474	-1476.564	-1572.672	96.10827	0.6810074	0.6889599	0.472135	0.527865	4.26458
30480	-1478.769	-1573.691	94.92254	0.7488389	0.5561404	0.341949	0.658051	4.997021
30486	-1489.992	-1586.428	96.4364	0.8079039	0.6879544	0.33526	0.66474	4.006519
30492	-1488.256	-1584.506	96.24975	0.8185482	0.6317821	0.460059	0.539941	4.150304
30498	-1484.929	-1581.993	97.06355	0.8185482	0.5554947	0.468241	0.531759	3.748399
30504	-1477.847	-1572.761	94.91434	0.9495005	0.5639581	0.462723	0.537277	4.883315
30510	-1478.36	-1571.886	93.52528	0.6500177	0.63106	0.57076	0.42924	5.761306
30516	-1478.223	-1572.023	93.79952	0.4592066	0.4830698	0.503972	0.496028	5.840163
30522	-1480.946	-1575.209	94.26356	0.4811549	0.5678109	0.583312	0.416688	5.499362
30528	-1489.285	-1584.515	95.22974	0.6914788	0.6507451	0.545222	0.454778	4.781488
30540	-1490.427	-1586.329	95.90155	0.6145583	0.391463	0.325328	0.674672	4.684471
30546	-1493.727	-1588.686	94.95907	0.6145583	0.4383729	0.354862	0.645138	5.15992
30630	-1498.98	-1593.122	94.14195	0.7390805	0.5560614	0.300166	0.699834	5.434189
30636	-1484.207	-1579.489	95.28138	0.6552673	0.4970602	0.473416	0.526584	4.901908
30642	-1477.579	-1572.915	95.33614	0.6946052	0.5498257	0.491179	0.508821	4.802331
30648	-1483.025	-1577.957	94.93154	0.6157543	0.5872072	0.490656	0.509344	5.039968
30654	-1481.526	-1576.499	94.97258	0.6157543	0.696092	0.561472	0.438528	4.933202
30660	-1475.421	-1570.24	94.81963	0.7218051	0.7326609	0.431891	0.568109	4.933202
30666	-1490.858	-1588.384	97.52572	0.8306082	0.5616406	0.497339	0.502661	3.467659
30672	-1493.311	-1590.995	97.68362	0.7143143	0.6300846	0.436453	0.563547	3.384721
30678	-1491.069	-1586.902	95.83346	0.8253176	0.4171477	0.377864	0.622136	4.576947
30684	-1491.736	-1586.592	94.85602	0.828976	0.6538207	0.529151	0.470849	4.910839
30690	-1486.071	-1582.026	95.95539	0.7932761	0.5679003	0.529151	0.470849	4.383979
30696	-1492.644	-1587.832	95.18758	0.7932761	0.6085624	0.517943	0.482057	4.781275
30702	-1484.643	-1580.716	96.0732	0.7490769	0.7724807	0.455254	0.544746	4.186092
30708	-1496.218	-1591.105	94.88737	0.6687085	0.71105	0.585309	0.414691	4.940356
30714	-1483.895	-1578.84	94.94478	0.6687085	0.5243516	0.481676	0.518324	5.056812
30720	-1478.404	-1573.277	94.87274	0.7074815	0.5454438	0.491422	0.508578	5.056812
30726	-1479.936	-1575.701	95.76445	0.6767805	0.5055799	0.477737	0.522263	4.61212
30732	-1489.942	-1586.242	96.30039	0.8248486	0.5350638	0.477737	0.522263	4.199551
30738	-1483.53	-1578.287	94.75723	0.613015	0.5276374	0.521445	0.478555	5.188681
30744	-1485.964	-1580.802	94.83735	0.5963112	0.4888553	0.521445	0.478555	5.188681
30750	-1484.841	-1578.772	93.9302	0.7427188	0.7478714	0.525936	0.474064	5.403486
30756	-1482.73	-1578.01	95.27971	0.7427188	0.7297605	0.525936	0.474064	4.666776
30762	-1483.744	-1577.846	94.10229	0.6280618	0.558461	0.435678	0.564322	5.515082
30768	-1478.339	-1572.461	94.12189	0.5559867	0.587009	0.335307	0.664693	5.52034
30774	-1477.994	-1571.486	93.4921	0.550979	0.6052747	0.469451	0.530549	5.85372
30780	-1482.598	-1576.261	93.6622	0.517521	0.5452757	0.410384	0.589616	5.828174
30786	-1487.047	-1582.355	95.30729	0.7497891	0.4278837	0.566658	0.433342	4.90215
30792	-1483.137	-1579.088	95.95162	0.8524696	0.6548148	0.440649	0.559351	4.282115
30798	-1473.528	-1568.993	95.46521	0.7301656	0.6612008	0.632156	0.367844	4.620111
30804	-1487.919	-1582.788	94.8695	0.671022	0.7542162	0.464729	0.535271	4.918774
30810	-1485.61	-1579.733	94.12336	0.683551	0.7847423	0.464729	0.535271	5.304819
30816	-1492.958	-1586.691	93.73292	0.3988448	0.6045883	0.408536	0.591464	5.805758
31290	-1480.745	-1576.731	95.98622	0.7647269	0.5157513	0.401564	0.598436	4.42868
31296	-1485.688	-1580.979	95.29075	0.7213639	0.5815942	0.518302	0.481698	4.785845
31320	-1487.196	-1582.568	95.37241	0.2864151	0.5293624	0.464942	0.535058	5.027215
31326	-1494.012	-1587.297	93.28539	0.3888268	0.6148745	0.750794	0.249206	6.047542
31740	-1504.405	-1601.501	97.09548	0.987162	0.4402909	0.579615	0.420385	3.74319
31746	-1490.684	-1587.565	96.88124	0.776451	0.599812	0.458912	0.541088	3.839503
31752	-1488.145	-1584.275	96.12994	0.872734	0.6531303	0.542141	0.457859	4.170806
31758	-1493.885	-1589.973	96.08895	0.8550728	0.6454933	0.554679	0.445321	4.210061
31764	-1490.035	-1585.562	95.52766	0.7577041	0.6816949	0.547443	0.452557	4.554189
31770	-1489.002	-1585.181	96.17876	0.5938341	0.6401589	0.545919	0.454081	4.311354
31776	-1482.843	-1579.868	97.02495	0.8714708	0.369826	0.548769	0.451231	3.927788
31782	-1488.263	-1583.979	95.71629	0.6666485	0.4641962	0.463836	0.536164	4.683955
31788	-1481.707	-1577.269	95.56158	0.699565	0.4599556	0.435694	0.564306	4.756209
31830	-1499.059	-1593.614	94.55477	0.4345285	0.5121238	0.570327	0.429673	5.412775
31836	-1495.418	-1590.917	95.49969	0.5434877	0.533124	0.447255	0.552745	4.809969
31872	-1485.444	-1579.478	94.03395	0.6054006	0.5949393	0.399289	0.600711	5.535114
31878	-1488.498	-1583.634	95.13689	0.5482116	0.7785733	0.399289	0.600711	4.82168
31884	-1481.341	-1574.798	93.45698	0.5792034	0.6125447	0.469663	0.530337	5.85177
31890	-1482.607	-1574.932	92.32522	0.484163	0.515121	0.469663	0.530337	6.599413
31896	-1490.17	-1584.065	93.89453	0.7159189	0.6868609	0.442924	0.557076	5.480838
31902	-1493.301	-1589.391	96.09022	0.8766082	0.6727796	0.449083	0.550917	4.176061
31908	-1490.426	-1588.27	97.84343	0.9281741	0.4777106	0.417222	0.582778	3.303374
31914	-1482.17	-1576.364	94.19435	0.6576136	0.4940606	0.457651	0.542349	5.504737
31920	-1485.581	-1582.221	96.63976	0.7713726	0.4516971	0.510484	0.489516	4.116239
31926	-1484.918	-1581.34	96.42277	1.039892	0.6385692	0.465883	0.534117	3.919818
31932	-1474.063	-1569.616	95.55354	0.7239008	0.4753098	0.513224	0.486776	4.732236
31938	-1471.511	-1566.616	95.10427	0.5480791	0.6408317	0.501213	0.498787	4.938962
31944	-1473.508	-1568.831	95.32351	0.5029295	0.5664378	0.390657	0.609343	4.902047
31950	-1477.002	-1571.519	94.51627	0.6537866	0.6199868	0.408247	0.591753	5.222656
31956	-1475.587	-1570.681	95.09348	0.6537866	0.4738874	0.489341	0.510659	5.02895
31962	-1479.148	-1574.091	94.94309	0.4642015	0.6780145	0.347355	0.652645	5.047052
31968	-1477.823	-1572.056	94.23339	0.563155	0.7480086	0.430762	0.569238	5.335234
31974	-1489.683	-1583.869	94.18637	0.6678203	0.5551645	0.315203	0.684797	5.449728
31980	-1486.084	-1583.067	96.98335	0.7747977	0.4870636	0.410754	0.589246	3.883009
31986	-1495.655	-1592.247	96.5919	0.9886254	0.5331614	0.349701	0.650299	3.941731
31992	-1495.203	-1589.55	94.347	0.7269019	0.5520349	0.527153	0.472847	5.331295
31998	-1483.75	-1578.528	94.77846	0.6592307	0.7459129	0.374816	0.625184	4.981682
32004	-1486.629	-1580.496	93.86665	0.5814891	0.5405165	0.411346	0.588654	5.685265
32010	-1484.245	-1579.612	95.3665	0.7368985	0.5098706	0.60037	0.39963	4.797199
32016	-1482.069	-1577.437	95.36818	0.7103998	0.4823508	0.439639	0.560361	4.836569
32022	-1481.852	-1576.792	94.93923	0.6961997	0.7978273	0.433013	0.566987	4.836569
32028	-1487.106	-1581.662	94.55621	0.6036345	0.6918137	0.673176	0.326824	5.174083
32034	-1482.407	-1577.125	94.71804	0.5684727	0.6586051	0.461314	0.538686	5.128502
32040	-1478.345	-1573.153	94.80815	0.7425688	0.5444371	0.493036	0.506964	5.074045
32046	-1484.488	-1579.322	94.83409	0.4901989	0.4437955	0.574024	0.425976	5.292375
32052	-1487.278	-1582.292	95.01306	0.4429169	0.5345387	0.514589	0.485411	5.135162
32058	-1497.813	-1593.067	95.25363	0.702816	0.5932646	0.432795	0.567205	4.807302
32064	-1498.11	-1594.126	96.01655	0.655161	0.5580756	0.512365	0.487635	4.435807
32070	-1498.878	-1594.541	95.66315	0.4833052	0.5689813	0.421873	0.578127	4.721339
32076	-1482.427	-1576.263	93.83552	0.4833052	0.7914035	0.421873	0.578127	5.569205
32082	-1478.123	-1572.202	94.07886	0.5842166	0.6374592	0.435744	0.564256	5.488711
32088	-1496.994	-1589.911	92.91709	0.6606299	0.684267	0.445458	0.554542	6.048163
32094	-1477.724	-1573.195	95.47046	0.7005089	0.6137557	0.445458	0.554542	4.670804
32100	-1483.066	-1577.937	94.87051	0.7576173	0.6638941	0.530222	0.469778	4.934869
32106	-1488.917	-1583.157	94.23973	0.8350501	0.6480282	0.612064	0.387936	5.253658
32112	-1478.401	-1573.532	95.1311	0.8323267	0.7391658	0.466287	0.533713	4.693189
32118	-1479.884	-1575.953	96.06935	0.7710557	0.434678	0.40728	0.59272	4.45662
32124	-1482.484	-1576.94	94.45558	0.6411806	0.5442442	0.32611	0.67389	5.325345
32130	-1479.341	-1573.488	94.14768	0.6941651	0.5289604	0.448846	0.551154	5.479057
32136	-1479.562	-1574.262	94.69975	0.7683991	0.5289604	0.41092	0.58908	5.133315
32190	-1489.212	-1585.014	95.8018	0.6652032	0.5065908	0.601054	0.398946	4.596731
32196	-1479.085	-1574.601	95.51537	0.7515822	0.6039808	0.611548	0.388452	4.624906
32202	-1482.684	-1577.859	95.17567	0.7578594	0.8513815	0.428662	0.571338	4.635359
32208	-1481.903	-1576.585	94.68232	0.844669	0.7496265	0.486932	0.513068	4.929457
32214	-1483.158	-1578.117	94.95874	0.7613253	0.7496265	0.544564	0.455436	4.821887
32220	-1486.33	-1582.205	95.87513	0.7500893	0.4782952	0.383238	0.616762	4.534449
32226	-1485.419	-1581.569	96.14965	0.7429931	0.5927123	0.462195	0.537805	4.281717
32232	-1494.132	-1590.021	95.88953	0.6867734	0.6539059	0.552298	0.447702	4.411514
32238	-1491.296	-1585.643	94.3476	0.7846846	0.6539059	0.509368	0.490632	5.217418
32244	-1489.795	-1585.69	95.89472	0.8200358	0.7721443	0.459184	0.540816	4.247318
32250	-1485.787	-1581.426	95.6391	0.9635392	0.6914808	0.535313	0.464687	4.368256
32256	-1488.347	-1583.937	95.59012	0.8182594	0.8349226	0.501657	0.498343	4.378814
32262	-1481.368	-1577.508	96.14029	0.7942959	0.680192	0.402253	0.597747	4.188757
32268	-1490.293	-1584.544	94.25138	0.924889	0.4544269	0.363638	0.636362	5.363604
32274	-1486.998	-1581.547	94.54844	0.674783	0.4283747	0.406799	0.593201	5.363604
32280	-1494.482	-1589.575	95.09318	0.6333971	0.5145059	0.400867	0.599133	5.002824
32286	-1499.288	-1595.804	96.51611	0.6711606	0.6138131	0.427457	0.572543	4.097088
32292	-1491.62	-1587.52	95.89997	0.7296921	0.4482196	0.422571	0.577429	4.561412
32298	-1497.106	-1592.704	95.59727	0.7520931	0.736233	0.384029	0.615971	4.478666
32304	-1480.912	-1577.217	96.3048	0.8074364	0.6133967	0.376108	0.623892	4.140126
32310	-1488.046	-1585.176	97.13029	0.9546089	0.5908423	0.516135	0.483865	3.600297
32316	-1489.264	-1585.915	96.65112	0.8364132	0.7936795	0.528567	0.471433	3.791214
32322	-1489.437	-1585.988	96.55186	0.7246984	0.5960855	0.513113	0.486887	4.060809
32328	-1489.362	-1585.137	95.77564	0.7053238	0.7271933	0.424668	0.575332	4.410942
32334	-1482.007	-1576.92	94.91361	0.7200587	0.7228152	0.440756	0.559244	4.888795
32340	-1473.974	-1569.983	96.00936	0.7142699	0.5716263	0.374299	0.625701	4.394938
32346	-1499.275	-1595.485	96.20986	0.4008912	0.4233299	0.433072	0.566928	4.597432
32352	-1488.792	-1583.784	94.99161	0.7315677	0.5146814	0.40885	0.59115	5.004554
32358	-1498.856	-1594.504	95.64784	0.6339195	0.6089687	0.437322	0.562678	4.612569
32364	-1503.141	-1596.38	93.23846	0.4179134	0.5908685	0.445588	0.554412	6.076219
32370	-1498.489	-1594.858	96.3695	0.6988172	0.5908685	0.502874	0.497126	4.183651
32376	-1488.006	-1583.277	95.2713	0.582951	0.680104	0.502874	0.497126	4.79675
32382	-1497.009	-1592.912	95.90228	0.6510801	0.6284953	0.414009	0.585991	4.444301
32388	-1488.18	-1584.419	96.23886	0.6912235	0.5288582	0.480872	0.519128	4.315678
32394	-1480.022	-1573.536	93.51388	0.5983286	0.6432406	0.314846	0.685154	5.786553
32400	-1489.799	-1588.394	98.59528	1.098886	0.5326606	0.525035	0.474965	2.695241
32406	-1486.183	-1583.181	96.99803	1.098886	0.5801139	0.471357	0.528643	3.602533
32412	-1489.162	-1587.347	98.18439	0.8784865	0.489719	0.3771	0.6229	3.118835
32418	-1478.354	-1575.603	97.24904	1.088734	0.7951471	0.404906	0.595094	3.295102
32424	-1485.692	-1580.43	94.73709	0.6254539	0.4311311	0.412576	0.587424	5.283934
32430	-1485.206	-1581.28	96.07412	0.9321072	0.5272309	0.437533	0.562467	4.274055
32436	-1493.798	-1588.305	94.507	0.8996121	0.4673339	0.433819	0.566181	5.223947
32442	-1483.701	-1580.12	96.41903	0.8623923	0.6071073	0.453166	0.546834	4.04891
32448	-1482.243	-1577.239	94.99599	0.7582511	0.3953425	0.473628	0.526372	5.104565
32454	-1473.564	-1568.553	94.98931	0.6016679	0.6639409	0.381321	0.618679	4.955498
32460	-1485.776	-1580.265	94.48966	0.7935894	0.7405659	0.418568	0.581432	5.071127
32466	-1487.174	-1582.433	95.25932	0.6267277	0.6643183	0.407239	0.592761	4.790809
32472	-1487.467	-1581.35	93.88219	0.6701906	0.606724	0.472374	0.527626	5.573494
32478	-1493.914	-1586.033	92.11948	0.6231474	0.4218085	0.421517	0.578483	6.722919
32484	-1488.439	-1584.058	95.6192	0.6007905	0.56568	0.633468	0.366532	4.682989
32490	-1479.601	-1575.611	96.01005	0.7470213	0.6475263	0.516203	0.483797	4.314375
32496	-1475.205	-1571.205	95.99991	0.8553761	0.6712891	0.518909	0.481091	4.240482
32502	-1485.738	-1583.315	97.57678	1.080865	0.7037828	0.445125	0.554875	3.172864
32508	-1488.709	-1587.175	98.46628	1.080865	0.4478435	0.586726	0.413274	2.871629
32514	-1493.591	-1590.195	96.60415	1.065213	1.098407	0.489671	0.510329	3.500767
32520	-1479.059	-1575.19	96.13093	0.851516	0.8277633	0.489671	0.510329	4.057822
32526	-1476.527	-1573.737	97.21027	0.851516	0.4836373	0.425787	0.574213	3.711493
32532	-1472.778	-1567.708	94.92963	0.8251128	0.4315184	0.400911	0.599089	5.066463
32538	-1480.177	-1575.225	95.04761	0.8240962	0.5427073	0.543901	0.456099	4.897159
32544	-1487.93	-1582.967	95.03743	0.5352462	0.4485621	0.543901	0.456099	5.150312
32550	-1484.169	-1578.327	94.15794	0.7180026	0.6441366	0.484496	0.515504	5.366375
32556	-1481.045	-1576.089	95.04404	0.3888529	0.5043132	0.493372	0.506628	5.17489
32562	-1480.937	-1575.745	94.80841	0.5807465	0.531423	0.493372	0.506628	5.17489
32568	-1479.061	-1574.096	95.03492	0.6462682	0.4560278	0.480109	0.519891	5.082847
32574	-1495.441	-1590.064	94.62252	0.6164845	0.4227845	0.47766	0.52234	5.360598
32580	-1487.02	-1581.366	94.34621	0.4303836	0.5358539	0.406315	0.593685	5.50895
32586	-1490.253	-1584.62	94.36648	0.6147986	0.5702548	0.412731	0.587269	5.367057
32592	-1489.031	-1583.278	94.24751	0.6990894	0.5935968	0.592036	0.407964	5.367057
32598	-1481.822	-1577.137	95.31512	0.5716777	0.5103483	0.592036	0.407964	4.917489
32604	-1484.281	-1579.861	95.5796	0.5128708	0.4855165	0.527168	0.472832	4.825837
32610	-1491.213	-1585.988	94.77519	0.4399475	0.5570381	0.490765	0.509235	5.249055
32616	-1503.304	-1598.489	95.1852	0.4028898	0.4586673	0.529475	0.470525	5.131874
32622	-1490.678	-1585.471	94.79261	0.4778934	0.4631473	0.529475	0.470525	5.303166
32628	-1485.067	-1580.066	94.99831	0.5597989	0.7439269	0.47439	0.52561	4.916079
32634	-1496.189	-1591.002	94.81237	0.3661654	0.6220003	0.431771	0.568229	5.216391
32664	-1506.316	-1601.774	95.45765	0.7629349	0.6145721	0.305031	0.694969	4.642362
32682	-1494.623	-1588.509	93.88542	0.569645	0.4814936	0.541138	0.458862	5.734177
32688	-1489.339	-1582.252	92.9129	0.5912602	0.6415534	0.390526	0.609474	6.119736
32694	-1491.56	-1588.745	97.18492	1.106224	0.5916477	0.532019	0.467981	3.479522
32802	-1495.432	-1592.826	97.39447	0.8009772	0.4650608	0.555825	0.444175	3.652594
32808	-1501.587	-1597.485	95.89815	0.6298765	0.4982411	0.438232	0.561768	4.570204
32814	-1491.739	-1586.556	94.81744	0.7234185	0.6785294	0.536825	0.463175	4.972484
32820	-1482.773	-1578.634	95.86016	0.8201336	0.5941012	0.429763	0.570237	4.400565
32826	-1486.745	-1583.169	96.42387	0.6249015	0.5182202	0.429763	0.570237	4.258137
32832	-1474.679	-1571.015	96.33559	0.6610009	0.5513014	0.399531	0.600469	4.258137
32838	-1476.147	-1571.669	95.52231	0.6901664	0.6609921	0.41251	0.58749	4.610684
32844	-1480.528	-1574.468	93.93909	0.5377715	0.6877995	0.300567	0.699433	5.553608
32850	-1486.428	-1580.856	94.4279	0.7734729	0.99813	0.582068	0.417932	4.957099
32856	-1486.037	-1581.702	95.66476	0.8243411	0.7438712	0.58988	0.41012	4.394543
32862	-1475.253	-1570.653	95.39985	0.8243411	0.6096566	0.58988	0.41012	4.644289
32868	-1482.401	-1577.101	94.69933	0.7269565	0.41062	0.534253	0.465747	5.26982
32910	-1494.543	-1590.817	96.27407	0.8198314	0.7504651	0.496234	0.503766	4.046834
32916	-1485.656	-1582.064	96.40867	0.6925417	0.5183928	0.425487	0.574513	4.228259
33024	-1480.314	-1576.033	95.71846	0.8982292	0.3930885	0.466576	0.533424	4.62635
33030	-1486.421	-1581.952	95.53045	0.8643188	0.6265788	0.510495	0.489505	4.535054
33036	-1485.972	-1581.714	95.74204	0.6961689	0.5360267	0.407559	0.592441	4.586362
33084	-1487.863	-1582.806	94.9433	0.5486881	0.6075884	0.53512	0.46488	5.054163
33090	-1488.227	-1582.968	94.74105	0.5100583	0.7462759	0.478131	0.521869	5.085012
33096	-1493.406	-1588.092	94.68631	0.6604261	0.4178937	0.478131	0.521869	5.30619
33102	-1487.219	-1582.725	95.50682	1.092481	0.5181916	0.437344	0.562656	4.511831
33108	-1489.962	-1586.682	96.71997	0.9734631	0.7401422	0.407951	0.592049	3.710039
33114	-1492.765	-1589.297	96.53149	0.7652451	0.6779515	0.360232	0.639768	3.984128
33120	-1495.835	-1590.607	94.77163	0.7797944	0.608733	0.604402	0.395598	5.020253
33126	-1489.087	-1584.179	95.09156	0.4688716	0.6024973	0.402104	0.597896	5.020253
33132	-1492.362	-1590.056	97.69356	0.9136356	0.7017944	0.412463	0.587537	3.204307
33138	-1487.955	-1583.82	95.86511	0.9136356	0.5507792	0.623751	0.376249	4.381768
33144	-1485.973	-1581.288	95.31497	0.6546634	0.5831534	0.36367	0.63633	4.808264
33150	-1483.119	-1577.566	94.44695	0.7013564	0.55409	0.455453	0.544547	5.288477
33156	-1481.56	-1576.49	94.93081	0.6334737	0.4316911	0.449278	0.550722	5.171827
33162	-1484.218	-1580.295	96.07742	0.9231354	0.522314	0.466124	0.533876	4.281718
33168	-1486.819	-1584.787	97.96747	1.022898	0.4680678	0.4398	0.5602	3.183857
33174	-1488.344	-1584.088	95.74381	0.9342598	0.7619072	0.4398	0.5602	4.275156
33180	-1493.139	-1587.59	94.4511	0.8581855	0.782146	0.398239	0.601761	5.028435
33186	-1484.629	-1579.109	94.48025	0.6181359	0.497714	0.564271	0.435729	5.365696
33192	-1484.667	-1578.294	93.62658	0.403614	0.5096541	0.564271	0.435729	5.940888
33198	-1485.61	-1579.867	94.25666	0.4875549	0.5343001	0.569863	0.430137	5.528098
33204	-1483.532	-1579.895	96.36286	1.01933	0.7364259	0.41566	0.58434	3.891916
33210	-1475.962	-1573.329	97.36737	1.01933	0.5327536	0.511693	0.488307	3.476112
33216	-1484.742	-1580.509	95.76735	1.028871	0.8110592	0.482184	0.517816	4.174833
33222	-1482.741	-1577.181	94.43934	0.7332783	0.5864749	0.482184	0.517816	5.248075
33228	-1480.989	-1573.667	92.67808	0.700478	0.5543897	0.439811	0.560189	6.257226
33234	-1476.755	-1570.783	94.02857	0.5777971	0.7275159	0.439811	0.560189	5.454183
33240	-1479.712	-1573.477	93.76412	0.6490662	0.580966	0.404335	0.595665	5.670593
33246	-1475.287	-1570.305	95.01836	0.7231732	0.7150535	0.39392	0.60608	4.834197
33252	-1486.293	-1581.719	95.42636	0.7231732	0.4441097	0.523424	0.476576	4.834197
33258	-1484.245	-1580.378	96.13325	0.7231732	0.3976888	0.46378	0.53622	4.486688
33264	-1484.911	-1580.669	95.75785	0.533265	0.4992431	0.405589	0.594411	4.702054
33270	-1480.83	-1575.482	94.65164	0.4931206	0.5354911	0.397249	0.602751	5.30642
33276	-1474.148	-1568.874	94.72678	0.5850365	0.4314746	0.360877	0.639123	5.311591
33282	-1484.63	-1579.15	94.52016	0.4893872	0.3995586	0.542006	0.457994	5.51115
33288	-1474.921	-1570.216	95.29489	0.6304872	0.629207	0.542006	0.457994	4.79586
33294	-1468.854	-1562.18	93.3257	0.6332488	0.681673	0.583933	0.416067	5.84192
33300	-1479.477	-1575.199	95.7221	0.9657549	0.6225882	0.470497	0.529503	4.373153
33306	-1477.828	-1574.88	97.05198	0.9657549	0.7451354	0.470497	0.529503	3.518238
33312	-1493.128	-1590.161	97.03244	1.249101	1.151215	0.456042	0.543958	3.111585
33318	-1487.395	-1582.776	95.3805	0.8334931	0.5448714	0.365408	0.634592	4.704235
33324	-1495.637	-1590.138	94.50041	0.5808099	0.903401	0.40001	0.59999	5.078487
33330	-1493.468	-1588.745	95.27688	0.7292317	0.7217606	0.460238	0.539762	4.681585
33336	-1489.086	-1584.324	95.23808	0.7292317	0.6314224	0.423074	0.576926	4.770708
33342	-1497.707	-1592.197	94.49012	0.6841873	0.7426621	0.490957	0.509043	5.130069
33348	-1494.175	-1590.523	96.348	0.8810283	0.5292799	0.291288	0.708712	4.145792
33354	-1474.699	-1569.741	95.04163	0.7274075	0.7104348	0.487446	0.512554	4.822165
33360	-1492.81	-1586.733	93.92321	0.542576	0.6785511	0.530459	0.469541	5.566421
33366	-1479.153	-1574.679	95.52612	0.8733915	0.5937783	0.530459	0.469541	4.558861
33372	-1475.779	-1570.204	94.42553	0.8843353	0.5466018	0.516857	0.483143	5.205589
33378	-1474.4	-1570.118	95.71803	0.8843353	0.4922722	0.448287	0.551713	4.534028
33384	-1473.585	-1568.472	94.88758	0.5280811	0.6092646	0.388643	0.611357	5.095159
33390	-1476.491	-1570.796	94.30486	0.5599883	0.6333499	0.628415	0.371585	5.380756
33396	-1482.717	-1576.772	94.05494	0.59776	0.7986537	0.465549	0.534451	5.380756
33402	-1484.611	-1579.272	94.66079	0.6060182	0.6003867	0.465151	0.534849	5.184714
33408	-1481.02	-1575.704	94.68385	0.5303952	0.4259695	0.465151	0.534849	5.370998
33414	-1479.687	-1574.676	94.98906	0.613736	0.660713	0.44819	0.55181	4.951354
33420	-1483.249	-1578.62	95.37142	0.5642348	0.4102535	0.475248	0.524752	4.988003
33426	-1480.279	-1575.914	95.63496	0.5608689	0.5917826	0.406363	0.593637	4.674715
33432	-1490.521	-1583.011	92.49057	0.5167068	0.5128422	0.424393	0.575607	6.494286
33438	-1489.366	-1585.142	95.77639	0.7106179	0.4828005	0.579917	0.420083	4.607744
33444	-1491.773	-1586.584	94.81112	0.5340058	0.6223132	0.570935	0.429065	5.123934
33450	-1486.416	-1580.963	94.54709	0.5348477	0.5555907	0.47509	0.52491	5.323841
33456	-1487.379	-1581.742	94.36367	0.7511906	0.5344409	0.579103	0.420897	5.323841
33462	-1488.418	-1583.741	95.32368	0.5825508	0.5094033	0.534342	0.465658	4.907533
33468	-1488.278	-1582.026	93.74791	0.530566	0.5998138	0.546365	0.453635	5.729233
33474	-1484.192	-1578.521	94.32875	0.7758387	0.6464003	0.552912	0.447088	5.238423
33480	-1484.938	-1579.057	94.11891	0.687755	0.724582	0.406406	0.593594	5.345862
33486	-1484.469	-1580.029	95.56014	0.4708588	0.6007224	0.565782	0.434218	4.759602
33492	-1486.134	-1580.894	94.75983	0.4708588	0.5659445	0.654812	0.345188	5.232961
33498	-1493.94	-1588.603	94.66294	0.6310713	0.525237	0.414144	0.585856	5.232961
33504	-1482.313	-1576.052	93.73806	0.5907851	0.5727336	0.511024	0.488976	5.723568
33510	-1494.447	-1588.994	94.5478	0.5835946	0.7254886	0.610736	0.389264	5.165788
33516	-1486.061	-1580.625	94.56486	0.7450565	0.6523229	0.610736	0.389264	5.120285
33522	-1492.643	-1588.208	95.56468	0.6948026	0.5529361	0.625103	0.374897	4.671782
33528	-1485.773	-1581.544	95.77114	0.6024278	0.5081992	0.54474	0.45526	4.647639
33534	-1495.961	-1592.469	96.50769	0.9020652	0.5081992	0.538832	0.461168	4.062232
33540	-1488.043	-1581.829	93.78623	0.6906425	0.6050808	0.372192	0.627808	5.616255
33546	-1477.647	-1571.101	93.45426	0.6162776	0.6050808	0.445363	0.554637	5.838862
33714	-1490.602	-1584.936	94.334	0.6306484	0.4320628	0.540875	0.459125	5.502276
33942	-1488.428	-1584.974	96.54535	0.8477435	0.5954438	0.491385	0.508615	3.994814
33948	-1481.469	-1575.844	94.37432	0.4211766	0.6405275	0.491385	0.508615	5.413466
33954	-1482.153	-1577.732	95.57923	0.6340812	0.403747	0.461917	0.538083	4.840348
33960	-1488.104	-1582.4	94.29598	0.6022841	0.5305159	0.604794	0.395206	5.446647
33966	-1495.735	-1591.33	95.59447	0.6428129	0.5305159	0.521549	0.478451	4.703821
34044	-1492.378	-1586.916	94.53844	0.782545	0.5726055	0.39255	0.60745	5.17745
34050	-1482.847	-1578.216	95.36851	0.782545	0.492474	0.509523	0.490477	4.786625
34056	-1488.513	-1582.398	93.88579	0.3858359	0.4329588	0.509523	0.490477	5.881273
34062	-1486.919	-1582.753	95.83383	0.4274066	0.4966733	0.42585	0.57415	4.721148
34068	-1491.57	-1586.596	95.02642	0.6317432	0.5356312	0.48176	0.51824	5.022074
34074	-1488	-1582.263	94.26271	0.7979522	0.6070126	0.491867	0.508133	5.293361
34080	-1484.393	-1579.054	94.66148	0.5775409	0.4491772	0.498139	0.501861	5.334126
34086	-1484.728	-1578.796	94.06777	0.5527558	0.4570601	0.424211	0.575789	5.666631
34092	-1484.892	-1577.237	92.34451	0.5194276	0.689648	0.424211	0.575789	6.432293
34098	-1497.745	-1590.772	93.0272	0.3567699	0.689648	0.254732	0.745268	6.149823
34104	-1481.89	-1576.16	94.2704	0.5007218	0.5766985	0.417922	0.582078	5.477485
34110	-1474.631	-1569.5	94.86906	0.5942427	0.514204	0.541841	0.458159	5.149118
34116	-1492.061	-1587.196	95.13526	0.4296427	0.4243107	0.488781	0.511219	5.179006
34122	-1485.519	-1579.806	94.28747	0.6362532	0.6253036	0.412624	0.587376	5.354529
34128	-1479.228	-1575.196	95.9678	0.8452099	0.4726647	0.426393	0.573607	4.434196
34134	-1478.408	-1574.92	96.51176	0.7620492	0.5391377	0.56296	0.43704	4.111463
34140	-1469.089	-1563.89	94.80177	0.7154444	0.4343133	0.45071	0.54929	5.195224
34146	-1475.191	-1569.205	94.01389	0.7312319	0.4457327	0.540266	0.459734	5.609299
34152	-1485.709	-1579.763	94.05437	0.6929687	0.4444957	0.451174	0.548826	5.609299
34158	-1483.253	-1578.987	95.73485	0.6738959	0.5984096	0.499849	0.500151	4.549875
34164	-1475.482	-1571.158	95.67544	0.609931	0.5434136	0.48088	0.51912	4.66555
34170	-1472.294	-1567.782	95.48854	0.6430235	0.614033	0.404377	0.595623	4.692644
34176	-1483.15	-1576.899	93.74879	0.6808503	0.5939524	0.361314	0.638686	5.651056
34182	-1485.406	-1581.293	95.88707	0.9266038	0.6559692	0.436776	0.563224	4.275799
34188	-1485.192	-1578.987	93.79486	0.8767819	0.5787178	0.424793	0.575207	5.530535
34194	-1489.949	-1585.973	96.02344	0.8767819	0.814158	0.442563	0.557437	4.113639
34200	-1485.684	-1582.297	96.61244	0.8101657	0.4982557	0.517964	0.482036	4.064241
34206	-1483.367	-1579.539	96.17144	0.7978994	0.7091419	0.476946	0.523054	4.147489
34212	-1484.545	-1576.579	92.03335	0.5924379	0.5867522	0.492311	0.507689	6.638822
34218	-1496.781	-1590.219	93.43808	0.4939506	0.8195946	0.527507	0.472493	5.763166
34224	-1485.748	-1580.735	94.98684	0.556339	0.5711256	0.453532	0.546468	5.055556
34230	-1484.89	-1579.298	94.40857	0.6131238	0.6149973	0.409922	0.590078	5.30855
34236	-1481.763	-1576.399	94.63599	0.5811767	0.4886135	0.517719	0.482281	5.30855
34242	-1485.902	-1580.694	94.79229	0.5434596	0.4781177	0.607154	0.392846	5.252871
34248	-1490.952	-1585.765	94.81296	0.5616657	0.5636879	0.336501	0.663499	5.155218
34254	-1477.267	-1571.344	94.0772	0.4414822	0.5700686	0.490842	0.509158	5.621669
34260	-1476.061	-1570.018	93.95779	0.5037882	0.6088459	0.490842	0.509158	5.621669
34266	-1482.686	-1577.404	94.71806	0.6184539	0.866974	0.596406	0.403594	4.958871
34272	-1495.14	-1590.301	95.16029	0.9530414	0.866974	0.521366	0.478634	4.524644
34278	-1499.033	-1596.004	96.97116	0.9530414	0.7048109	0.533346	0.466654	3.602404
34284	-1484.292	-1581.328	97.03526	0.9413031	0.6651995	0.457407	0.542593	3.602404
34302	-1487.013	-1582.46	95.44671	0.6686409	0.5741079	0.405917	0.594083	4.734414
34308	-1489.028	-1583.195	94.16719	0.5732933	0.5880711	0.511417	0.488583	5.485049
34320	-1501.454	-1595.215	93.76054	0.6683621	0.6064948	0.398639	0.601361	5.641463
34326	-1489.847	-1584.063	94.21553	0.7246155	0.512713	0.38025	0.61975	5.439318
34332	-1484.973	-1580.264	95.29142	0.7991337	0.5721523	0.548318	0.451682	4.749917
34338	-1486.807	-1581.225	94.41792	0.6275024	0.5513229	0.332282	0.667718	5.347611
34344	-1494.173	-1588.09	93.9165	0.8047267	0.7915558	0.529758	0.470242	5.347611
34350	-1489.499	-1584.388	94.88972	0.7922316	0.5441196	0.529758	0.470242	5.001476
34356	-1494.006	-1588.662	94.65531	0.5555687	0.9118449	0.558208	0.441792	5.001476
34362	-1488.777	-1584.114	95.33678	0.6478341	0.524243	0.551308	0.448692	4.850509
34368	-1492.63	-1587.756	95.12645	0.5829789	0.4977846	0.551308	0.448692	5.027571
34374	-1505.123	-1601.412	96.28913	0.9564128	0.5100173	0.444455	0.555545	4.154029
34380	-1501.325	-1595.911	94.5856	0.7550849	0.711556	0.484647	0.515353	5.059657
34386	-1515.173	-1611.701	96.52805	0.699554	0.4868718	0.562034	0.437966	4.186009
34392	-1490.843	-1586.037	95.19437	0.5918013	0.6618601	0.387178	0.612822	4.848381
34398	-1493.795	-1588.422	94.62758	0.7116108	0.8661302	0.475166	0.524834	4.957904
34404	-1494.627	-1588.723	94.09524	0.6537478	0.6534136	0.483132	0.516868	5.429307
34410	-1487.286	-1580.454	93.16806	0.6916521	0.631348	0.48568	0.51432	5.933632
34416	-1481.493	-1575	93.50634	0.6276619	0.6318585	0.371162	0.628838	5.7833
34422	-1485.599	-1578.728	93.12913	0.7045789	0.8444829	0.436076	0.563924	5.80136
34428	-1489.242	-1585.19	95.94787	0.9561646	0.4824281	0.436076	0.563924	4.373451
34434	-1487.354	-1583.275	95.92031	0.9983667	0.4896215	0.401357	0.598643	4.358332
34440	-1489.004	-1584.807	95.80395	0.7687206	0.7283874	0.433752	0.566248	4.358332
34446	-1485.036	-1580.567	95.53132	0.7687206	0.6537812	0.439586	0.560414	4.567056
34452	-1476.562	-1571.48	94.91758	0.696699	0.4741823	0.404537	0.595463	5.102444
34458	-1481.005	-1577.184	96.17847	0.9224105	0.5421864	0.470511	0.529489	4.207031
34464	-1483.326	-1579.596	96.27068	0.9332824	0.6892018	0.456652	0.543348	4.028622
34470	-1478.658	-1573.168	94.50963	0.7937839	0.6497569	0.469571	0.530429	5.125839
34476	-1477.686	-1573.773	96.08697	0.8546	0.3856357	0.529762	0.470238	4.452018
34482	-1476.776	-1573.913	97.1377	0.8025246	0.4071816	0.409941	0.590059	3.860518
34488	-1480.696	-1577.215	96.51819	0.7336116	0.4054559	0.468312	0.531688	4.255023
34494	-1489.374	-1583.695	94.32054	0.664856	0.5985226	0.548308	0.451692	5.341691
34500	-1499.247	-1594.8	95.55316	0.664856	0.3929519	0.614688	0.385312	4.849358
34506	-1492.236	-1587.618	95.38205	0.664856	0.487525	0.629023	0.370977	4.849358
34512	-1491.455	-1585.51	94.05458	0.5011498	0.5959293	0.438013	0.561987	5.580263
34518	-1493.533	-1588.42	94.88648	0.7631981	0.8834488	0.293909	0.706091	4.774216
34524	-1491.345	-1587.373	96.02813	0.7631981	0.6384916	0.482167	0.517833	4.302068
34530	-1486.309	-1581.649	95.34022	0.6827871	0.511881	0.482167	0.517833	4.840218
34536	-1491.722	-1588.411	96.68897	0.6827871	0.4851378	0.497054	0.502946	4.105711
34542	-1486.465	-1583.697	97.23169	0.8868429	0.4851378	0.481291	0.518709	3.67721
34548	-1482.5	-1578.934	96.4343	0.8868429	0.4520299	0.435454	0.564546	4.167075
34554	-1481.756	-1577.799	96.04316	0.7635371	0.5739598	0.533488	0.466512	4.346055
34572	-1501.312	-1596.798	95.48597	0.6487171	0.727137	0.557535	0.442465	4.60572
34578	-1480.167	-1575.153	94.98585	0.5341966	0.5030625	0.511354	0.488646	5.127769
34584	-1487.417	-1583.038	95.62078	0.8105873	0.8017057	0.556526	0.443474	4.387599
34590	-1496.585	-1592.672	96.08707	0.9258226	0.4299047	0.57855	0.42145	4.364275
34596	-1479.911	-1575.754	95.84263	0.9258226	0.3317782	0.413737	0.586263	4.612122
34602	-1483.804	-1581.515	97.71061	0.8193075	0.4845311	0.502737	0.497263	3.438466
34608	-1478.704	-1573.986	95.28219	0.602517	0.5181005	0.356953	0.643047	4.91166
34614	-1492.343	-1586.341	93.99741	0.5211678	0.4463005	0.588116	0.411884	5.732967
34620	-1480.472	-1577.214	96.74183	0.7187241	0.5175902	0.63025	0.36975	4.024549
34626	-1486.137	-1581.336	95.19871	0.5464159	0.5707554	0.481117	0.518883	4.943673
34632	-1480.083	-1575.436	95.35266	0.4678798	0.5446492	0.363588	0.636412	4.923955
34638	-1482.99	-1576.703	93.7131	0.3761089	0.6853182	0.504406	0.495594	5.768012
34644	-1483.831	-1580.403	96.57169	0.6543225	0.7489615	0.4042	0.5958	3.972431
34650	-1479.471	-1574.149	94.67771	0.7690672	0.7489615	0.39949	0.60051	4.974525
34656	-1473.609	-1567.319	93.71008	0.642085	0.574108	0.469076	0.530924	5.709659
34662	-1470.288	-1564.711	94.42264	0.5476939	0.562054	0.497757	0.502243	5.379943
34668	-1488.497	-1584.036	95.53903	0.728758	0.529409	0.608792	0.391208	4.687734
34674	-1484.933	-1579.758	94.82535	0.4703009	0.529409	0.483861	0.516139	5.228383
34680	-1487.768	-1583.365	95.5969	0.5867483	0.6114095	0.598588	0.401412	4.665586
34686	-1483.504	-1577.738	94.23412	0.6064841	0.6114095	0.367411	0.632589	5.411242
34692	-1482.377	-1578.281	95.90404	0.5171852	0.7047701	0.507105	0.492895	4.460779
34698	-1477.203	-1572.687	95.48367	0.6298375	0.4951046	0.463185	0.536815	4.805133
34704	-1474.991	-1571.179	96.1878	0.7327051	0.6513953	0.56523	0.43477	4.218796
34710	-1470.508	-1565.013	94.50477	0.5285269	0.5888322	0.493994	0.506006	5.323096
34716	-1485.676	-1580.231	94.55535	0.4783504	0.6095815	0.47768	0.52232	5.306203
34722	-1481.288	-1577.23	95.94293	0.7062343	0.5337816	0.489574	0.510426	4.46978
34728	-1492.311	-1589.923	97.61171	0.9255238	0.7090514	0.47175	0.52825	3.240159
34734	-1490.406	-1588.403	97.99688	0.9255238	0.8172458	0.499957	0.500043	2.931325
34740	-1483.565	-1579.824	96.25889	0.8952632	0.8009358	0.503847	0.496153	3.977611
34746	-1486.924	-1584.27	97.34649	0.9764498	0.5934858	0.463093	0.536907	3.459368
34752	-1496.794	-1593.812	97.01746	0.9764498	0.6097119	0.438993	0.561007	3.63717
34758	-1488.202	-1584.368	96.16573	1.027806	0.5962726	0.529615	0.470385	4.107951
34764	-1495.931	-1592.203	96.27266	0.6986427	0.557965	0.406078	0.593922	4.266656
34794	-1498.578	-1593.61	95.03165	0.6165311	0.6633912	0.405582	0.594418	4.924084
34800	-1492.27	-1585.588	93.31806	0.6602764	0.7510019	0.427461	0.572539	5.782759
34806	-1487.79	-1581.204	93.41384	0.7320131	0.6003612	0.454667	0.545333	5.801406
34830	-1494.468	-1587.692	93.22472	0.3484773	0.5282373	0.576249	0.423751	6.173631
34836	-1489.265	-1582.405	93.13978	0.4826787	0.5144857	0.400965	0.599035	6.158844
34842	-1487.283	-1580.799	93.51624	0.5816045	0.40044	0.500976	0.499024	6.009428
34848	-1489.937	-1582.748	92.81123	0.4262709	0.6732782	0.457525	0.542475	6.241298
35040	-1482.585	-1577.484	94.899	0.9175276	0.8994647	0.41262	0.58738	4.671153
35046	-1474.253	-1569.452	95.19891	0.9175276	0.8267601	0.378072	0.621928	4.548477
35082	-1491.945	-1585.046	93.10132	0.2933827	0.5397348	0.497621	0.502379	6.260813
35088	-1484.388	-1579.344	94.95585	0.4724634	0.517862	0.441041	0.558959	5.165214
35094	-1486.455	-1581.308	94.85249	0.7025419	0.497646	0.443543	0.556457	5.113346
35100	-1475.505	-1570.28	94.77426	0.6097542	0.6084553	0.443543	0.556457	5.113346
35106	-1480.897	-1575.852	94.95465	0.4712818	0.6084553	0.508896	0.491104	5.090111
35112	-1491.63	-1585.867	94.23762	0.5525567	0.7010167	0.508896	0.491104	5.371642
35118	-1492.763	-1586.23	93.46743	0.4405605	0.7010167	0.319414	0.680586	5.855892
35124	-1492.614	-1587.716	95.10134	0.4265469	0.464675	0.400772	0.599228	5.1594
35130	-1483.95	-1578.384	94.43421	0.3614352	0.5378078	0.510483	0.489517	5.496778
35136	-1481.57	-1575.997	94.42699	0.3813022	0.5298036	0.510483	0.489517	5.496778
35142	-1485.012	-1579.188	94.17616	0.3715911	0.5610152	0.510483	0.489517	5.613253
35148	-1494.321	-1588.716	94.3952	0.5226327	0.4957619	0.500819	0.499181	5.466943
35154	-1488.129	-1582.372	94.24341	0.5091776	0.5617743	0.411907	0.588093	5.50007
35160	-1487.743	-1582.415	94.67218	0.5934073	0.6819806	0.467516	0.532484	5.122708
35166	-1485.27	-1580.009	94.73892	0.6849475	0.6374203	0.471369	0.528631	5.068518
35172	-1486.764	-1581.283	94.51905	0.6606965	0.544001	0.464303	0.535697	5.279741
35178	-1482.357	-1577.323	94.96565	0.7260209	0.544001	0.470949	0.529051	4.996175
35184	-1488.29	-1583.52	95.23027	0.6047167	0.5459443	0.548883	0.451117	4.914795
35190	-1493.041	-1588.34	95.29837	0.6881639	0.5459443	0.597765	0.402235	4.830358
35196	-1495.202	-1590.431	95.22907	0.6695358	0.6046091	0.453353	0.546647	4.830358
35202	-1489.052	-1583.305	94.25347	0.5608795	0.6317069	0.52231	0.47769	5.409853
35208	-1483.081	-1577.478	94.39772	0.5526914	0.4997317	0.52231	0.47769	5.445385
35214	-1490.363	-1585.683	95.3207	0.6470533	0.5753853	0.490238	0.509762	4.815775
35220	-1486.4	-1582.303	95.90247	0.5265364	0.5452717	0.38849	0.61151	4.583405
35226	-1480.61	-1576.288	95.67792	0.7873698	0.6475672	0.404045	0.595955	4.478955
35232	-1484.958	-1579.647	94.68911	0.5062745	0.6530802	0.448407	0.551593	5.183136
35238	-1491.934	-1586.94	95.00611	0.3638638	0.5341303	0.530489	0.469511	5.183136
35244	-1483.268	-1577.634	94.36612	0.5645276	0.5341303	0.530489	0.469511	5.425665
35250	-1498.349	-1592.926	94.57652	0.270642	0.5888823	0.530489	0.469511	5.425665
35256	-1486.042	-1579.555	93.51263	0.2959748	0.6294743	0.500338	0.499662	5.962966
35262	-1494.981	-1589.069	94.08821	0.6228773	0.4088049	0.488668	0.511332	5.665325
35268	-1502.652	-1596.032	93.37959	0.6668162	0.5142425	0.431653	0.568347	5.927962
35274	-1486.304	-1580.916	94.61204	0.4808018	0.5983637	0.431653	0.568347	5.282516
35280	-1488.664	-1582.912	94.24769	0.3832815	0.4905894	0.466769	0.533231	5.629323
35286	-1490.036	-1583.771	93.73495	0.512954	0.6592037	0.495691	0.504309	5.700248
35292	-1480.975	-1576.645	95.67054	0.7224232	0.869383	0.495691	0.504309	4.365596
35298	-1489.244	-1583.27	94.02524	0.648553	0.6169009	0.370143	0.629857	5.498742
35304	-1475.612	-1570.371	94.75911	0.5069696	0.5945384	0.541541	0.458459	5.189838
35310	-1479.642	-1574.357	94.71435	0.4496452	0.5850618	0.460873	0.539127	5.253996
35316	-1475.133	-1568.802	93.66819	0.3337481	0.6512997	0.540141	0.459859	5.840807
35322	-1487.114	-1580.593	93.47944	0.3886385	0.7543643	0.468929	0.531071	5.840807
35328	-1485.42	-1579.262	93.84186	0.4424331	0.6317326	0.629699	0.370301	5.70108
35334	-1482.89	-1576.954	94.06388	0.4580983	0.4776655	0.407166	0.592834	5.70108
35340	-1490.289	-1584.665	94.37594	0.57522	0.6027358	0.462756	0.537244	5.3572
35346	-1491.689	-1584.825	93.13517	0.6217958	0.6733351	0.455765	0.544235	5.958332
35352	-1484.551	-1579.897	95.34573	0.6969097	0.4764994	0.399282	0.600718	4.862161
35358	-1485.095	-1578.995	93.89968	0.4554853	0.4696954	0.399282	0.600718	5.799925
35364	-1487.919	-1581.301	93.38236	0.6096718	0.4696954	0.595735	0.404265	5.998308
35370	-1488.943	-1584.27	95.32622	0.8866494	0.4630253	0.481612	0.518388	4.780173
35376	-1485.045	-1580.252	95.20702	0.7405644	0.92723	0.498373	0.501627	4.581027
35382	-1489.277	-1583.714	94.43672	0.771945	0.548669	0.453838	0.546162	5.259759
35388	-1485.874	-1580.501	94.62758	0.771945	0.434846	0.427258	0.572742	5.259759
35394	-1478.554	-1574.71	96.15554	0.8611953	0.5454763	0.454419	0.545581	4.251833
35400	-1483.384	-1575.865	92.48057	0.620985	0.7432488	0.486169	0.513831	6.2661
35406	-1477.19	-1571.666	94.47525	0.5547812	0.6913582	0.486169	0.513831	5.246209
35412	-1484.114	-1578.744	94.62927	0.6781479	0.5022039	0.45337	0.54663	5.246209
35418	-1483.513	-1578.389	94.87592	0.6057596	0.5462251	0.432101	0.567899	5.110781
35424	-1481.571	-1574.359	92.7876	0.4275339	0.5462251	0.487396	0.512604	6.352826
35430	-1488.267	-1583.263	94.9958	0.5991413	0.5815991	0.427905	0.572095	5.018127
35436	-1489.346	-1584.537	95.19098	0.6993661	0.4055685	0.450645	0.549355	5.018127
35442	-1494.736	-1591.193	96.45662	0.7137464	0.3767077	0.461469	0.538531	4.332954
35448	-1483.608	-1579.178	95.56973	0.5455867	0.4348263	0.474102	0.525898	4.862624
35454	-1497.13	-1590.764	93.63414	0.6164475	0.4981287	0.367806	0.632194	5.830817
35460	-1495.382	-1588.313	92.93187	0.4418059	0.6510469	0.494936	0.505064	6.183631
35466	-1495.142	-1589.172	94.02983	0.4159118	0.6049024	0.50578	0.49422	5.633481
35472	-1487.958	-1583.424	95.46611	0.6337453	0.5695925	0.480592	0.519408	4.746872
35478	-1494.462	-1590.713	96.25045	0.7045735	0.7385945	0.421165	0.578835	4.134358
35484	-1505.025	-1600.797	95.7717	0.565609	0.5443117	0.413148	0.586852	4.635668
35514	-1486.641	-1580.681	94.03991	0.6993901	0.9645242	0.559918	0.440082	5.232183
35544	-1482.797	-1577.293	94.49599	0.5841994	0.4071263	0.43992	0.56008	5.464308
35610	-1479.174	-1572.91	93.73556	0.6384912	0.5076043	0.464206	0.535794	5.754713
35616	-1473.494	-1567.266	93.77273	0.6384912	0.5841339	0.494135	0.505865	5.669089
35622	-1474.676	-1570.825	96.14889	0.650594	0.5841339	0.457992	0.542008	4.341561
35628	-1479.055	-1575.18	96.1242	0.6951128	0.5708644	0.399191	0.600809	4.341561
35634	-1475.263	-1571.003	95.7398	0.8311792	0.5141497	0.399191	0.600809	4.53143
35640	-1486.427	-1582.578	96.1515	0.6741726	0.572856	0.506686	0.493314	4.336273
35646	-1478.612	-1572.136	93.5235	0.5554865	0.6709649	0.430737	0.569263	5.784067
35652	-1483.173	-1579.678	96.50564	0.7732631	0.7410967	0.357549	0.642451	3.947761
35658	-1473.942	-1567.898	93.95624	0.7732631	0.6728328	0.357549	0.642451	5.425562
35664	-1475.03	-1568.529	93.49896	0.6388724	0.6460305	0.470397	0.529603	5.770421
35670	-1482.037	-1576.481	94.44419	0.5755575	0.6212565	0.470397	0.529603	5.304708
35676	-1479.185	-1573.649	94.46368	0.5755575	0.4889971	0.387494	0.612506	5.406319
35682	-1484.519	-1578.716	94.19646	0.6291169	0.6282794	0.413611	0.586389	5.406319
35688	-1482.063	-1576.66	94.59706	0.8249215	0.5417344	0.541656	0.458344	5.147735
35694	-1481.303	-1574.735	93.43253	0.6413024	0.4483115	0.586262	0.413738	5.974149
35700	-1475.493	-1569.113	93.61988	0.6413024	0.7426046	0.432108	0.567892	5.633472
35706	-1477.125	-1570.76	93.6355	0.5334903	0.4940702	0.422313	0.577687	5.879113
35712	-1479.394	-1573.563	94.16866	0.7126131	0.5420235	0.372242	0.627758	5.446025
35718	-1485.896	-1581.255	95.3585	0.7209934	0.4230973	0.362228	0.637772	4.894594
35724	-1470.637	-1566.227	95.58942	0.7090686	0.4404083	0.508955	0.491045	4.754762
35730	-1479.571	-1575.44	95.86975	0.7090686	0.6385063	0.431502	0.568498	4.422068
35736	-1483.714	-1578.892	95.17805	0.8670965	0.7161625	0.394887	0.605113	4.66373
35742	-1482.628	-1578.917	96.2894	0.6661732	0.4826974	0.593845	0.406155	4.344086
35748	-1492.991	-1587.17	94.17985	0.5264993	0.6099497	0.571418	0.428582	5.486307
35754	-1481.362	-1574.466	93.10431	0.5525353	0.8109448	0.417265	0.582735	5.919146
35760	-1485.464	-1579.623	94.15855	0.5013408	0.7739059	0.512568	0.487432	5.3931
35766	-1476.059	-1571.979	95.91901	0.6951286	0.5065532	0.437046	0.562954	4.51413
35772	-1480.272	-1574.437	94.16471	0.5142679	0.6218622	0.453575	0.546425	5.492013
35778	-1486.138	-1580.76	94.62183	0.5848877	0.7162524	0.516128	0.483872	5.130589
35784	-1476.658	-1572.409	95.75078	0.6571644	0.9817897	0.41069	0.58931	4.289749
35790	-1478.462	-1575.247	96.78418	0.7893475	0.6075714	0.41069	0.58931	3.8814
35796	-1484.461	-1580.53	96.06892	0.7893475	0.8155981	0.38852	0.61148	4.136557
35802	-1480.72	-1575.543	94.82273	0.7362009	0.731142	0.415319	0.584681	4.924532
35808	-1496.411	-1592.701	96.29021	0.6604283	0.731142	0.417182	0.582818	4.142173
35814	-1479.819	-1575.082	95.26317	0.7380841	0.5921985	0.479845	0.520155	4.783166
35820	-1487.213	-1581.22	94.00765	0.3744176	0.796408	0.58325	0.41675	5.531192
35826	-1476.761	-1570.738	93.97632	0.5391352	0.7456858	0.465437	0.534563	5.491672
35832	-1486.36	-1580.264	93.90421	0.6654087	0.4827518	0.465437	0.534563	5.670221
35838	-1489.079	-1584.394	95.31525	0.6453043	0.91582	0.465437	0.534563	4.580555
35844	-1485.648	-1580.049	94.40124	0.6453043	0.7493739	0.488158	0.511842	5.196184
35892	-1493.459	-1588.882	95.42344	0.5912472	0.7489922	0.435396	0.564604	4.657644
35898	-1506.282	-1602.503	96.22163	0.8066477	0.4672636	0.429983	0.570017	4.317941
35934	-1485.099	-1579.951	94.85127	0.7805869	0.5899133	0.408248	0.591752	4.990789
36084	-1489.37	-1584.073	94.70271	0.3874085	0.541147	0.484646	0.515354	5.331679
36090	-1480.289	-1574.717	94.42807	0.6414382	0.4887523	0.425804	0.574196	5.389862
36096	-1491.015	-1584.654	93.63916	0.5491818	0.7869784	0.365933	0.634067	5.643731
36102	-1484.297	-1579.01	94.71321	0.3448058	0.6520579	0.403323	0.596677	5.259865
36108	-1482.516	-1577.806	95.28936	0.4836134	0.7376079	0.471099	0.528901	4.800717
36114	-1480.522	-1577.37	96.84894	0.7797033	0.4942712	0.514754	0.485246	3.950313
36120	-1480.723	-1576.105	95.3822	0.8386656	0.4523435	0.501748	0.498252	4.786194
36126	-1480.595	-1576.401	95.80602	0.6521396	0.4951543	0.371625	0.628375	4.612284
36132	-1483.605	-1579.986	96.38156	0.6915555	0.5498563	0.481146	0.518854	4.216016
36138	-1480.371	-1577.885	97.51485	0.7794774	0.4852117	0.446365	0.553635	3.575184
36144	-1478.298	-1573.762	95.46456	0.7794774	0.7403615	0.36214	0.63786	4.534993
36150	-1474.569	-1568.163	93.59483	0.5691165	0.6397221	0.36214	0.63786	5.7609
36156	-1484.454	-1578.005	93.55107	0.465965	0.7520045	0.466009	0.533991	5.7609
36162	-1485.993	-1580.258	94.26467	0.5359159	0.6472139	0.515819	0.484181	5.405569
36168	-1485.459	-1581.405	95.94583	0.6405465	0.4748034	0.40016	0.59984	4.55962
36174	-1486.525	-1581.373	94.84776	0.8295416	0.7053807	0.577708	0.422292	4.876941
36180	-1491.192	-1584.155	92.96381	0.5411949	0.6688009	0.475631	0.524369	6.09902
36186	-1488.335	-1582.297	93.9617	0.4845242	0.4986406	0.640633	0.359367	5.723269
36192	-1475.926	-1569.699	93.7734	0.5365279	0.5937966	0.494876	0.505124	5.716808
36198	-1485.757	-1579.611	93.85435	0.5431371	0.4645777	0.409658	0.590342	5.781618
36204	-1482.628	-1576.655	94.02639	0.3419929	0.4815131	0.506669	0.493331	5.781618
36210	-1490.334	-1583.659	93.32446	0.3864837	0.5273329	0.459021	0.540979	6.099431
36216	-1478.415	-1574.072	95.65708	0.6694558	0.5546671	0.520038	0.479962	4.632725
36222	-1480.33	-1574.731	94.40073	0.7298723	0.6796723	0.413008	0.586992	5.199139
36228	-1480.248	-1575.839	95.59059	0.9020218	0.8382483	0.478584	0.521416	4.329085
36234	-1487.712	-1581.668	93.95604	0.8008221	0.7210345	0.568324	0.431676	5.375808
36240	-1489.665	-1585.431	95.76588	0.6072842	0.4451082	0.397703	0.602297	4.708291
36246	-1484.137	-1579.013	94.87569	0.6062203	0.4451082	0.514035	0.485965	5.203962
36252	-1486.63	-1581.088	94.45818	0.6062203	0.534478	0.443946	0.556054	5.351647
36258	-1480.041	-1575.143	95.10204	0.5603978	0.6331727	0.430608	0.569392	4.939283
36264	-1477.762	-1572.678	94.91643	0.5526043	0.5027141	0.410669	0.589331	5.15634
36270	-1478.524	-1573.839	95.31509	0.3780487	0.3789199	0.43054	0.56946	5.15634
36276	-1478.271	-1573.71	95.43942	0.3780487	0.4964123	0.43054	0.56946	4.968815
36282	-1483.999	-1578.147	94.14762	0.5267442	0.6607069	0.43054	0.56946	5.464921
36288	-1493.793	-1590.76	96.96766	0.3360404	0.4705642	0.43054	0.56946	4.158569
36294	-1486.56	-1582.943	96.38266	0.6454649	0.6502724	0.500151	0.499849	4.158569
36300	-1484.226	-1579.999	95.77221	0.7492063	0.5861959	0.50377	0.49623	4.496612
36306	-1482.674	-1578.613	95.93916	0.6090067	0.5683008	0.524603	0.475397	4.496612
36312	-1488.237	-1583.698	95.46052	0.6157245	0.3694502	0.454142	0.545858	4.954351
36318	-1478.599	-1573.831	95.23173	0.4582397	0.555532	0.423968	0.576032	4.987213
36324	-1483.175	-1577.914	94.73852	0.4582397	0.5346649	0.420157	0.579843	5.278431
36330	-1486.153	-1580.523	94.36995	0.5093833	0.4478062	0.420157	0.579843	5.533544
36336	-1477.654	-1572.031	94.37662	0.5418121	0.723706	0.420157	0.579843	5.284791
36342	-1495.852	-1590.456	94.60451	0.9296208	1.090454	0.304969	0.695031	4.721689
36348	-1482.747	-1578.201	95.45477	0.7197263	0.7598484	0.432067	0.567933	4.560513
36354	-1486.419	-1582.486	96.06704	0.7094794	0.6509073	0.457193	0.542807	4.300742
36360	-1481.386	-1576.439	95.05296	0.5020241	0.8424828	0.457193	0.542807	4.852568
36366	-1498.799	-1595.514	96.71498	0.6335222	0.3804373	0.549427	0.450573	4.227883
36372	-1506.736	-1601.166	94.4299	0.2927915	0.4594834	0.419748	0.580252	5.608241
36378	-1513.613	-1608.213	94.60022	0.4367616	0.639662	0.479785	0.520215	5.28093
36402	-1494.292	-1590.292	96.00033	0.6374688	0.5526094	0.471335	0.528665	4.459637
36408	-1486.678	-1581.289	94.61122	0.6374688	0.7090677	0.471335	0.528665	5.112449
36414	-1479.073	-1574.32	95.24655	0.7173593	0.4527362	0.468385	0.531615	4.929029
36420	-1494.011	-1588.615	94.60422	0.6550866	0.4540427	0.468385	0.531615	5.318169
36426	-1483.99	-1578.498	94.50814	0.5970195	0.4595073	0.425886	0.574114	5.397869
36432	-1498.164	-1594.951	96.78782	0.5970195	0.5784796	0.514147	0.485853	4.013845
36438	-1488.494	-1583.668	95.1735	0.7915658	0.5784796	0.66368	0.33632	4.814696
36444	-1479.43	-1575.264	95.83439	0.7658274	0.5155988	0.500102	0.499898	4.513673
36450	-1484.174	-1580.601	96.42683	0.7232821	0.5037788	0.566898	0.433102	4.214023
36456	-1472.669	-1568.442	95.7731	0.6729355	0.3829276	0.538226	0.461774	4.733075
36462	-1477.527	-1573.427	95.89959	0.782562	0.6771158	0.509773	0.490227	4.334071
36468	-1479.443	-1575.265	95.82154	0.8063893	0.718692	0.429391	0.570609	4.334071
36474	-1482.079	-1576.791	94.71228	0.717283	0.6420691	0.540933	0.459067	5.061775
36480	-1482.087	-1578.633	96.54612	0.8872248	0.7879478	0.495159	0.504841	3.826331
36486	-1483.818	-1581.396	97.57864	0.9156819	0.7209998	0.411605	0.588395	3.256472
36492	-1475.339	-1572.009	96.66952	0.8209803	0.8602798	0.45547	0.54453	3.745271
36498	-1481.332	-1578.442	97.11006	1.125687	1.410089	0.406616	0.593384	3.010394
36504	-1471.651	-1569.379	97.72759	0.9147593	0.6346142	0.538359	0.461641	3.237037
36600	-1497.754	-1593.28	95.52653	0.5805801	0.6741295	0.271969	0.728031	4.65982
36606	-1485.194	-1579.136	93.94208	0.6193009	0.6741295	0.508874	0.491126	5.517125
36612	-1496.088	-1591.987	95.89963	0.8715076	0.7579114	0.452368	0.547632	4.225193
36618	-1498.839	-1594.268	95.42869	0.8715076	0.9853517	0.364078	0.635922	4.348634
36624	-1488.325	-1583.689	95.36354	0.766115	0.7021337	0.402742	0.597258	4.626512
36630	-1488.093	-1583.44	95.34743	0.8000126	0.5895247	0.324845	0.675155	4.703656
36636	-1485.058	-1579.356	94.29764	0.8000126	0.6342795	0.402554	0.597446	5.251551
36642	-1482.875	-1579.674	96.79914	0.8255596	0.5341921	0.38678	0.61322	3.915488
36648	-1481.151	-1577.348	96.19701	0.7766848	0.5341921	0.360704	0.639296	4.286225
36654	-1482.527	-1578.737	96.21032	0.7766848	0.6280576	0.392475	0.607525	4.199456
36720	-1479.865	-1577.048	97.1831	0.9353309	0.6459332	0.447873	0.552127	3.535201
36726	-1477.318	-1573.175	95.85748	0.8753398	0.5016259	0.385661	0.614339	4.451895
36732	-1484.806	-1579.645	94.83868	0.6423169	0.5390774	0.58945	0.41055	5.117346
36738	-1484.755	-1580.206	95.45089	0.533587	0.5312094	0.402842	0.597158	4.844399
36744	-1477.261	-1571.733	94.47186	0.4166504	0.4835508	0.47609	0.52391	5.494348
36750	-1478.355	-1572.124	93.76894	0.4166504	0.7028341	0.455095	0.544905	5.702655
36756	-1476.033	-1571.596	95.56373	0.6678703	0.9023228	0.475521	0.524479	4.436275
36762	-1477.386	-1573.061	95.6749	0.659867	0.5894086	0.569503	0.430497	4.598803
36768	-1477.825	-1574.133	96.30849	0.7042813	0.5894086	0.533767	0.466233	4.216394
36774	-1482.715	-1578.184	95.4689	0.6368499	0.5534928	0.5939	0.4061	4.75729
36780	-1479.709	-1575.045	95.33663	0.5365042	0.5831828	0.297963	0.702037	4.862057
36786	-1478.839	-1574.136	95.29616	0.5957889	0.5831828	0.379194	0.620806	4.851569
36792	-1483.902	-1579.298	95.39635	0.7533655	0.6466932	0.400881	0.599119	4.656816
36798	-1489.867	-1584.574	94.70716	0.7868147	0.6970902	0.400291	0.599709	4.984946
36804	-1486.783	-1581.73	94.94691	0.7436003	0.5616452	0.666049	0.333951	4.981714
36810	-1485.36	-1581.384	96.02358	0.7892017	0.496625	0.666049	0.333951	4.411498
36816	-1487.124	-1583.968	96.84496	0.7892017	0.50044	0.580979	0.419021	3.941292
36822	-1487.947	-1584.303	96.35541	0.7613238	0.3816818	0.446933	0.553067	4.35764
36828	-1485.819	-1582.541	96.72152	0.7613238	0.5316927	0.492705	0.507295	3.998934
36840	-1487.534	-1581.933	94.39984	0.4090866	0.6105068	0.403351	0.596649	5.429404
36846	-1489.947	-1584.689	94.74201	0.4673134	0.7013655	0.380552	0.619448	5.139779
36870	-1492.064	-1586.238	94.17394	0.6182044	0.6703543	0.33114	0.66886	5.392886
36876	-1488.793	-1582.412	93.61989	0.4147648	0.5587931	0.56062	0.43938	5.896072
36984	-1482.685	-1579.366	96.68076	0.7135032	0.5541275	0.544487	0.455513	4.02953
36990	-1484.771	-1578.722	93.95118	0.7114383	0.6582966	0.435992	0.564008	5.473185
36996	-1487.357	-1581.734	94.37703	0.7114383	0.4808477	0.471635	0.528365	5.386771
37002	-1482.477	-1580.48	98.00327	0.9854482	0.4992008	0.471635	0.528365	3.153549
37008	-1482.505	-1579.354	96.84923	0.9854482	0.5659945	0.49256	0.50744	3.766511
37014	-1469.802	-1566.917	97.1147	0.7778923	0.5286806	0.460927	0.539073	3.766511
37020	-1479.587	-1575.685	96.0979	0.7778923	0.648604	0.623977	0.376023	4.246319
37026	-1484.536	-1579.17	94.63422	0.632678	0.6486375	0.562203	0.437797	5.14692
37032	-1478.196	-1572.2	94.00408	0.5842337	0.6493021	0.468412	0.531588	5.52082
37038	-1478.438	-1574.189	95.75113	0.4963513	0.4578083	0.399659	0.600341	4.765944
37044	-1479.718	-1574.818	95.0998	0.7372772	0.5585719	0.581104	0.418896	4.902793
37050	-1479.302	-1573.963	94.66015	0.7372772	0.5484984	0.661655	0.338345	5.155501
37056	-1479.38	-1575.229	95.84904	0.7861407	0.5445925	0.469741	0.530259	4.468106
37074	-1477.46	-1573.983	96.52233	0.5959101	0.6338762	0.549704	0.450296	4.120234
37080	-1484.436	-1579.82	95.38367	0.6934901	0.5966073	0.549704	0.450296	4.737154
37086	-1487.182	-1581.378	94.19648	0.7305508	0.371428	0.536881	0.463119	5.587042
37092	-1489.922	-1585.305	95.38287	0.572358	0.5777444	0.479225	0.520775	4.820793
37098	-1485.525	-1581.227	95.70228	0.5219904	0.5997749	0.51165	0.48835	4.652248
37104	-1483.298	-1578.072	94.77385	0.4353898	0.527355	0.550294	0.449706	5.277938
37110	-1488.435	-1584.421	95.98633	0.5073982	0.5883741	0.448338	0.551662	4.510379
37116	-1478.263	-1574.01	95.74693	0.5312251	0.5822072	0.423238	0.576762	4.636521
37122	-1476.037	-1571.939	95.90268	0.4816779	0.5137587	0.445498	0.554502	4.636521
37128	-1491.648	-1585.831	94.1833	0.7139709	0.5137587	0.54985	0.45015	5.46199
37134	-1482.896	-1579.103	96.20692	0.8476676	0.7564118	0.403539	0.596461	4.065074
37140	-1491.165	-1586.506	95.34151	0.8476676	0.6182969	0.454803	0.545197	4.656981
37146	-1487.226	-1583.418	96.19204	0.8070909	0.8688968	0.497136	0.502864	4.021765
37152	-1476.534	-1571.119	94.58503	0.4505557	0.4981684	0.497136	0.502864	5.399897
37158	-1481.635	-1576.015	94.37914	0.7270932	0.707247	0.467769	0.532231	5.192631
37164	-1478.956	-1572.429	93.47266	0.7254603	0.5556215	0.43975	0.56025	5.809365
37170	-1475.802	-1570.514	94.71196	0.7254603	0.5556215	0.50726	0.49274	5.127266
37176	-1476.603	-1572.437	95.83405	0.8690171	0.4974829	0.487393	0.512607	4.472508
37194	-1485.992	-1582.452	96.45984	0.9618499	0.6944766	0.440883	0.559117	3.900084
37200	-1482.114	-1578.567	96.45356	0.8065264	0.4355189	0.440883	0.559117	4.21857
37206	-1483.574	-1580.269	96.69513	0.8022183	0.39036	0.491978	0.508022	4.13221
37212	-1476.056	-1574.11	98.05433	0.9242356	0.4577087	0.43885	0.56115	3.201565
37218	-1478.439	-1574.966	96.52664	0.6720018	0.7179688	0.472109	0.527891	4.010361
37224	-1475.432	-1571.098	95.66545	0.7944926	0.7230212	0.514555	0.485445	4.425774
37230	-1480.26	-1575.756	95.4959	0.7559849	0.4644599	0.485449	0.514551	4.756986
37236	-1481.951	-1577.87	95.91858	0.5345538	0.7245538	0.559308	0.440692	4.428517
37242	-1478.945	-1573.438	94.4928	0.7823201	0.7245538	0.451397	0.548603	5.086816
37248	-1477.948	-1572.54	94.59216	0.5763463	0.5686876	0.556884	0.443116	5.265033
37254	-1479.402	-1574.603	95.20095	0.9275734	0.412866	0.562232	0.437768	4.877946
37260	-1475.841	-1569.187	93.34648	0.6084348	0.7918694	0.413516	0.586484	5.768459
37266	-1479.511	-1573.804	94.29288	0.5109095	0.4890968	0.276629	0.723371	5.535792
37272	-1489.242	-1582.716	93.47456	0.6621358	0.7316915	0.70636	0.29364	5.709235
37278	-1482.68	-1578.25	95.57071	0.622064	0.48335	0.394054	0.605946	4.771896
37290	-1492.801	-1585.994	93.19289	0.7080482	0.7416033	0.422763	0.577237	5.831492
37296	-1495.757	-1589.397	93.63963	0.6691309	0.7434488	0.481741	0.518259	5.606784
37302	-1491.255	-1586	94.7455	0.6513475	0.518311	0.529083	0.470917	5.182229
37308	-1488.924	-1583.829	94.90521	0.3261636	0.6283173	0.413183	0.586817	5.182229
37314	-1487.82	-1582.004	94.1837	0.6975895	0.4687979	0.426808	0.573192	5.512198
37320	-1493.917	-1590.899	96.982	0.8755613	0.4274359	0.45235	0.54765	3.886197
37326	-1479.844	-1576.85	97.00554	0.8499221	0.4821101	0.470116	0.529884	3.831916
37332	-1486.856	-1581.999	95.14297	0.8180538	0.6099628	0.559908	0.440092	4.791226
37338	-1473.289	-1569.647	96.35799	0.6774073	0.5042815	0.418587	0.581413	4.278563
37344	-1477.239	-1573.288	96.04897	0.5822418	0.4551273	0.408387	0.591613	4.553658
37350	-1474.591	-1569.471	94.87973	0.6124503	0.8226664	0.411876	0.588124	4.900207
37356	-1477.892	-1572.636	94.7438	0.6237613	0.4306007	0.479522	0.520478	5.281697
37362	-1481.354	-1577.063	95.70935	0.5577244	0.5785581	0.460774	0.539226	4.645774
37368	-1481.117	-1577.138	96.0215	0.5635095	0.4791675	0.460774	0.539226	4.556201
37374	-1490.32	-1587.12	96.80012	0.8251896	0.7193458	0.518254	0.481746	3.764516
37380	-1501.607	-1598.335	96.72805	0.8314844	0.7471745	0.459849	0.540151	3.782251
37386	-1484.924	-1580.97	96.04612	0.7095417	0.6579092	0.479215	0.520785	4.307134
37392	-1487.285	-1582.472	95.18677	0.7095417	0.5750327	0.405064	0.594936	4.855912
37398	-1485.462	-1581.276	95.81415	0.7688799	0.812992	0.507084	0.492916	4.294422
37404	-1478.839	-1574.163	95.32406	0.5698235	0.6942021	0.507084	0.492916	4.764235
37410	-1482.244	-1576.987	94.74333	0.7233614	0.7828774	0.431465	0.568535	4.940469
37416	-1476.352	-1571.908	95.55612	0.8044047	0.5788944	0.435784	0.564216	4.593098
37422	-1478.273	-1574.41	96.13658	0.8044047	0.7256233	0.613564	0.386436	4.151629
37428	-1489.096	-1584.766	95.67045	0.5768255	0.7166404	0.434341	0.565659	4.550021
37434	-1479.702	-1575.808	96.10537	0.7889162	0.5472469	0.457018	0.542982	4.319589
37440	-1481.875	-1577.385	95.51013	0.7666758	0.5944412	0.484878	0.515122	4.627164
37446	-1479.93	-1576.542	96.6123	0.7666758	0.677324	0.503516	0.496484	3.937545
37452	-1482.317	-1578.808	96.49106	0.8017809	0.516201	0.421205	0.578795	4.121416
37458	-1475.939	-1572.449	96.51016	0.8017809	0.5044851	0.49435	0.50565	4.121416
37464	-1473.962	-1568.976	95.01375	0.6420178	0.4926096	0.458045	0.541955	5.062138
37470	-1477.327	-1571.252	93.9255	0.4288567	0.3874634	0.442759	0.557241	5.883193
37476	-1484.094	-1578.368	94.27437	0.4154622	0.4972898	0.344197	0.655803	5.59088
37482	-1482.17	-1577.527	95.35742	0.7102722	0.4688249	0.509996	0.490004	4.855551
37488	-1482.999	-1579.048	96.04897	0.7324424	0.5421982	0.56946	0.43054	4.387788
37494	-1474.806	-1570.697	95.89124	0.7324424	0.5277489	0.421781	0.578219	4.489506
37500	-1488.602	-1583.572	94.97016	0.7006919	0.6892322	0.496078	0.503922	4.892271
37506	-1484.413	-1580.834	96.42088	0.8119971	0.8905217	0.479621	0.520379	3.874321
37512	-1476.874	-1570.629	93.75504	0.5753448	0.5017484	0.453159	0.546841	5.783885
37518	-1483.058	-1578.48	95.42186	0.5967136	0.5915191	0.37196	0.62804	4.774047
37524	-1495.239	-1590.047	94.80819	0.6526398	0.8076388	0.37196	0.62804	4.927398
37542	-1498.41	-1595.76	97.35018	1.216627	0.5326036	0.477476	0.522524	3.370792
37548	-1500.095	-1598.067	97.97196	1.04946	0.347966	0.417177	0.582823	3.301017
37554	-1492.705	-1585.494	92.78968	0.4626929	0.5903871	0.476477	0.523523	6.296372
37560	-1495.843	-1589.049	93.2066	0.4388384	0.5903871	0.426919	0.573081	6.082566
37566	-1487.932	-1582.319	94.3868	0.6064325	0.8262268	0.465748	0.534252	5.174897
37572	-1485.17	-1579.554	94.38347	0.5544643	0.7328115	0.460719	0.539281	5.267658
37578	-1475.293	-1571.378	96.08524	0.7093817	0.6091088	0.479469	0.520531	4.323705
37584	-1483.864	-1578.33	94.46602	0.6891569	0.5524606	0.553387	0.446613	5.286069
37590	-1486.565	-1582.848	96.283	0.7402503	0.6244727	0.500591	0.499409	4.181749
37596	-1479.487	-1574.328	94.84088	0.643355	0.7244508	0.443104	0.556896	4.970786
37602	-1475.881	-1570.998	95.11643	0.6016082	0.5360722	0.456966	0.543034	4.988426
37608	-1488.092	-1581.703	93.61073	0.5935506	0.6912296	0.621579	0.378421	5.700713
37620	-1491.306	-1586.434	95.12881	0.7684797	0.5304309	0.526128	0.473872	4.893669
37626	-1495.82	-1590.257	94.43653	0.496558	0.678236	0.437354	0.562646	5.309334
37632	-1499.367	-1592.596	93.229	0.3542288	0.7777776	0.300099	0.699901	5.980811
37638	-1489.84	-1584.692	94.8516	0.6662999	0.584606	0.439828	0.560172	5.058412
37644	-1495.677	-1591.019	95.34207	0.6168669	0.5900549	0.400475	0.599525	4.808546
37650	-1479.714	-1576.29	96.57617	0.6185727	0.5315616	0.600902	0.399098	4.163221
37656	-1492.424	-1587.824	95.39982	0.963186	0.9110895	0.516882	0.483118	4.356822
37662	-1479.429	-1573.544	94.11472	0.7174472	0.5085367	0.516882	0.483118	5.502486
37668	-1486.001	-1581.743	95.74219	0.7174472	0.6379919	0.561317	0.438683	4.489595
37674	-1477.846	-1573.972	96.1258	0.7174472	0.6379919	0.259904	0.740096	4.273074
37680	-1475.427	-1571.09	95.66233	0.688914	0.6670041	0.426926	0.573074	4.528208
37686	-1483.861	-1579.462	95.60186	0.6536689	0.7408248	0.438561	0.561439	4.528208
37692	-1480.759	-1575.435	94.6759	0.3749266	0.5591613	0.370849	0.629151	5.33799
37698	-1479.997	-1574.546	94.54872	0.5021076	0.5591613	0.389036	0.610964	5.33799
37704	-1485.012	-1579.41	94.3984	0.5369292	0.5591613	0.507235	0.492765	5.401664
37992	-1493.054	-1587.786	94.7316	0.3954052	0.4847995	0.400285	0.599715	5.361835
37998	-1482.659	-1576.634	93.975	0.6187918	0.545948	0.360914	0.639086	5.600711
38004	-1474.111	-1568.57	94.45961	0.3492561	0.5144065	0.430197	0.569803	5.510047
38010	-1486.603	-1582.09	95.48621	0.5620638	0.7108435	0.364229	0.635771	4.665803
38016	-1492.33	-1587.507	95.17667	0.5620638	0.5551522	0.41439	0.58561	4.96043
38022	-1484.263	-1579.065	94.80182	0.7496992	0.7316612	0.41439	0.58561	4.928291
38028	-1484.209	-1579.631	95.42157	0.7124876	0.6796362	0.525377	0.474623	4.64061
38052	-1482.077	-1575.8	93.72294	0.6168045	0.7873799	0.482251	0.517749	5.560348
38058	-1473.395	-1568.862	95.46682	0.7021738	0.5083547	0.35074	0.64926	4.761947
38064	-1467.854	-1563.249	95.39469	0.9032247	0.6118315	0.438497	0.561503	4.601206
38070	-1471.585	-1567.226	95.64103	0.7070181	0.7049591	0.580562	0.419438	4.501824
38076	-1471.327	-1566.718	95.39104	0.7070181	0.6302129	0.401162	0.598838	4.698567
38082	-1478.188	-1572.947	94.75885	0.6646472	0.5241084	0.428095	0.571905	5.162328
38088	-1481.293	-1576.616	95.32292	0.6646472	0.533123	0.393322	0.606678	4.84099
38094	-1482.813	-1578.107	95.29411	0.5300638	0.740121	0.36532	0.63468	4.770373
38100	-1484.273	-1579.505	95.23142	0.285802	0.5137502	0.547253	0.452747	5.119659
38106	-1484.287	-1580.064	95.7774	0.6356595	0.4091835	0.422707	0.577293	4.723025
38112	-1485.931	-1580.133	94.20195	0.6985809	0.3840229	0.441313	0.558687	5.587742
38118	-1489.848	-1583.625	93.77709	0.6380515	0.6874813	0.441313	0.558687	5.587742
38124	-1485.272	-1579.695	94.42271	0.5114177	0.5300292	0.503688	0.496312	5.427322
38130	-1483.767	-1579.561	95.79397	0.6840292	0.6312302	0.528401	0.471599	4.484572
38136	-1484.992	-1582.383	97.39151	0.900279	0.468293	0.322507	0.677493	3.593458
38142	-1494.436	-1590.201	95.7653	0.8246542	0.7275139	0.546627	0.453373	4.349195
38148	-1483.85	-1579.951	96.10107	0.8376464	0.379247	0.565436	0.434564	4.460773
38154	-1486.502	-1583.493	96.99079	0.7998994	0.4161717	0.5503	0.4497	3.936541
38160	-1482.972	-1578.997	96.02447	0.7998994	0.4707446	0.499685	0.500315	4.429655
38166	-1485.946	-1582.728	96.78134	0.9332022	0.4510909	0.475329	0.524671	3.943653
38214	-1488.708	-1583.773	95.06527	0.8099108	0.587664	0.553702	0.446298	4.85722
38220	-1492.402	-1587.375	94.9731	0.9485228	0.7396039	0.421902	0.578098	4.71627
38226	-1499.224	-1595.275	96.05131	0.7092954	0.5813241	0.392883	0.607117	4.36588
38232	-1488.109	-1585.134	97.02534	0.7581303	0.4730476	0.398029	0.601971	3.882158
38238	-1496.561	-1591.564	95.00379	0.7581303	0.3524972	0.390391	0.609609	5.148208
38244	-1483.31	-1578.39	95.07969	0.6822275	0.3524972	0.582726	0.417274	5.148208
38262	-1488.948	-1584.785	95.83714	0.6303077	0.6239827	0.664084	0.335916	4.496252
38268	-1485.935	-1581.52	95.5853	0.6999915	0.6204213	0.425939	0.574061	4.601413
38274	-1489.878	-1585.259	95.38074	0.6605553	0.8497194	0.522661	0.477339	4.575969
38280	-1487.881	-1583.424	95.54315	0.5621735	0.7943852	0.525907	0.474093	4.575969
38286	-1487.222	-1582.393	95.1709	0.6878398	0.7943852	0.493349	0.506651	4.714131
38292	-1497.6	-1590.943	93.34315	0.5811675	0.7230011	0.322928	0.677072	5.831517
38298	-1483.516	-1578.368	94.85164	0.4323431	0.5905392	0.452617	0.547383	5.183176
38304	-1480.9	-1575.643	94.74331	0.6022907	0.5496778	0.476167	0.523833	5.183176
38310	-1483.782	-1577.184	93.40285	0.6022907	0.6181885	0.358437	0.641563	5.864339
38316	-1483.659	-1576.847	93.18732	0.4624054	0.6181885	0.48355	0.51645	6.058317
38322	-1486.428	-1581.266	94.8379	0.729219	0.4234624	0.486984	0.513016	5.17865
38328	-1488.941	-1585.245	96.30356	0.8997662	0.5998115	0.454618	0.545382	4.099443
38334	-1489.755	-1585.168	95.41331	0.8997662	0.5287092	0.562768	0.437232	4.663005
38340	-1477.459	-1572.486	95.02699	0.7866139	0.4500131	0.446789	0.553211	5.015275
38346	-1481.148	-1576.024	94.87615	0.9389612	0.7079618	0.609936	0.390064	4.798236
38352	-1477.808	-1572.043	94.23543	0.6768817	0.7912802	0.45378	0.54622	5.242287
38358	-1482.268	-1576.604	94.33597	0.7014778	0.6853219	0.462465	0.537535	5.246503
38364	-1492.186	-1588.482	96.29679	0.7820059	0.520537	0.464179	0.535821	4.239009
38370	-1482.128	-1577.109	94.9817	0.6928054	0.5877055	0.663875	0.336125	4.968894
38376	-1475.096	-1569.895	94.79993	0.8327659	0.6165299	0.543066	0.456934	4.968894
38382	-1475.292	-1569.855	94.56241	0.6475021	0.6165299	0.440662	0.559338	5.203335
38388	-1477.833	-1572.667	94.83443	0.6475021	0.445728	0.395314	0.604686	5.203335
38394	-1472.37	-1567.864	95.4941	0.7765107	0.7344004	0.619559	0.380441	4.524255
38400	-1477.141	-1573.311	96.16967	0.7765107	0.5610526	0.612111	0.387889	4.27821
38406	-1478.699	-1574.007	95.3081	0.7765107	0.5623527	0.366613	0.633387	4.761524
38412	-1484.196	-1580.619	96.42244	0.6817959	0.5623527	0.420386	0.579614	4.187472
38418	-1490.394	-1585.965	95.57104	0.6817959	0.467027	0.399303	0.600697	4.753965
38424	-1489.489	-1585.033	95.54437	0.5735376	0.5624565	0.48345	0.51655	4.742824
38430	-1489.325	-1585.045	95.72007	0.4495918	0.5291804	0.520153	0.479847	4.742824
38436	-1502.653	-1596.973	94.32032	0.4938749	0.6859207	0.520153	0.479847	5.369304
38484	-1490.664	-1585.787	95.1229	0.6170625	0.6128108	0.454967	0.545033	4.91218
38490	-1479.475	-1575.844	96.36961	0.8593732	0.6379941	0.502084	0.497916	4.053871
38496	-1478.785	-1574.158	95.37254	0.8487824	0.7077253	0.502084	0.497916	4.571029
38502	-1480.854	-1576.096	95.24171	0.5070543	0.4971792	0.502084	0.497916	5.006286
38508	-1489.034	-1584.114	95.08	0.7171262	0.4686359	0.509449	0.490551	5.006286
38514	-1492.347	-1587.68	95.33384	0.5646368	0.5729136	0.519887	0.480113	4.856477
38520	-1489.402	-1584.273	94.87111	0.4989645	0.5007601	0.464337	0.535663	5.212887
38526	-1505.269	-1602.418	97.14891	0.5627395	0.4627534	0.479122	0.520878	3.933558
38532	-1487.334	-1582.949	95.61484	0.6724453	0.56982	0.42462	0.57538	4.641793
38538	-1494.956	-1590.019	95.06269	0.801974	0.6337562	0.42462	0.57538	4.826181
38544	-1491.631	-1586.363	94.73144	0.801974	0.4279075	0.527027	0.472973	5.192752
38550	-1490.247	-1584.851	94.60362	0.546335	0.5545777	0.427502	0.572498	5.287152
38556	-1485.377	-1578.398	93.02129	0.4514756	0.5855994	0.621716	0.378284	6.180408
38562	-1484.596	-1580.742	96.14668	0.7350749	0.7874002	0.484026	0.515974	4.142102
38568	-1489.351	-1585.598	96.24704	0.6912667	0.4812239	0.521608	0.478392	4.355249
38574	-1490.453	-1587.117	96.66421	0.8364869	0.7569306	0.396602	0.603398	3.809195
38580	-1493.699	-1590.351	96.65135	0.7924596	0.4864275	0.40086	0.59914	4.06342
38586	-1491.792	-1586.26	94.4676	0.5217822	0.568905	0.428969	0.571031	5.363716
38592	-1492.693	-1588.356	95.66279	0.6137759	0.568905	0.428969	0.571031	4.648574
38598	-1484.754	-1580.84	96.08602	0.616879	0.568905	0.436677	0.563323	4.408942
38604	-1485.362	-1580.722	95.36034	0.8078889	0.7892832	0.436677	0.563323	4.544048
38610	-1476.41	-1572.117	95.70721	0.8078889	0.5350575	0.436677	0.563323	4.544048
38616	-1471.888	-1568.061	96.17229	0.7930493	0.5784925	0.414232	0.585768	4.252461
38622	-1473.39	-1568.531	95.14023	0.5430859	0.6700203	0.490751	0.509249	4.899554
38628	-1477.933	-1573.425	95.49209	0.8796447	0.4001854	0.462791	0.537209	4.755739
38634	-1475.341	-1568.399	93.05739	0.6493432	0.5797836	0.29547	0.70453	6.057721
38640	-1476.095	-1570.126	94.03097	0.6519859	0.574789	0.368074	0.631926	5.527546
38646	-1487.618	-1583.234	95.61576	0.7378379	0.5208532	0.51195	0.48805	4.64734
38652	-1478.34	-1573.973	95.63357	0.7600916	0.4325163	0.538972	0.461028	4.70957
38658	-1480.547	-1576.066	95.51904	0.7600916	0.4783347	0.528296	0.471704	4.7284
38664	-1482.112	-1575.79	93.67724	0.7290238	0.8450156	0.421504	0.578496	5.486919
38670	-1481.396	-1575.092	93.69643	0.6784689	0.6160054	0.544943	0.455057	5.663599
38676	-1485.198	-1579.667	94.46874	0.4997768	0.5994173	0.342216	0.657784	5.350281
38682	-1484.095	-1577.582	93.48637	0.4474325	0.5730989	0.48208	0.51792	5.939312
38688	-1483.149	-1578.855	95.70577	0.6766608	0.4789354	0.541291	0.458709	4.670027
38694	-1489.113	-1583.542	94.42873	0.8344419	0.6102439	0.375915	0.624085	5.178844
38700	-1485.665	-1581.539	95.87369	0.6507051	0.6102439	0.509118	0.490882	4.475223
38706	-1485.321	-1580.852	95.53078	0.823196	0.737427	0.404657	0.595343	4.475223
38712	-1490.299	-1583.821	93.52177	0.6440245	0.737427	0.434411	0.565589	5.689335
38718	-1489.547	-1585.036	95.48891	0.9001759	0.7421293	0.402715	0.597285	4.452146
38724	-1484.741	-1581.278	96.53656	0.9001759	0.415257	0.550704	0.449296	4.139512
38730	-1488.039	-1584.96	96.92111	0.9001759	0.3889613	0.439181	0.560819	3.94893
38736	-1489.027	-1585.804	96.77679	0.9001759	0.4672588	0.562806	0.437194	3.94893
38742	-1494.242	-1589.913	95.67117	0.6965448	0.4730381	0.413761	0.586239	4.683913
38748	-1490.051	-1584.325	94.27462	0.5087528	0.7861984	0.696555	0.303445	5.316847
38754	-1480.614	-1576.014	95.39958	0.71742	0.6688659	0.401358	0.598642	4.658233
38760	-1483.474	-1578.407	94.93305	0.5865822	0.6455631	0.425191	0.574809	5.009096
38766	-1482.366	-1576.159	93.79358	0.3998511	0.5763781	0.465562	0.534438	5.794719
38772	-1485.056	-1581.616	96.5592	0.6635209	0.5181642	0.435104	0.564896	4.15949
38778	-1482.244	-1578.653	96.40826	0.6635209	0.5270572	0.373925	0.626075	4.237069
38784	-1478.771	-1574.433	95.66116	0.6635209	0.5869735	0.522799	0.477201	4.606478
38790	-1482.911	-1578.988	96.07695	0.7047121	0.5004575	0.487965	0.512035	4.425462
38796	-1495.633	-1589.617	93.98478	1.056468	0.4436688	0.526573	0.473427	5.44855
38802	-1487.236	-1582.305	95.06936	0.7837328	0.5144017	0.467967	0.532033	4.93258
38808	-1490.587	-1585.504	94.91714	0.7209149	0.5554931	0.251404	0.748596	5.016084
38814	-1482.141	-1578.906	96.76565	0.9748215	0.8229175	0.429527	0.570473	3.625238
38862	-1485.08	-1581.382	96.30201	0.6328084	0.6886908	0.484263	0.515737	4.182241
38868	-1491.64	-1586.907	95.267	0.8176922	0.4944017	0.484263	0.515737	4.821867
38874	-1485.94	-1582.451	96.51146	0.8466428	0.5323115	0.532858	0.467142	4.069573
38880	-1485.374	-1581.687	96.31221	0.6426999	0.4666917	0.365258	0.634742	4.359959
38886	-1481.33	-1577.11	95.78054	0.6426999	0.3951286	0.543434	0.456566	4.73242
38892	-1476.826	-1571.489	94.66298	0.7222942	0.5272787	0.392558	0.607442	5.180681
38898	-1488.729	-1583.413	94.68389	0.4147357	0.3989492	0.371148	0.628852	5.462791
38910	-1487.457	-1583.036	95.57864	0.5738299	0.8019896	0.577928	0.422072	4.544443
38916	-1487.791	-1583.116	95.32544	0.7096895	0.6114878	0.47239	0.52761	4.748609
38922	-1483.352	-1579.757	96.40547	0.7245132	0.376903	0.458508	0.541492	4.35555
38928	-1485.798	-1580.792	94.99415	0.8531558	0.6681657	0.508952	0.491048	4.809533
38934	-1483.6	-1577.883	94.28342	0.542407	0.6376657	0.529503	0.470497	5.398946
38940	-1481.821	-1576.351	94.52988	0.5462808	0.6690003	0.495258	0.504742	5.237134
38946	-1489.582	-1583.37	93.78832	0.5780714	0.5939636	0.441308	0.558692	5.685733
38952	-1481.415	-1577.365	95.94963	0.6228513	0.5533205	0.470077	0.529923	4.495787
38958	-1478.241	-1574.327	96.08618	0.7647256	0.3475422	0.519558	0.480442	4.546823
38964	-1479.7	-1576.127	96.42781	0.6873069	0.5822492	0.578504	0.421496	4.164299
38970	-1475.537	-1571.184	95.64784	0.569947	0.5275787	0.517456	0.482544	4.717337
38976	-1479.95	-1574.979	95.02908	0.3617453	0.6151038	0.372691	0.627309	5.104288
39000	-1493.301	-1588.071	94.76998	0.2291259	0.5512231	0.35004	0.64996	5.373237
39006	-1487.367	-1580.767	93.39922	0.2397916	0.5563214	0.445853	0.554147	6.113932
39012	-1489.582	-1584.007	94.42505	0.5136167	0.5304624	0.457227	0.542773	5.424446
39018	-1487.479	-1583.083	95.60431	0.6493114	0.4662512	0.457227	0.542773	4.75428
39024	-1484.877	-1580.135	95.25811	0.5938943	0.7409015	0.525522	0.474478	4.75428
39330	-1500.436	-1595.764	95.32746	0.7677322	0.6198957	0.405471	0.594529	4.708316
39336	-1492.186	-1586.171	93.98474	0.3160772	0.561207	0.405471	0.594529	5.748475
39390	-1498.161	-1592.122	93.96124	0.3883771	0.4988872	0.348534	0.651466	5.775945
39396	-1489.373	-1583.17	93.79708	0.4098036	0.4960315	0.537963	0.462037	5.856618
39402	-1501.724	-1596.966	95.24207	0.6071774	0.6210563	0.368976	0.631024	4.844749
39408	-1495.425	-1590.12	94.69457	0.6449217	0.5739668	0.368976	0.631024	5.166075
39414	-1479.564	-1573.937	94.37222	0.6567746	0.5422581	0.567866	0.432134	5.364436
39420	-1481.128	-1576.41	95.28214	0.5619855	0.5422581	0.567866	0.432134	4.912907
39426	-1487.275	-1581.125	93.8497	0.863724	0.5569062	0.354138	0.645862	5.525698
39432	-1490.836	-1583.291	92.45516	0.6414181	0.6187429	0.620938	0.379062	6.358691
39438	-1492.68	-1585.226	92.54682	0.5153594	0.6432697	0.469447	0.530553	6.358691
39444	-1482.391	-1577.32	94.92913	0.6247991	0.5400056	0.33565	0.66435	5.076105
39450	-1481.76	-1578.234	96.47464	0.8135472	0.6174168	0.407705	0.592295	4.03662
39456	-1497.206	-1592.8	95.59381	0.7702665	0.5834318	0.4879	0.5121	4.587316
39462	-1494.308	-1590.138	95.82928	0.7780959	0.7198587	0.502674	0.497326	4.34484
39468	-1488.439	-1585.884	97.44498	0.9024204	0.4361824	0.45827	0.54173	3.594225
39474	-1486.626	-1580.932	94.30602	0.4662297	0.5106405	0.468826	0.531174	5.533544
39480	-1482.876	-1578.007	95.13051	0.7096556	0.6857623	0.425658	0.574342	4.800429
39486	-1479.132	-1573.912	94.78043	0.51351	0.6857623	0.431735	0.568265	5.104224
39492	-1476.053	-1570.375	94.32284	0.5101374	0.5457224	0.431735	0.568265	5.469437
39498	-1485.461	-1579.605	94.14377	0.523025	0.642992	0.436142	0.563858	5.482441
39504	-1484.883	-1579.606	94.72332	0.3791203	0.5505528	0.477853	0.522147	5.316811
39510	-1476.883	-1571.016	94.13312	0.7898908	0.6756338	0.477853	0.522147	5.316811
39516	-1481.485	-1576.941	95.45604	0.6179923	0.5048608	0.465469	0.534531	4.818159
39522	-1484.654	-1578.959	94.30524	0.6179923	0.5714317	0.534851	0.465149	5.398077
39528	-1479.998	-1574.939	94.94153	0.6130773	0.5748733	0.465251	0.534749	5.046089
39534	-1481.129	-1576.04	94.9106	0.6130773	0.5748733	0.498554	0.501446	5.063254
39540	-1497.44	-1590.883	93.44325	0.397475	0.5748733	0.482902	0.517098	5.98866
39546	-1484.693	-1578.26	93.56711	0.4561661	0.6973992	0.529208	0.470792	5.795416
39582	-1489.608	-1581.87	92.26122	0.4451364	0.5664829	0.401887	0.598113	6.611646
39588	-1482.869	-1577.666	94.7969	0.6818509	0.5557362	0.417344	0.582656	5.104263
39594	-1486.378	-1580.448	94.07032	0.4462687	0.5454736	0.55974	0.44026	5.643488
39600	-1481.935	-1576.27	94.33528	0.5836871	0.5112431	0.50812	0.49188	5.452297
39606	-1487.424	-1579.308	91.88348	0.6343421	0.3885368	0.477789	0.522211	6.878558
39612	-1494.566	-1589.046	94.48059	0.3571399	0.5963263	0.467724	0.532276	5.42485
39618	-1496.404	-1590.623	94.21895	0.4313213	0.734945	0.588872	0.411128	5.42485
39624	-1482.515	-1575.921	93.40587	0.5700266	0.5078492	0.435413	0.564587	5.972136
39630	-1490.098	-1584.669	94.57133	0.5882198	0.4824023	0.472865	0.527135	5.346123
39636	-1492.143	-1586.831	94.68807	0.6122577	0.6156116	0.357786	0.642214	5.154023
39642	-1487.037	-1582.355	95.31758	0.6783729	0.7033848	0.460306	0.539694	4.700481
39648	-1473.263	-1568.818	95.5554	0.6761809	0.6011839	0.490442	0.509558	4.647001
39654	-1482.725	-1580.443	97.71843	0.7888476	0.5572243	0.436227	0.563773	3.383239
39660	-1482.491	-1578.501	96.01027	0.8848197	0.5217231	0.441657	0.558343	4.341902
39666	-1476.885	-1572.525	95.63941	0.7175096	0.7019287	0.43156	0.56844	4.499043
39672	-1480.12	-1576.523	96.40305	0.9048887	0.71514	0.448356	0.551644	3.94993
39678	-1480.626	-1576.591	95.96511	0.6075507	0.6389711	0.437799	0.562201	4.425174
39684	-1484.863	-1581.886	97.02305	0.9433493	0.6389711	0.437768	0.562232	3.62915
39690	-1493.771	-1590.081	96.30949	0.6935995	0.5546084	0.520309	0.479691	4.251563
39696	-1481.7	-1577.649	95.94842	0.8418169	0.4159867	0.520309	0.479691	4.504307
39702	-1484.069	-1578.466	94.39745	0.6502708	0.5200476	0.359736	0.640264	5.37352
39708	-1483.821	-1579.622	95.80112	0.6502708	0.5200476	0.459094	0.540906	4.593237
39714	-1489.073	-1584.993	95.92051	0.6903093	0.3468813	0.754191	0.245809	4.682241
39720	-1479.61	-1574.7	95.09019	0.5730706	0.58063	0.459376	0.540624	4.980972
39726	-1488.899	-1583.355	94.45615	0.5802472	0.4953125	0.482883	0.517117	5.402064
39732	-1478.031	-1573.126	95.09462	0.7077064	0.6561987	0.460736	0.539264	4.843666
39738	-1482.8	-1577.855	95.0553	0.633458	0.645805	0.481419	0.518581	4.914872
39744	-1486.57	-1580.818	94.24749	0.5213717	0.533333	0.52388	0.47612	5.515386
39750	-1487.004	-1580.72	93.71603	0.7386293	0.7600107	0.460679	0.539321	5.515386
39756	-1484.347	-1580.373	96.02614	0.6887111	0.5936664	0.486496	0.513504	4.381428
39774	-1498.178	-1594.071	95.8924	0.8889138	0.5197735	0.416093	0.583907	4.4079
39780	-1492.168	-1586.218	94.04933	0.6018446	0.6112942	0.427846	0.572154	5.515591
39786	-1492.928	-1589.273	96.34441	0.6735531	0.4745901	0.479521	0.520479	4.31663
39792	-1485.454	-1579.842	94.38784	0.4874786	0.6537601	0.484141	0.515859	5.359423
39798	-1480.133	-1575.733	95.60036	0.536812	0.4332321	0.460917	0.539083	4.852063
39804	-1484.217	-1578.406	94.18953	0.6911643	0.6771091	0.49077	0.50923	5.339079
39834	-1488.767	-1583.181	94.41441	0.5508781	0.619039	0.633668	0.366332	5.3365
39840	-1482.681	-1577.247	94.56616	0.515806	0.5605012	0.491737	0.508263	5.319677
39846	-1487.239	-1582.939	95.70016	0.7569337	0.5605012	0.491737	0.508263	4.55446
39882	-1494.748	-1589.431	94.68345	0.6101234	0.6598721	0.322258	0.677742	5.123637
39888	-1485.528	-1580.496	94.96779	0.565162	0.4997633	0.3475	0.6525	5.123637
39894	-1488.487	-1579.181	90.69379	0.5327065	0.6817886	0.430787	0.569213	7.320904
39900	-1478.109	-1572.362	94.25244	0.606667	0.4925192	0.586944	0.413056	5.502223
39906	-1483.149	-1577.461	94.31196	0.4595823	0.6045623	0.394941	0.605059	5.454704
39912	-1485.493	-1579.867	94.37376	0.5888064	0.6496865	0.358013	0.641987	5.31437
39918	-1487.015	-1581.357	94.3422	0.3915022	0.433372	0.4029	0.5971	5.627833
39924	-1482.969	-1576.924	93.95407	0.3915022	0.5268408	0.574376	0.425624	5.753301
39930	-1483.11	-1578.354	95.2433	0.4118564	0.5183186	0.472349	0.527651	5.039062
39936	-1503.655	-1598.79	95.13486	0.3546376	0.6284499	0.395538	0.604462	5.039062
39942	-1501.064	-1596.295	95.23093	0.5060174	0.4214902	0.578404	0.421596	5.086598
39948	-1504.701	-1597.393	92.69228	0.4234034	0.6185351	0.284257	0.715743	6.348479
39954	-1492.996	-1587.455	94.45902	0.5348656	0.5803579	0.429484	0.570516	5.351759
39960	-1490.228	-1584.81	94.58127	0.4624374	0.7178313	0.605367	0.394633	5.219695
39966	-1493.843	-1588.235	94.39262	0.4624374	0.5919945	0.604101	0.395899	5.418798
39972	-1488.621	-1582.772	94.15131	0.4142372	0.5382634	0.447821	0.552179	5.622803
39978	-1490.33	-1585.22	94.88992	0.3723317	0.5625317	0.56976	0.43024	5.218375
39984	-1491.048	-1585.907	94.8589	0.470229	0.5197894	0.258865	0.741135	5.218375
39990	-1488.103	-1581.584	93.4815	0.3684465	0.573599	0.672141	0.327859	5.984669
39996	-1480.918	-1576.103	95.18504	0.7152424	0.5192892	0.573569	0.426431	4.901921
40002	-1489.849	-1585.443	95.59416	0.8381763	0.4361913	0.451637	0.548363	4.684179
40008	-1494.443	-1589.651	95.2088	0.8381763	0.6866523	0.627947	0.372053	4.684179
40014	-1482.873	-1577.848	94.97504	0.5205947	0.5794445	0.412702	0.587298	5.075016
40020	-1482.429	-1577.674	95.24441	0.6754341	0.514539	0.639875	0.360125	4.8953
40026	-1490.614	-1585.331	94.71666	0.5728525	0.5258451	0.39763	0.60237	5.234909
40044	-1494.383	-1587.665	93.28239	0.6188737	0.6346341	0.518439	0.481561	5.90843
40344	-1473.477	-1569.007	95.5303	0.6516797	0.4962994	0.443633	0.556367	4.765793
40350	-1475.957	-1571.584	95.62745	0.6290595	0.5295305	0.46493	0.53507	4.69394
40356	-1476.817	-1571.325	94.50818	0.45583	0.5935773	0.554606	0.445394	5.357469
40362	-1478.761	-1575.015	96.25353	0.6652116	0.5646913	0.350113	0.649887	4.290608
40368	-1482.141	-1577.934	95.79279	0.7401453	0.683966	0.413559	0.586441	4.413175
40380	-1484.488	-1579.756	95.26823	0.7603106	0.7150278	0.462959	0.537041	4.673845
40386	-1489.34	-1586.28	96.94016	0.9280843	1.09955	0.462959	0.537041	3.383801
40434	-1488.736	-1584.316	95.58037	0.7754264	0.8326955	0.349125	0.650875	4.409917
40452	-1491.399	-1588.649	97.24989	1.111212	0.6876926	0.522677	0.477323	3.360357
40458	-1485.318	-1583.048	97.73044	1.170072	0.5986624	0.445027	0.554973	3.114255
40482	-1481.123	-1575.601	94.47819	0.494075	0.7721728	0.420243	0.579757	5.221825
40488	-1475.118	-1570.269	95.15044	0.7990511	0.6358204	0.494987	0.505013	4.777225
40494	-1476.927	-1571.487	94.56007	0.6916563	0.7413871	0.494987	0.505013	5.088041
40500	-1476.64	-1572.154	95.51391	0.506206	0.6194034	0.518598	0.481402	4.750682
40506	-1470.928	-1566.2	95.27231	0.5538855	0.5488369	0.541697	0.458303	4.91719
40512	-1485.948	-1580.56	94.61162	0.633597	0.4380909	0.47835	0.52165	5.341691
40518	-1480.164	-1573.436	93.27219	0.7508329	0.6371124	0.549506	0.450494	5.839995
40524	-1477.014	-1571.712	94.6981	0.9496511	0.5565611	0.474877	0.525123	5.00979
40530	-1481.455	-1575.944	94.48887	0.5064113	0.6683946	0.474877	0.525123	5.28227
40536	-1488.542	-1581.06	92.51801	0.5010477	0.680191	0.403656	0.596344	6.354932
40542	-1495.419	-1589.485	94.06591	0.5606255	0.7392362	0.402425	0.597575	5.43496
40548	-1488.626	-1582.422	93.7966	0.5606255	0.6920845	0.5002	0.4998	5.616211
40554	-1480.517	-1576.098	95.58152	0.5495682	0.5939326	0.401043	0.598957	4.709184
40560	-1487.259	-1583.309	96.04961	0.9154944	0.6095159	0.39364	0.60636	4.226837
40566	-1493.973	-1591.401	97.42763	0.9454215	0.5212927	0.486298	0.513702	3.494742
40572	-1479.14	-1576.614	97.47391	0.8851026	0.6303628	0.475824	0.524176	3.407316
40578	-1478.035	-1574.636	96.60048	0.9371723	0.9954232	0.486529	0.513471	3.635243
40584	-1479.18	-1575.562	96.38242	1.00566	0.6850045	0.486529	0.513471	3.926489
40590	-1490.141	-1584.923	94.78196	0.8766587	0.5973832	0.337815	0.662185	4.969833
40596	-1488.866	-1581.689	92.82237	0.3888597	0.5423777	0.595544	0.404456	6.358197
40602	-1474.939	-1568.167	93.22887	0.376823	0.6057682	0.427129	0.572871	6.092004
40608	-1476.973	-1571.018	94.04457	0.6304889	0.4423452	0.427129	0.572871	5.651083
40614	-1483.699	-1576.945	93.24619	0.5005958	0.7202449	0.460925	0.539075	5.930445
40620	-1490.833	-1584.256	93.42388	0.445582	0.8728638	0.487841	0.512159	5.76439
40626	-1492.647	-1588.867	96.21992	0.6811191	0.5001884	0.39379	0.60621	4.358355
40632	-1494.457	-1590.177	95.71979	0.557408	0.403192	0.485995	0.514005	4.805304
40638	-1486.027	-1581.19	95.16293	0.6340081	0.7122361	0.401146	0.598854	4.805304
40644	-1483	-1577.232	94.23177	0.8162071	0.4209397	0.401146	0.598854	5.467722
40692	-1487.359	-1583.117	95.75792	0.6867462	0.7242278	0.430674	0.569326	4.433521
40698	-1490.219	-1585.013	94.79483	0.636017	0.6633982	0.524107	0.475893	5.044865
40704	-1489.703	-1584.491	94.78765	0.6431946	0.6633982	0.524107	0.475893	5.044865
40710	-1486.345	-1581.091	94.74633	0.6431946	0.6428779	0.454231	0.545769	5.083362
40716	-1477.295	-1572.975	95.68005	0.6431946	0.4274011	0.436929	0.563071	4.754185
40722	-1479.462	-1573.079	93.61716	0.6993622	0.7461491	0.519367	0.480633	5.600677
40728	-1486.025	-1580.723	94.6978	0.781871	0.592122	0.519367	0.480633	5.073474
40734	-1484.682	-1581.348	96.66618	0.8405833	0.592122	0.532554	0.467446	3.932562
40740	-1476.869	-1572.72	95.85071	0.7805258	0.6510899	0.56084	0.43916	4.382697
40746	-1475.574	-1570.248	94.6744	0.638605	0.6011902	0.549893	0.450107	5.158497
40752	-1473.091	-1566.728	93.63666	0.638605	0.7523364	0.504302	0.495698	5.619118
40758	-1481.682	-1576.515	94.83327	0.8305128	0.7745818	0.576951	0.423049	4.836254
41172	-1510.199	-1605.275	95.07634	0.5389676	0.4953159	0.466568	0.533432	5.082075
41178	-1507.017	-1602.31	95.29297	0.4812571	0.5934038	0.515757	0.484243	4.908753
41184	-1500.324	-1594.832	94.50775	0.4504838	0.7207355	0.451773	0.548227	5.264891
41190	-1494.027	-1587.642	93.61549	0.4318164	0.6479007	0.494642	0.505358	5.818548
41196	-1495.609	-1591.57	95.96067	0.3775365	0.5721582	0.520985	0.479015	4.611276
41232	-1488.67	-1584.447	95.7772	0.7138328	0.5934124	0.438298	0.561702	4.507731
41238	-1487.915	-1582.126	94.21056	0.5322681	0.5249552	0.523252	0.476748	5.537019
41574	-1497.886	-1593.146	95.25979	0.9239996	0.6102772	0.574406	0.425594	4.666417
41580	-1496.407	-1591.985	95.57744	0.7752504	0.6102772	0.470638	0.529362	4.571719
41586	-1485.729	-1580.37	94.64043	0.8112527	0.4386391	0.470638	0.529362	5.22712
41592	-1480.541	-1576.191	95.64979	0.8619934	0.7333419	0.470638	0.529362	4.389177
41598	-1486.224	-1581.269	95.04522	0.8594636	0.5830566	0.545562	0.454438	4.844572
41604	-1480.272	-1574.494	94.2214	0.6294977	0.5469682	0.515199	0.484801	5.458505
41610	-1482.507	-1576.619	94.11236	0.6294977	0.620465	0.515199	0.484801	5.458505
41616	-1486.42	-1581.435	95.01507	0.7729858	0.620465	0.619483	0.380517	4.87932
41622	-1493.647	-1587.531	93.88325	0.6763501	0.4703886	0.410001	0.589999	5.687307
41628	-1490.554	-1585.968	95.41438	0.663144	0.8163612	0.435285	0.564715	4.577082
41634	-1489.065	-1583.801	94.73589	0.663144	0.8975726	0.539968	0.460032	4.905388
41640	-1483.965	-1579.381	95.41594	0.6153935	0.5883137	0.538129	0.461871	4.769555
41646	-1480.7	-1575.119	94.41936	0.7923593	0.3850898	0.5545	0.4455	5.415432
41652	-1482.395	-1578.521	96.12601	0.8366106	0.3850898	0.457845	0.542155	4.440768
41658	-1490.666	-1585.948	95.28155	0.7678808	0.6522832	0.305423	0.694577	4.708652
41664	-1498.508	-1594.016	95.50821	0.567638	0.6053715	0.675626	0.324374	4.730768
41682	-1486.322	-1580.44	94.1183	0.7651674	0.6860744	0.392183	0.607817	5.330987
41688	-1489.377	-1583.872	94.49547	0.7009903	0.4768388	0.599569	0.400431	5.330987
41694	-1498.13	-1592.929	94.79915	0.4222061	0.4624254	0.531681	0.468319	5.330987
41700	-1482.702	-1576.342	93.63988	0.4222061	0.4934735	0.533773	0.466227	5.938049
41706	-1493.17	-1589.126	95.95621	0.5423267	0.4374623	0.562574	0.437426	4.645814
41712	-1493.91	-1588.428	94.51756	0.5174667	0.64639	0.448793	0.551207	5.276869
41718	-1498.239	-1593.095	94.85526	0.4772035	0.4549724	0.462087	0.537913	5.276869
41724	-1484.71	-1580.173	95.46295	0.5620897	0.4223247	0.454566	0.545434	4.925708
41730	-1478.747	-1572.752	94.00488	0.3902547	0.535308	0.454566	0.545434	5.718801
41736	-1474.824	-1569.561	94.73664	0.5485975	0.4808804	0.419776	0.580224	5.278176
41742	-1479.618	-1574.151	94.53274	0.4754688	0.5604505	0.606484	0.393516	5.360409
41748	-1477.751	-1574.111	96.35965	1.03699	0.5414684	0.588695	0.411305	4.039376
41754	-1478.078	-1572.912	94.83432	0.8353046	0.5651908	0.595883	0.404117	4.990322
41760	-1479.301	-1575.896	96.59472	0.7853519	0.4146289	0.438901	0.561099	4.17239
41766	-1478.885	-1573.337	94.45141	0.708465	0.8586597	0.505406	0.494594	5.062135
41772	-1483.18	-1579.186	96.00614	0.5833035	0.5269381	0.429438	0.570562	4.50949
41778	-1485.407	-1581.369	95.96238	0.6176035	0.4855122	0.612629	0.387371	4.552985
41784	-1480.008	-1575.97	95.96279	0.6806353	0.5462613	0.558787	0.441213	4.462002
41844	-1496.9	-1592.455	95.55564	0.5256608	0.6688763	0.546404	0.453596	4.678215
41892	-1471.454	-1568.142	96.68805	0.7281509	0.39846	0.402466	0.597534	4.16938
41898	-1481.212	-1574.806	93.59412	0.3815285	0.6292872	0.450479	0.549521	5.871877
41904	-1488.238	-1583.909	95.67078	0.6238059	0.5611422	0.547389	0.452611	4.645075
41910	-1481.683	-1576.165	94.48266	0.6762406	0.4693815	0.350004	0.649996	5.358774
41916	-1488.605	-1583.628	95.02303	0.6762406	0.563154	0.388342	0.611658	4.975568
41922	-1490.154	-1585.214	95.06073	0.6762406	0.5387494	0.512268	0.487732	4.975568
41928	-1487.551	-1581.892	94.34055	0.4051751	0.6104086	0.400124	0.599876	5.464277
41934	-1482.981	-1577.21	94.22891	0.5168102	0.6104086	0.400124	0.599876	5.464277
41940	-1489.827	-1583.784	93.95764	0.68451	0.5856277	0.345492	0.654508	5.541103
41946	-1484.52	-1580.707	96.18684	0.8455147	0.5203823	0.554413	0.445587	4.265466
41964	-1487.237	-1581.27	94.03357	0.7818768	0.5178877	0.347182	0.652818	5.503332
41970	-1488.373	-1584.427	96.05345	0.6656143	0.3938967	0.568039	0.431961	4.568034
41976	-1488.719	-1584.71	95.99083	0.6911922	0.6732272	0.530578	0.469422	4.337081
41982	-1485.088	-1580.623	95.5347	0.611078	0.5273057	0.580856	0.419144	4.757833
41988	-1485.024	-1580.086	95.06221	0.69058	0.4587883	0.366575	0.633425	5.040432
41994	-1483.755	-1577.72	93.96538	0.5428427	0.526731	0.455833	0.544167	5.664265
42000	-1484.575	-1578.858	94.28277	0.4728179	0.543531	0.455833	0.544167	5.513882
42006	-1481.414	-1577.36	95.94621	0.8148926	0.5376492	0.43882	0.56118	4.403267
42012	-1481.591	-1577.946	96.35522	0.9778585	0.5899637	0.450575	0.549425	4.033685
42018	-1479.551	-1576.043	96.49152	0.9429817	0.7258164	0.407377	0.592623	3.86957
42024	-1486.067	-1582.791	96.7236	0.9429817	0.567133	0.547741	0.452259	3.862248
42030	-1489.441	-1584.718	95.27741	0.7358979	0.5862907	0.42568	0.57432	4.781293
42036	-1495.945	-1591.034	95.08939	0.645734	0.8014377	0.421293	0.578707	4.778557
42042	-1483.03	-1576.991	93.96165	0.4989621	0.4878869	0.541216	0.458784	5.72522
42048	-1483.274	-1577.439	94.16481	0.8382071	0.5714875	0.475821	0.524179	5.35405
42054	-1485.581	-1579.604	94.0235	0.6951647	0.6713201	0.606365	0.393635	5.432648
42060	-1488.589	-1584.205	95.61558	0.6492037	0.6285514	0.373077	0.626923	4.60647
42066	-1493.347	-1589.326	95.97851	0.3996545	0.5515515	0.549952	0.450048	4.60647
42072	-1481.49	-1577.736	96.24622	0.6421634	0.453962	0.389271	0.610729	4.410084
42078	-1483.167	-1577.506	94.33894	0.4667657	0.487546	0.525287	0.474713	5.536167
42084	-1487.87	-1582.57	94.69995	0.5717295	0.4507429	0.340793	0.659207	5.31457
42090	-1490.496	-1585.078	94.58194	0.4736365	0.5842045	0.340793	0.659207	5.31457
42096	-1490.401	-1584.008	93.60693	0.4523306	0.5326652	0.367455	0.632545	5.904831
42102	-1488.72	-1581.516	92.79603	0.5287429	0.4365853	0.510016	0.489984	6.393121
42108	-1477.075	-1572.829	95.75448	0.6626718	0.4002639	0.495793	0.504207	4.730271
42114	-1480.87	-1574.33	93.45991	0.4885138	0.521193	0.612222	0.387778	5.975322
42120	-1490.506	-1584.97	94.46387	0.5489469	0.521193	0.506732	0.493268	5.391745
42126	-1486.764	-1581.05	94.28668	0.2111736	0.4481329	0.506732	0.493268	5.74253
42132	-1483.892	-1578.447	94.55472	0.5437302	0.6592723	0.452598	0.547402	5.232082
42138	-1482.779	-1575.953	93.17451	0.4101568	0.5270971	0.452598	0.547402	6.168382
42144	-1488.789	-1583.294	94.50509	0.665968	0.6642927	0.377676	0.622324	5.188158
42150	-1488.557	-1582.226	93.66937	0.7063285	0.467744	0.408322	0.591678	5.790534
42156	-1494.13	-1588.436	94.30611	0.5912189	0.5387469	0.487468	0.512532	5.440009
42240	-1485.52	-1581.811	96.29064	0.7779847	0.5548631	0.592278	0.407722	4.214187
42246	-1491.649	-1587.503	95.85402	0.750638	0.6156813	0.455681	0.544319	4.425628
42570	-1493.365	-1587.767	94.40128	0.4222724	0.6625018	0.447646	0.552354	5.38141
42576	-1491.965	-1585.869	93.90378	0.3512592	0.6570682	0.314141	0.685859	5.69793
42630	-1492.965	-1588.515	95.55053	0.5348334	0.5233688	0.48419	0.51581	4.795089
42636	-1500.042	-1593.673	93.63149	0.4344709	0.4717257	0.545159	0.454841	5.956056
42642	-1501.744	-1594.434	92.69025	0.5037226	0.621578	0.533836	0.466164	6.303629
42648	-1492.494	-1586.568	94.07351	0.5304437	0.5752586	0.370085	0.629915	5.570567
42654	-1485.231	-1580.711	95.48008	0.571229	0.6483111	0.450095	0.549905	4.710651
42660	-1491.779	-1586.082	94.30241	0.8225336	0.583798	0.521384	0.478616	5.276603
42666	-1489.562	-1584.06	94.49761	0.4726256	0.6950102	0.468113	0.531887	5.276603
42672	-1493.708	-1587.591	93.88288	0.5561143	0.6547111	0.459248	0.540752	5.598787
42678	-1488.536	-1581.824	93.28835	0.7053894	0.8355594	0.459248	0.540752	5.719305
42720	-1493.07	-1587.592	94.52201	0.5730676	0.5979681	0.46662	0.53338	5.2816
42726	-1484.494	-1579.077	94.58335	0.6182684	0.7492693	0.46662	0.53338	5.110388
42732	-1481.142	-1575.137	93.99482	0.6421507	0.716366	0.46662	0.53338	5.445143
42738	-1489.726	-1583.306	93.57954	0.1408762	0.5951716	0.607544	0.392456	6.037882
42744	-1486.407	-1580.696	94.28931	0.1983408	0.5499983	0.50167	0.49833	5.655512
42834	-1487.685	-1582.794	95.10928	0.6792214	0.4591519	0.378319	0.621681	5.020247
42840	-1497.437	-1591.464	94.02653	0.7306784	0.407739	0.533924	0.466076	5.64114
42846	-1498.045	-1593.244	95.19836	0.6040419	0.6132011	0.385632	0.614368	4.877096
42852	-1488.227	-1583.65	95.42317	0.7875783	0.7086526	0.595763	0.404237	4.576291
42858	-1490.887	-1586.746	95.85863	0.6700597	0.6253825	0.463048	0.536952	4.460671
42864	-1505.1	-1600.132	95.0323	0.7931485	0.7081143	0.518824	0.481176	4.792354
42870	-1496.145	-1592.407	96.26177	0.8091534	0.7598632	0.490932	0.509068	4.053342
42876	-1491.202	-1587.452	96.25023	0.7495778	0.8195292	0.468734	0.531266	4.053342
42912	-1496.495	-1591.957	95.46185	0.7912894	0.4879813	0.501082	0.498918	4.7338
42918	-1498.984	-1594.137	95.1531	0.4927196	0.5828885	0.533948	0.466052	4.988798
43212	-1498.034	-1592.588	94.55322	0.7902071	0.8873566	0.510385	0.489615	4.942524
43218	-1493.709	-1588.768	95.05866	0.7910993	0.620631	0.429492	0.570508	4.844801
43224	-1481.524	-1577.673	96.14922	0.7553415	0.4580658	0.464526	0.535474	4.396882
43230	-1498.39	-1592.812	94.42266	0.546861	0.6779039	0.505038	0.494962	5.289464
43236	-1502.311	-1596.195	93.88455	0.2044587	0.6543979	0.567183	0.432817	5.790854
43242	-1490.412	-1584.339	93.92693	0.3454824	0.529708	0.499978	0.500022	5.790854
43248	-1493.468	-1588.2	94.73258	0.3044406	0.5256131	0.499513	0.500487	5.374499
43254	-1494.205	-1589.986	95.78101	0.6754662	0.4826481	0.505764	0.494236	4.625006
43260	-1499.334	-1593.499	94.16518	0.3735269	0.7791493	0.487487	0.512513	5.45636
43266	-1485.244	-1579.969	94.72451	0.4294876	0.4860615	0.511566	0.488434	5.345774
43272	-1485.678	-1581.585	95.90697	0.6304355	0.6790804	0.365163	0.634837	4.414307
43278	-1486.905	-1582.045	95.13979	0.687416	0.5234434	0.438104	0.561896	4.938881
43284	-1487.373	-1582.479	95.10556	0.6374734	0.7627216	0.479893	0.520107	4.800083
43290	-1481.293	-1576.745	95.45225	0.6374734	0.5151038	0.495999	0.504001	4.800083
43296	-1480.736	-1576.443	95.707	0.3366394	0.5441137	0.415103	0.584897	4.800083
43302	-1483.75	-1579.215	95.46478	0.5315085	0.4179498	0.567283	0.432717	4.94624
43308	-1488.245	-1584.054	95.80929	0.6160003	0.5029798	0.403402	0.596598	4.623453
43314	-1483.965	-1579.763	95.79765	0.6942529	0.6246578	0.524136	0.475864	4.481955
43530	-1480.391	-1576.236	95.84545	0.5727093	0.5221171	0.586489	0.413511	4.610013
43536	-1481.14	-1577.184	96.04388	0.937163	0.3840799	0.457853	0.542147	4.43151
43542	-1475.174	-1569.877	94.70288	0.7172991	0.3178154	0.360815	0.639185	5.378579
43548	-1475.502	-1570.922	95.42006	0.6342306	0.54473	0.561022	0.438978	4.793603
43554	-1477.479	-1572.661	95.18175	0.5841878	0.514003	0.561022	0.438978	4.981406
43584	-1496.469	-1589.74	93.27137	0.5824517	0.5477043	0.518514	0.481486	6.004111
43704	-1488.764	-1583.097	94.33342	0.6080215	0.5994935	0.415891	0.584109	5.36515
43710	-1489.946	-1585.012	95.06654	0.9670727	0.4546512	0.532222	0.467778	4.888338
43716	-1488.282	-1583.763	95.48083	0.5417877	0.4609089	0.429056	0.570944	4.888338
43734	-1508.262	-1602.643	94.38114	0.1573136	0.4470777	0.55286	0.44714	5.721317
43740	-1492.941	-1586.498	93.55749	0.2022093	0.5291601	0.553205	0.446795	6.071287
43746	-1490.961	-1583.635	92.6747	0.1463866	0.6675283	0.497634	0.502366	6.471472
43752	-1486.607	-1580.21	93.60318	0.2452377	0.6729131	0.410304	0.589696	5.908702
43758	-1483.035	-1577.343	94.30865	0.09107351	0.5402937	0.41345	0.58655	5.711993
43764	-1485.102	-1578.394	93.29142	0.0990255	0.5913637	0.479245	0.520755	6.220563
43770	-1496.765	-1590.149	93.38379	0.1042689	0.5275123	0.358965	0.641035	6.220563
43776	-1492.979	-1586.635	93.65574	0.1625248	0.5275123	0.557554	0.442446	6.0408
43812	-1493.156	-1587.025	93.86888	0.4172098	0.6042116	0.551627	0.448373	5.721567
43818	-1494.784	-1589.275	94.49105	0.4667298	0.5037586	0.545766	0.454234	5.437671
43830	-1493.745	-1587.654	93.90868	0.5082203	0.5781124	0.344647	0.655353	5.670886
43836	-1493.487	-1586.457	92.97003	0.4301337	0.7656549	0.401398	0.598602	6.088626
43860	-1492.782	-1587.828	95.04596	0.3995231	0.480571	0.620936	0.379064	5.189884
43866	-1486.147	-1581.001	94.85436	0.7577995	0.3892066	0.507226	0.492774	5.189884
43872	-1492.098	-1588.937	96.83929	0.7843876	0.5030646	0.457589	0.542411	3.94482
43878	-1494.402	-1591.293	96.89063	0.6630254	0.4266287	0.419457	0.580543	4.060881
43884	-1493.486	-1590.642	97.1564	1.0861	0.4053708	0.419457	0.580543	3.688289
43890	-1499.938	-1596.486	96.54771	0.9524072	0.862227	0.55522	0.44478	3.738464
43896	-1494.198	-1592.139	97.9408	0.9711121	0.5836866	0.455297	0.544703	3.120572
43902	-1489.718	-1586.708	96.99028	0.9389041	0.4808571	0.451375	0.548625	3.790708
43908	-1484.74	-1581.285	96.54532	0.7608837	0.6576232	0.515467	0.484533	3.994363
43914	-1479.202	-1576.553	97.35077	0.7288914	0.3510864	0.503703	0.496297	3.844861
43920	-1471.975	-1566.444	94.4687	0.582687	0.4928143	0.500057	0.499943	5.396101
43926	-1483.556	-1580.102	96.54625	0.9064635	0.6063189	0.589839	0.410161	3.951679
43932	-1478.156	-1573.999	95.84286	0.7581861	0.5449078	0.45625	0.54375	4.487042
43938	-1468.609	-1564.405	95.79598	0.844845	0.5197714	0.433089	0.566911	4.487042
44070	-1494.977	-1589.07	94.09334	0.5260628	0.5817265	0.424795	0.575205	5.55678
44076	-1496.797	-1590.454	93.65724	0.5179599	0.8501061	0.572248	0.427752	5.61073
44082	-1484.838	-1581.191	96.35306	0.6475565	0.5980882	0.446639	0.553361	4.216077
44088	-1493.172	-1588.113	94.94104	0.611904	0.7185593	0.364283	0.635717	4.936745
44094	-1495.634	-1588.888	93.25358	0.7101716	0.7057435	0.38156	0.61844	5.822051
44100	-1496.554	-1591.161	94.60684	0.7101716	0.6903377	0.398342	0.601658	5.08809
44106	-1488.951	-1582.93	93.97931	0.649094	0.6163171	0.398413	0.601587	5.524161
44112	-1493.877	-1587.79	93.91347	0.5526516	0.7378691	0.418333	0.581667	5.524161
44118	-1497.005	-1592.123	95.11818	0.7428381	0.7378691	0.459864	0.540136	4.751365
44142	-1489.271	-1583.824	94.55333	0.6215545	0.7244395	0.519562	0.480438	5.142444
44148	-1492.153	-1585.793	93.63997	0.7161524	0.6380024	0.425782	0.574218	5.656898
44262	-1488.154	-1582.97	94.81661	0.8769491	0.6609587	0.436798	0.563202	4.90066
44268	-1487.456	-1584.787	97.33167	0.7518234	0.5694984	0.566984	0.433016	3.619557
44274	-1494.143	-1590.45	96.30765	0.7518234	0.3831156	0.536314	0.463686	4.38836
44292	-1484.889	-1579.101	94.21127	0.6232104	0.5991206	0.506213	0.493787	5.424393
44298	-1489.239	-1583.858	94.61819	0.5742812	0.4726395	0.506213	0.493787	5.337158
44964	-1487.037	-1583.084	96.04733	0.7225778	0.5775332	0.467432	0.532568	4.363814
44994	-1483.537	-1578.914	95.37729	0.5086328	0.6023524	0.439637	0.560363	4.839252
45072	-1485.385	-1582.984	97.59856	1.045245	0.7295476	0.539833	0.460167	3.161515
45078	-1491.532	-1590.308	98.77589	1.055835	0.561708	0.443394	0.556606	2.582563
45144	-1491.924	-1587.123	95.19972	0.6683913	0.6453623	0.4008	0.5992	4.815264
45252	-1488.516	-1584.856	96.3392	0.7305788	0.3911781	0.514548	0.485452	4.373575
45258	-1492.504	-1587.049	94.54495	0.7123704	0.7123259	0.450959	0.549041	5.105342
46134	-1494.424	-1586.916	92.4911	0.5761595	0.6049363	0.506113	0.493887	6.385336
46374	-1495.029	-1588.248	93.21867	0.5933991	0.6965686	0.59244	0.40756	5.911473
46380	-1501.051	-1594.077	93.02518	0.5933991	0.676889	0.491327	0.508673	6.031228
46386	-1500.241	-1595.628	95.38643	0.725754	0.6971542	0.540095	0.459905	4.639937
46710	-1487.793	-1581.951	94.15746	0.1377788	0.4808041	0.424019	0.575981	5.822299
46716	-1482.922	-1577.433	94.5107	0.5224279	0.5114242	0.424019	0.575981	5.389254
46722	-1500.004	-1594.591	94.58634	0.5926432	0.56645	0.424019	0.575981	5.26111
46728	-1499.576	-1594.875	95.29855	0.4104871	0.7578202	0.407041	0.592959	4.822403
46734	-1483.937	-1580.368	96.43138	0.8840511	0.8175189	0.480969	0.519031	3.874079
46740	-1489.541	-1584.36	94.81895	0.8009734	0.6089013	0.332168	0.667832	4.982066
46746	-1490.865	-1584.987	94.12256	0.5864234	0.6549791	0.606733	0.393267	5.450156
46752	-1486.842	-1581.018	94.17589	0.3485184	0.6527233	0.522343	0.477657	5.553364
46758	-1482.595	-1576.24	93.64453	0.3917274	0.6796087	0.434625	0.565375	5.801134
46764	-1490.193	-1584.565	94.372	0.5788263	0.740967	0.434625	0.565375	5.254889
46770	-1480.825	-1576.629	95.80403	0.7436548	0.5839688	0.428043	0.571957	4.483688
46776	-1478.727	-1574.403	95.67587	0.7039721	0.5435512	0.506561	0.493439	4.612488
46782	-1487.017	-1582.664	95.64684	0.5813903	0.5163892	0.506516	0.493484	4.72154
46788	-1480.608	-1575.057	94.44938	0.6371879	0.4950262	0.506516	0.493484	5.374674
46794	-1483.407	-1579.815	96.40786	0.7040857	0.4950262	0.383717	0.616283	4.243875
46800	-1487.115	-1583.43	96.3157	0.8172795	0.5321455	0.46312	0.53688	4.19777
46806	-1485.14	-1581.779	96.63907	0.7192101	0.6042331	0.500451	0.499549	4.007403
46812	-1484.761	-1580.278	95.51634	0.6727671	0.8517703	0.492357	0.507643	4.4916
46818	-1492.25	-1587.264	95.0144	0.4401461	0.6020454	0.56899	0.43101	5.079379
46824	-1493.223	-1588.064	94.84041	0.3532513	0.6077565	0.334795	0.665205	5.219281
46842	-1497.926	-1593.986	96.05956	0.5930946	0.5685927	0.510398	0.489602	4.437533
46848	-1495.63	-1589.45	93.82036	0.5994587	0.4862951	0.452602	0.547398	5.74903
46860	-1492.975	-1587.754	94.77906	0.7456908	0.5363917	0.469191	0.530809	5.095432
46866	-1485.082	-1580.113	95.03051	0.4135172	0.4565173	0.469191	0.530809	5.213708
46872	-1482.95	-1576.816	93.86649	0.6694039	0.4565173	0.511985	0.488015	5.713547
46878	-1484.909	-1579.688	94.77938	0.4674733	0.5453453	0.497736	0.502264	5.241507
46884	-1484.617	-1580.785	96.16744	0.7093415	0.6158379	0.404382	0.595618	4.271761
46890	-1497.725	-1592.303	94.57789	0.5133427	0.5752571	0.46326	0.53674	5.30225
46896	-1502.881	-1597.249	94.36813	0.5072703	0.7327263	0.470829	0.529171	5.30225
46902	-1486.038	-1580.444	94.40623	0.6049073	0.4322054	0.462726	0.537274	5.476555
46908	-1496.432	-1591.049	94.61718	0.6920458	0.7267572	0.4509	0.5491	5.066353
46914	-1488.482	-1583.789	95.30696	0.7498144	0.4673222	0.424479	0.575521	4.863089
46920	-1487.936	-1582.14	94.20331	0.7498144	0.7043891	0.513167	0.486833	5.279314
46926	-1493.197	-1586.668	93.47106	0.766459	0.6115365	0.513167	0.486833	5.742392
46932	-1473.959	-1568.899	94.94012	0.8150305	0.6532816	0.445008	0.554992	4.87218
46938	-1484.811	-1581.509	96.69797	0.8150305	0.4129045	0.445008	0.554992	4.098634
46944	-1490.14	-1585.39	95.25043	0.5707206	0.5996892	0.555482	0.444518	4.877513
46950	-1498.783	-1594.258	95.47479	0.50614	0.52665	0.453904	0.546096	4.850418
46956	-1489.682	-1585.101	95.41836	0.6831898	0.6208352	0.384433	0.615567	4.704017
46962	-1492.996	-1588.697	95.70098	0.7282725	0.6316662	0.364636	0.635364	4.511651
46968	-1486.922	-1582.675	95.75311	0.67614	0.6316662	0.359476	0.640524	4.511651
46974	-1492.983	-1588.513	95.53038	0.67614	0.6663859	0.463334	0.536666	4.60993
46980	-1486.249	-1580.858	94.60967	0.6984405	0.6568336	0.486639	0.513361	5.117872
46986	-1478.062	-1573.171	95.10853	0.7361339	0.6539443	0.493738	0.506262	4.82177
46992	-1481.042	-1575.747	94.70518	0.677206	0.4418394	0.421163	0.578837	5.262227
46998	-1480.371	-1574.739	94.36744	0.5226555	0.5785391	0.474561	0.525439	5.410463
47004	-1484.236	-1577.187	92.95144	0.5063246	0.555032	0.428422	0.571578	6.213631
47010	-1477.088	-1571.488	94.40052	0.5534297	0.5777756	0.483164	0.516836	5.375902
47016	-1479.823	-1574.164	94.34129	0.5534297	0.6184213	0.429608	0.570392	5.375902
47022	-1476.769	-1570.618	93.84926	0.7648547	0.7936671	0.425321	0.574679	5.405276
47028	-1485.032	-1578.878	93.8456	0.5242413	0.738594	0.440271	0.559729	5.576571
47034	-1486.028	-1580.149	94.12105	0.5746016	0.649984	0.38337	0.61663	5.461257
47130	-1491.205	-1587.209	96.00424	0.6040829	0.4480212	0.579283	0.420717	4.573594
47136	-1490.715	-1587.363	96.6483	0.5101884	0.5639219	0.562661	0.437339	4.155298
47142	-1485.559	-1581.471	95.91178	0.5366537	0.463377	0.525428	0.474572	4.648074
47148	-1489.363	-1584.113	94.74963	0.4595458	0.630203	0.460665	0.539335	5.193047
47154	-1484.707	-1580.272	95.56439	0.6966998	0.4367061	0.460665	0.539335	4.779399
47160	-1492.252	-1586.069	93.81665	0.4810364	0.383787	0.511462	0.488538	5.91812
47166	-1484.38	-1579.976	95.59685	0.4683497	0.383787	0.435369	0.564631	4.944491
47172	-1482.199	-1577.258	95.05976	0.5052777	0.5298344	0.547904	0.452096	5.078839
47178	-1493.323	-1588.085	94.76193	0.5624345	0.524362	0.359693	0.640307	5.216953
47280	-1490.28	-1585.075	94.79514	0.7570962	0.4760669	0.483587	0.516413	5.135031
47286	-1492.789	-1588.461	95.67224	0.5430337	0.5390832	0.539069	0.460931	4.708577
47310	-1485.609	-1579.466	93.85685	0.6352816	0.6776007	0.444627	0.555373	5.552642
47316	-1490.387	-1584.789	94.40184	0.6335809	0.5419993	0.426357	0.573643	5.361115
47322	-1492.219	-1586.649	94.42987	0.6139733	0.5366238	0.392557	0.607443	5.361115
47328	-1486.334	-1581.166	94.83198	0.5601195	0.5366238	0.49653	0.50347	5.168716
47334	-1482.951	-1577.167	94.21665	0.5061144	0.5381849	0.508347	0.491653	5.536526
47340	-1490.797	-1586.781	95.9842	0.8085123	0.9120698	0.401022	0.598978	4.112598
47346	-1490.301	-1585.251	94.95016	0.6099474	0.6563525	0.463778	0.536222	4.978387
47352	-1491.33	-1587.226	95.89652	0.8880808	0.7379018	0.467444	0.532556	4.23163
47358	-1488.704	-1584.335	95.63099	0.8181469	0.6068694	0.621032	0.378968	4.520289
47364	-1480.952	-1577.945	96.99301	0.8087712	0.4978501	0.499888	0.500112	3.8476
47370	-1492.036	-1588.622	96.58616	0.6757837	0.7503918	0.618143	0.381857	3.950861
47376	-1473.771	-1570.147	96.37616	0.8883665	0.4701959	0.468753	0.531247	4.181186
47382	-1482.951	-1579.198	96.24624	0.7551852	0.4330753	0.474534	0.525466	4.367469
47388	-1477.467	-1571.866	94.39959	0.7551852	0.4917709	0.514247	0.485753	5.340057
47394	-1490.098	-1585.588	95.49074	0.8017878	0.3657759	0.519322	0.480678	4.83808
47400	-1484.1	-1580.261	96.16128	0.6636091	0.62115	0.538656	0.461344	4.296854
47406	-1492.726	-1589.439	96.7133	0.6586718	0.4154111	0.549132	0.450868	4.176158
47412	-1488.096	-1583.032	94.93615	0.6891389	0.4143971	0.510553	0.489447	5.15582
47418	-1487.671	-1583.153	95.48118	0.6281687	0.4332765	0.486208	0.513792	4.867526
47424	-1490.694	-1585.781	95.08749	0.6726523	0.5493594	0.546333	0.453667	4.953492
47430	-1485.92	-1580.956	95.0352	0.6082041	0.6285272	0.533704	0.466296	4.953492
47436	-1509.577	-1604.496	94.91959	0.6021556	0.5832798	0.643568	0.356432	5.057372
47484	-1496.668	-1590.65	93.98147	0.6577405	0.6733967	0.466864	0.533136	5.474854
47544	-1485.252	-1581.019	95.76717	0.6794152	0.5985241	0.57243	0.42757	4.528524
47550	-1481.208	-1574.945	93.7363	0.485957	0.5985241	0.371446	0.628554	5.761048
47556	-1481.738	-1575.452	93.71371	0.6074435	0.5985241	0.429564	0.570436	5.706877
47562	-1493.445	-1588.043	94.59755	0.4976735	0.5714766	0.557499	0.442501	5.303181
47568	-1494.721	-1588.958	94.23678	0.4912342	0.4666272	0.595728	0.404272	5.59848
47574	-1488.19	-1582.36	94.17014	0.4672394	0.5226828	0.339436	0.660564	5.596944
47580	-1491.508	-1586.394	94.88564	0.6200382	0.6789636	0.375318	0.624682	4.991712
47586	-1486.461	-1583.001	96.54006	1.001888	0.5543985	0.484773	0.515227	3.944863
47592	-1502.447	-1600.024	97.57634	1.095769	0.6832439	0.484773	0.515227	3.180245
47598	-1505.645	-1602.782	97.13771	1.095769	0.9452712	0.505734	0.494266	3.258237
47604	-1494.372	-1588.906	94.53373	1.056502	0.5518574	0.465428	0.534572	5.045739
47610	-1486.541	-1583.426	96.88457	1.367257	1.240067	0.490001	0.509999	3.083
47616	-1486.262	-1582.436	96.1734	1.037257	1.058466	0.474625	0.525375	3.788482
47622	-1476.485	-1571.833	95.34749	0.6757786	0.6132801	0.53707	0.46293	4.7538
47628	-1477.089	-1572.604	95.51529	0.7388596	0.4904867	0.497333	0.502667	4.730881
47634	-1484.585	-1580.016	95.43109	0.8165372	0.7918762	0.417776	0.582224	4.497676
47640	-1486.882	-1583.256	96.37429	0.6322046	0.4892379	0.535324	0.464676	4.309064
47646	-1490.267	-1586.736	96.46896	0.6322046	0.4789008	0.536089	0.463911	4.265375
47652	-1498.573	-1592.798	94.22482	0.6322046	0.6001974	0.334262	0.665738	5.411117
47658	-1495.921	-1590.201	94.28011	0.5980739	0.585763	0.343327	0.656673	5.411117
47664	-1486.435	-1581.349	94.91367	0.6935327	0.8180728	0.406591	0.593409	4.839083
47670	-1503.298	-1598.972	95.67378	0.5156915	0.4242772	0.415077	0.584923	4.832082
47676	-1496.062	-1592.041	95.97835	0.5777266	0.4402278	0.556218	0.443782	4.610753
47682	-1495.178	-1589.782	94.60462	0.5777266	0.5210061	0.455289	0.544711	5.298396
47688	-1494.55	-1590.529	95.97896	0.6151724	0.3443	0.399285	0.600715	4.694651
47694	-1490.796	-1585.866	95.07034	0.4893686	0.4965187	0.605173	0.394827	5.11179
47700	-1497.87	-1591.318	93.44788	0.6980139	0.523568	0.428443	0.571557	5.865403
47706	-1482.644	-1578.299	95.65498	0.633756	0.5539252	0.443862	0.556138	4.654547
47712	-1476.036	-1571.697	95.66175	0.7165119	0.4978627	0.443862	0.556138	4.654547
47718	-1473.386	-1570.335	96.94808	0.8398236	0.5521093	0.528241	0.471759	3.805685
47724	-1479.942	-1576.864	96.92199	0.8398236	0.6533146	0.528241	0.471759	3.736071
47730	-1490.012	-1584.911	94.89897	0.7708789	0.5025926	0.485417	0.514583	5.045131
47736	-1477.674	-1572.391	94.7168	0.7388076	0.6449254	0.425141	0.574859	5.045131
47742	-1481.058	-1575.909	94.85126	0.7523923	0.5300425	0.606264	0.393736	5.057237
47748	-1491.358	-1587.421	96.06362	0.9298293	1.191901	0.418994	0.581006	3.84316
47754	-1480.993	-1576.424	95.43103	0.6233446	0.4653362	0.432135	0.567865	4.866347
47760	-1483.693	-1579.07	95.37683	0.6678873	0.4615941	0.382334	0.617666	4.875359
47766	-1477.973	-1573.462	95.48976	0.6008477	0.5866904	0.423881	0.576119	4.737777
47772	-1486.093	-1580.677	94.58381	0.4762206	0.4880252	0.378665	0.621335	5.395761
47778	-1491.268	-1586.713	95.44518	0.4762206	0.5228673	0.418244	0.581756	4.88696
47784	-1493.547	-1588.593	95.04663	0.627	0.462368	0.375254	0.624746	5.080873
48240	-1500.631	-1594.892	94.26089	0.4230544	0.6934038	0.461303	0.538697	5.435649
48246	-1491.601	-1586.904	95.30277	0.6584447	0.461162	0.464748	0.535252	4.922278
48432	-1505.104	-1598.228	93.1236	0.5509614	0.5231424	0.518801	0.481199	6.122893
48438	-1496.359	-1591.169	94.80987	0.6332674	0.6880474	0.599231	0.400769	5.019772
48462	-1487.051	-1582.773	95.72257	0.626322	0.5800362	0.482331	0.517669	4.59867
48468	-1482.542	-1577.543	95.00089	0.8071889	0.5025794	0.399907	0.600093	4.968361
48474	-1475.778	-1570.687	94.90888	0.6618739	0.5574183	0.362282	0.637718	5.051809
48480	-1478.403	-1573.658	95.25507	0.6064834	0.5369398	0.412022	0.587978	4.907842
48486	-1481.174	-1575.18	94.006	0.3597926	0.5369398	0.548027	0.451973	5.733468
48492	-1485.911	-1582.189	96.27763	0.8191319	0.5892874	0.524307	0.475693	4.168817
48498	-1481.401	-1577.326	95.92553	0.857587	0.6177758	0.435793	0.564207	4.323196
48540	-1487.771	-1581.397	93.62639	0.8204117	1.045198	0.431829	0.568171	5.349293
48546	-1492.627	-1588.953	96.32652	0.8768089	1.054062	0.340171	0.659829	3.795134
48552	-1487.863	-1583.028	95.16447	0.8023547	0.9720954	0.396078	0.603922	4.544034
48558	-1476.857	-1572.701	95.84371	0.6262582	0.780615	0.532374	0.467626	4.37998
48564	-1488.993	-1584.591	95.59826	0.6537963	0.5721127	0.336773	0.663227	4.659596
48570	-1479.187	-1576.046	96.85877	0.7131758	0.6311824	0.475723	0.524277	3.863037
48576	-1478.946	-1575.014	96.06814	0.8147411	0.8321835	0.499298	0.500702	4.111651
48582	-1478.097	-1574.018	95.92183	0.7428198	0.4700338	0.334797	0.665203	4.520251
48588	-1477.069	-1572.79	95.72054	0.7428198	0.597108	0.351084	0.648916	4.520251
48594	-1489.913	-1585.295	95.38179	0.6375413	0.5298067	0.458738	0.541262	4.826206
48600	-1494.648	-1589.762	95.11362	0.4492102	0.7673553	0.391652	0.608348	4.897395
48606	-1490.189	-1585.918	95.72927	0.6469168	0.4649885	0.397425	0.602575	4.686962
48612	-1480.633	-1576.112	95.4785	0.7276383	0.6175353	0.46231	0.53769	4.648085
48618	-1478.769	-1573.143	94.3739	0.6545884	0.6175353	0.490567	0.509433	5.3028
48624	-1480.129	-1574.439	94.31058	0.6886799	0.4807913	0.490567	0.509433	5.435972
49374	-1492.164	-1587.12	94.95617	0.4950948	0.611803	0.654024	0.345976	5.073395
49380	-1489.564	-1584.702	95.13791	0.4423537	0.5264334	0.603229	0.396771	5.073395
49386	-1489.867	-1583.935	94.06838	0.1943981	0.5264334	0.39547	0.60453	5.798978
49392	-1484.669	-1578.606	93.93616	0.326612	0.5264334	0.537125	0.462875	5.798978
49398	-1482.078	-1577.288	95.20946	0.6669826	0.6225664	0.571128	0.428872	4.828388
49404	-1492.895	-1589.158	96.26288	0.5515439	0.6397281	0.495651	0.504349	4.288022
49410	-1483.054	-1578.586	95.53166	0.6708029	0.5530701	0.471815	0.528185	4.703581
49416	-1485.443	-1582.232	96.78871	0.737067	0.5169216	0.510693	0.489307	3.9879
49422	-1487.627	-1582.845	95.21776	0.5875244	0.5042594	0.490059	0.509941	4.968375
49428	-1488.92	-1582.885	93.96417	0.7753858	0.8440744	0.492092	0.507908	5.303836
49434	-1481.067	-1576.976	95.90925	0.7118379	0.4639849	0.417588	0.582412	4.550624
49440	-1486.938	-1582.614	95.67623	0.8034364	0.5564499	0.396159	0.603841	4.545261
49446	-1481.263	-1577.284	96.02143	0.7239572	0.5308174	0.404274	0.595726	4.418209
49452	-1491.789	-1588.43	96.6403	0.7239572	0.4796884	0.540361	0.459639	4.115242
49458	-1493.713	-1589.826	96.11328	0.7530637	0.5050986	0.54083	0.45917	4.373382
49464	-1487.041	-1583.739	96.69784	0.6346022	0.5451881	0.643899	0.356101	4.072679
49470	-1485.263	-1579.411	94.14776	0.6346022	0.619922	0.534254	0.465746	5.436629
49476	-1484.926	-1579.156	94.2304	0.5852144	0.6944725	0.530123	0.469877	5.362326
49482	-1479.706	-1575.211	95.50501	0.5333827	0.51093	0.452024	0.547976	4.832503
49488	-1480.377	-1574.971	94.59433	0.5480103	0.51093	0.588615	0.411385	5.329473
49494	-1488.822	-1583.486	94.66367	0.6282097	0.4247006	0.436466	0.563534	5.329473
49500	-1492.11	-1586.901	94.79113	0.5339742	0.4070043	0.380318	0.619682	5.329473
49506	-1494.792	-1589.823	95.03091	0.5488142	0.5918724	0.341805	0.658195	5.018146
49512	-1492.547	-1588.431	95.88424	0.8596808	0.4630055	0.336959	0.663041	4.482519
49518	-1488.768	-1584.247	95.47884	0.7229909	0.3578044	0.487383	0.512617	4.897778
49524	-1497.887	-1593.82	95.93336	0.5713069	0.3578044	0.416681	0.583319	4.728805
49530	-1490.836	-1587.266	96.42952	0.6279875	0.4770851	0.360191	0.639809	4.291844
49536	-1494.879	-1590.889	96.01	0.6724154	0.7791436	0.548531	0.451469	4.260856
49644	-1481.694	-1579.114	97.4194	1.049395	0.6372298	0.531548	0.468452	3.337234
49650	-1483.092	-1579.865	96.77283	0.9860678	0.8311751	0.530917	0.469083	3.609029
49656	-1481.55	-1578.799	97.24893	1.021737	0.4650121	0.459394	0.540606	3.609029
49662	-1484.972	-1582.372	97.4001	1.021737	0.437567	0.420594	0.579406	3.549486
49668	-1491.256	-1586.85	95.59437	0.9255077	0.423933	0.500339	0.499661	4.647753
49674	-1492.227	-1587.909	95.68262	0.9166483	0.9247194	0.480978	0.519022	4.214861
49680	-1479.621	-1576.335	96.71455	0.9166483	0.6446647	0.51611	0.48389	3.818195
49686	-1487.689	-1584.24	96.55087	0.9077335	0.9099738	0.444979	0.555021	3.732256
49692	-1484.643	-1581.194	96.55137	0.8561791	0.6938339	0.473572	0.526428	3.908674
49698	-1479.396	-1573.986	94.58959	0.7636203	0.5904137	0.413033	0.586967	5.144957
49704	-1476.803	-1569.347	92.54453	0.5498428	0.5357016	0.44271	0.55729	6.427264
49740	-1495.471	-1590.615	95.14477	0.5956999	0.6795746	0.376379	0.623621	4.860606
49746	-1486.459	-1580.636	94.17749	0.489801	0.4258632	0.597923	0.402077	5.671823
50034	-1497.044	-1591.319	94.27499	0.4487367	0.657735	0.423057	0.576943	5.439969
50040	-1493.954	-1588.581	94.62706	0.6320436	0.7794205	0.438972	0.561028	5.058102
50046	-1502.763	-1597.113	94.34989	0.5573838	0.7076908	0.496212	0.503788	5.30227
50052	-1491.652	-1587.717	96.06556	0.5995028	0.5883759	0.496212	0.503788	4.413898
50058	-1491.433	-1586.656	95.2227	0.6660126	0.453527	0.438647	0.561353	4.970076
50154	-1490.481	-1585.328	94.8472	0.6365526	0.6229007	0.442071	0.557929	5.0466
50160	-1492.427	-1588.094	95.66707	0.6307913	0.6801634	0.413362	0.586638	4.548312
50166	-1495.711	-1591.823	96.11232	0.4821534	0.4818622	0.433738	0.566262	4.548312
50172	-1494.186	-1589.002	94.81637	0.5801658	0.4818622	0.433971	0.566029	5.215747
50178	-1502.202	-1598.122	95.92023	0.7313594	0.6489009	0.470038	0.529962	4.372906
50184	-1492.22	-1587.341	95.12097	0.6412319	0.4803708	0.470038	0.529962	5.014508
50190	-1493.547	-1589.83	96.28317	0.4940811	0.4834977	0.479274	0.520726	4.443932
50196	-1490.15	-1586.208	96.05739	0.482444	0.4757478	0.482187	0.517813	4.584845
50202	-1491.502	-1586.51	95.00758	0.6888295	0.6598585	0.416092	0.583908	4.899902
50208	-1482.507	-1578.011	95.50382	0.7051019	0.5731186	0.446155	0.553845	4.682902
50214	-1489.178	-1583.345	94.16689	0.5373	0.575051	0.472072	0.527928	5.515656
50220	-1472.656	-1568.765	96.10856	0.6286477	0.4726361	0.540254	0.459746	4.476915
50226	-1474.611	-1567.786	93.17468	0.6071014	0.4726361	0.449418	0.550582	6.110133
50232	-1474.88	-1570.278	95.39801	0.6071014	0.4534351	0.401834	0.598166	4.90541
50238	-1489.503	-1582.87	93.36757	0.6644744	0.7139958	0.409658	0.590342	5.778864
50244	-1484.774	-1580.106	95.33201	0.6644744	0.6647198	0.602943	0.397057	4.728804
50250	-1486.534	-1581.757	95.22314	0.93502	0.7530749	0.454857	0.545143	4.574361
50256	-1482.7	-1575.812	93.11215	0.648144	0.5245654	0.51012	0.48988	6.074956
50262	-1480.475	-1575.316	94.84114	0.6203616	0.4949345	0.341654	0.658346	5.167646
50268	-1475.387	-1568.933	93.54563	0.6666501	0.7564092	0.476905	0.523095	5.650926
50274	-1480.344	-1574.359	94.01499	0.5306766	0.5571571	0.407535	0.592465	5.61763
50280	-1494.674	-1591.329	96.6554	0.925784	0.7580598	0.356034	0.643966	3.762027
50286	-1486.29	-1582.723	96.43215	0.925784	0.6921772	0.376374	0.623626	3.938347
50292	-1488.892	-1585.421	96.52908	0.8581697	0.702932	0.485517	0.514483	3.913511
50298	-1492.967	-1588.6	95.63263	0.7172417	0.5374623	0.493993	0.506007	4.634634
50304	-1503.855	-1597.817	93.96185	0.8638184	0.8334823	0.498748	0.501252	5.262947
50310	-1495.764	-1591.716	95.9516	0.8935154	0.5495291	0.569808	0.430192	4.345381
50316	-1491.733	-1589.153	97.41932	0.8396491	0.546474	0.546909	0.453091	3.538053
50322	-1482.301	-1578.521	96.21964	0.8809647	0.5866138	0.458558	0.541442	4.168872
50328	-1499.243	-1594.257	95.01366	0.9382117	0.711795	0.404258	0.595742	4.719069
50334	-1486.948	-1581.39	94.44211	0.6801619	0.6968421	0.477147	0.522853	5.191234
50340	-1484.88	-1578.583	93.70294	0.4496492	0.5481108	0.500426	0.499574	5.840606
50346	-1489.848	-1584.31	94.46293	0.6587236	0.5175494	0.440972	0.559028	5.334966
50352	-1488.917	-1584.335	95.41759	0.6892591	0.35429	0.397382	0.602618	4.954711
50358	-1474.914	-1568.776	93.86146	0.5039719	0.6071185	0.399629	0.600371	5.675777
50364	-1476.803	-1571.671	94.86757	0.5818941	0.6489682	0.533705	0.466295	5.045454
50370	-1484.479	-1580.056	95.57669	0.8552509	0.4549508	0.533705	0.466295	4.665593
50376	-1476.505	-1572.082	95.57714	0.8042472	0.4526923	0.567487	0.432513	4.69613
50382	-1493.171	-1588.828	95.65682	1.05515	0.6246201	0.436603	0.563397	4.357914
50388	-1487.76	-1584.826	97.06539	1.05515	0.6298168	0.436603	0.563397	3.547029
50394	-1487.135	-1583.388	96.25255	0.8233121	0.7518053	0.398871	0.601129	4.056181
50400	-1486.503	-1582.472	95.96886	0.8343562	0.5044192	0.398871	0.601129	4.409632
50406	-1482.694	-1578.818	96.12446	0.7669238	0.503778	0.480931	0.519069	4.360468
50412	-1488.042	-1583.819	95.77652	0.6205387	0.5899088	0.403751	0.596249	4.56343
50418	-1481.455	-1575.132	93.67703	0.4202522	0.6204636	0.3809	0.6191	5.812182
50424	-1490.651	-1584.339	93.68798	0.5619498	0.7188261	0.422629	0.577371	5.656097
50430	-1481.971	-1578.434	96.46254	0.5619498	0.5895632	0.584759	0.415241	4.20962
50436	-1483.449	-1579.372	95.92344	0.6151331	0.5294375	0.386274	0.613726	4.535853
50442	-1498.551	-1593.797	95.24633	0.4468994	0.4633511	0.577792	0.422208	5.069048
50448	-1499.414	-1591.962	92.54776	0.5077584	0.4649228	0.525128	0.474872	6.511768
50454	-1487.691	-1582.756	95.06579	0.7860041	0.5375048	0.379729	0.620271	4.91278
50460	-1484.238	-1581.421	97.18299	0.7985603	0.4987648	0.440702	0.559298	3.743201
50466	-1489.13	-1584.997	95.86665	0.7581451	0.5525803	0.418531	0.581469	4.466985
50472	-1484.349	-1580.05	95.70105	0.5096521	0.6118251	0.409337	0.590663	4.6501
50478	-1478.472	-1574.632	96.1593	0.8567458	0.4915715	0.438058	0.561942	4.301447
50484	-1486.483	-1582.641	96.15802	0.6395827	0.6743327	0.381367	0.618633	4.270856
50490	-1494.034	-1590.587	96.55311	0.7634904	0.737832	0.410431	0.589569	3.928513
50496	-1492.108	-1587.449	95.34087	0.6430517	0.5158435	0.532469	0.467531	4.858426
50502	-1481.428	-1575.777	94.34896	0.4455455	0.4476078	0.464515	0.535485	5.580344
50508	-1487.339	-1582.872	95.53271	0.5867473	0.5083639	0.444076	0.555924	4.789604
50514	-1484.969	-1579.695	94.72517	0.4596453	0.6720644	0.516651	0.483349	5.174759
50520	-1483.627	-1578.009	94.38158	0.4751709	0.5707032	0.488578	0.511422	5.435299
50526	-1480.219	-1573.004	92.78472	0.4751709	0.5707032	0.45809	0.54191	6.308198
50532	-1482.3	-1577.258	94.95847	0.2376986	0.5707032	0.526961	0.473039	5.248065
50538	-1481.538	-1576.377	94.83887	0.2233486	0.4775724	0.504694	0.495306	5.404312
50544	-1487.428	-1580.142	92.71422	0.5066673	0.6298931	0.574142	0.425858	6.282642
50550	-1489.426	-1583.86	94.43366	0.687746	0.6753192	0.606226	0.393774	5.207434
50556	-1490.66	-1585.289	94.62869	0.5252424	0.5941229	0.418387	0.581613	5.252187
50562	-1492.462	-1584.503	92.04165	0.5037707	0.5369455	0.418387	0.581613	6.723275
50568	-1479.172	-1573.084	93.91259	0.7121289	0.6423491	0.461955	0.538045	5.50607
50574	-1475.577	-1569.844	94.26781	0.5728486	0.6427435	0.415145	0.584855	5.386888
50580	-1487.852	-1582.214	94.36228	0.5728486	0.5770337	0.560283	0.439717	5.386888
50586	-1487.338	-1582.396	95.05834	0.8409233	0.664958	0.560283	0.439717	4.782944
50592	-1489.654	-1585.618	95.96351	0.7651634	0.5983873	0.386649	0.613351	4.36973
50598	-1478.54	-1574.817	96.27643	0.907322	0.6422396	0.386649	0.613351	4.076301
50604	-1474.983	-1570.957	95.9732	0.8366866	0.558287	0.577565	0.422435	4.357669
50610	-1485.624	-1581.272	95.64748	0.8823902	1.138405	0.577565	0.422435	4.135436
50616	-1481.93	-1576.042	94.1118	0.6202113	0.6403102	0.410495	0.589505	5.448593
50622	-1495.046	-1588.774	93.72786	0.8486244	0.4030225	0.410495	0.589505	5.745141
50628	-1486.599	-1582.454	95.85537	0.7541219	0.3312427	0.410495	0.589505	4.701818
50634	-1482.751	-1577.949	95.19786	0.8329412	0.6095452	0.389615	0.610385	4.752588
50640	-1485.437	-1581.572	96.13557	0.8329412	0.5178213	0.386149	0.613851	4.303944
50646	-1484.553	-1582.061	97.5078	0.8056538	0.5178213	0.46361	0.53639	3.53274
50652	-1488.759	-1582.617	93.85871	0.3686276	0.6228367	0.604141	0.395859	5.739152
50658	-1481.976	-1578.036	96.05966	0.6616449	0.6589017	0.443396	0.556604	4.325799
50664	-1495.612	-1592.762	97.14963	0.8182884	0.7591532	0.44065	0.55935	3.537177
50670	-1483.029	-1579.238	96.20936	0.8182884	0.688894	0.416636	0.583364	4.129325
50676	-1492.802	-1589.616	96.81399	0.7631638	0.7430143	0.36897	0.63103	3.775076
50694	-1492.267	-1588.092	95.82454	0.5616245	0.5021301	0.519692	0.480308	4.646163
50700	-1484.915	-1579.027	94.11207	0.5538327	0.4708578	0.511903	0.488097	5.628555
50706	-1483.687	-1579.706	96.01829	0.5972995	0.5695009	0.535214	0.464786	4.457642
50712	-1491.271	-1588.774	97.50296	1.062125	0.6669266	0.514901	0.485099	3.256505
50718	-1489.425	-1587.11	97.68491	0.9381882	0.6224525	0.514901	0.485099	3.258523
50724	-1489.513	-1585.31	95.79657	0.8596145	0.7713984	0.603195	0.396805	4.281005
50730	-1482.003	-1577.604	95.60081	0.7811129	0.6592046	0.398276	0.601724	4.5169
50736	-1482.437	-1578.125	95.68815	0.7025971	0.4639255	0.398276	0.601724	4.679844
50742	-1489.266	-1583.627	94.36102	0.5299481	0.606816	0.398276	0.601724	5.387131
50748	-1488.6	-1583.148	94.54785	0.5806249	0.4573257	0.424522	0.575478	5.387131
50754	-1489.905	-1583.238	93.33353	0.3920243	0.565925	0.47947	0.52053	6.058808
50760	-1493.191	-1588.106	94.91452	0.5050272	0.6735611	0.644622	0.355378	5.04355
50766	-1510.719	-1606.261	95.54231	0.74674	0.4809589	0.699171	0.300829	4.720355
50790	-1504.24	-1598.088	93.84845	0.6842533	0.4394869	0.342094	0.657906	5.731943
50796	-1502.903	-1597.697	94.79421	0.6842533	0.5139466	0.421491	0.578509	5.140954
50802	-1492.437	-1588.688	96.25087	0.9099423	0.759659	0.450532	0.549468	4.002173
50808	-1497.308	-1594.699	97.39077	0.9099423	0.4884267	0.450532	0.549468	3.568321
50814	-1485.666	-1580.436	94.76971	0.6971228	0.4556248	0.373163	0.626837	5.201964
50820	-1481.609	-1576.157	94.54831	0.6971228	0.6761877	0.496075	0.503925	5.138143
50826	-1473.354	-1568.239	94.88429	0.6971228	0.6956594	0.483876	0.516124	4.937362
50832	-1479.621	-1574.191	94.57028	0.6991112	0.5761182	0.433664	0.566336	5.203084
50838	-1473.81	-1567.614	93.80444	0.5967798	0.4903941	0.433664	0.566336	5.755443
50844	-1473.68	-1568.285	94.60489	0.7031926	0.6887013	0.404695	0.595305	5.094231
50850	-1478.336	-1573.801	95.4647	0.7641725	0.5885823	0.423083	0.576917	4.658846
50856	-1479.686	-1573.493	93.80615	0.8528957	0.7072975	0.416796	0.583204	5.439406
50862	-1479.686	-1573.724	94.0375	0.5311421	0.7596926	0.482687	0.517313	5.452891
50868	-1483.737	-1578.477	94.74016	0.7527212	0.5384165	0.335407	0.664593	5.111331
50874	-1480.459	-1575.91	95.45044	0.6172824	0.5645239	0.61817	0.38183	4.769113
50880	-1482.309	-1576.944	94.63553	0.5347787	0.6879437	0.434677	0.565323	5.171107
50886	-1477.427	-1573.228	95.80026	0.848007	0.5495814	0.468898	0.531102	4.45638
50892	-1481.15	-1576.806	95.65544	0.7473388	0.6735182	0.581492	0.418508	4.494314
50898	-1483.658	-1579.473	95.81528	0.7473388	0.6335978	0.508336	0.491664	4.435057
50904	-1481.724	-1575.879	94.15582	0.57575	0.4167629	0.517476	0.482524	5.645855
50910	-1481.709	-1577.482	95.77271	0.3896311	0.6425429	0.507737	0.492263	4.652952
50916	-1476.329	-1572.097	95.7683	0.6322841	0.4499318	0.528292	0.471708	4.688127
50922	-1474.045	-1569.418	95.37282	0.6385122	0.4861712	0.429315	0.570685	4.870456
50928	-1482.546	-1578.551	96.00534	0.538138	0.6186374	0.465409	0.534591	4.457721
50934	-1495.836	-1591.377	95.54138	0.5384764	0.6444086	0.354856	0.645144	4.69769
50940	-1491.181	-1586.133	94.95168	0.8240593	0.893366	0.551428	0.448572	4.69769
50946	-1488.296	-1583.419	95.12324	0.8608049	0.7695056	0.566485	0.433515	4.660712
50952	-1477.405	-1572.829	95.42399	0.6970041	0.6864262	0.36629	0.63371	4.642889
50958	-1477.538	-1572.691	95.15273	0.8503788	0.9138724	0.57858	0.42142	4.557833
50964	-1479.021	-1573.784	94.76264	0.5812462	0.7799646	0.461908	0.538092	5.010672
50970	-1484.593	-1579.9	95.3073	0.5358571	0.5659904	0.461908	0.538092	4.893117
50976	-1479.989	-1576.181	96.19184	0.5433471	0.5659904	0.521685	0.478315	4.393218
50982	-1478.851	-1574.739	95.8885	0.6151242	0.6004778	0.528915	0.471085	4.49485
50988	-1476.526	-1571.536	95.0102	0.6151242	0.5241869	0.421528	0.578472	5.050387
50994	-1472.434	-1568.069	95.63429	0.6151242	0.614065	0.523238	0.476762	4.626607
51000	-1478.339	-1574.019	95.68053	0.6058353	0.5886094	0.421834	0.578166	4.626607
51006	-1479.543	-1574.892	95.3488	0.7385131	0.6004114	0.43542	0.56458	4.72838
51012	-1484.475	-1580.426	95.95088	0.8519669	0.5093869	0.34939	0.65061	4.405246
51018	-1495.929	-1592.17	96.24059	0.8398612	0.5465554	0.34939	0.65061	4.214759
51024	-1481.539	-1574.88	93.34091	0.6594283	0.5465554	0.469668	0.530332	5.925119
51030	-1482.253	-1577.14	94.88775	0.5535855	0.6272094	0.48796	0.51204	5.066761
51036	-1479.25	-1575.004	95.75346	0.5793629	0.6272094	0.45085	0.54915	4.569348
51042	-1484.216	-1578.507	94.29132	0.5631319	0.6023743	0.582077	0.417923	5.41079
51048	-1490.382	-1584.322	93.94	0.590588	0.5155882	0.500012	0.499988	5.661815
51054	-1500.67	-1594.12	93.44982	0.6000247	0.6243085	0.607863	0.392137	5.835151
51060	-1499.896	-1594.522	94.62559	0.7144879	0.5453926	0.348646	0.651354	5.189911
51066	-1489.055	-1583.949	94.89367	0.6344726	0.433587	0.55977	0.44023	5.189911
51072	-1492.092	-1585.522	93.42952	0.548791	0.5450153	0.410339	0.589661	5.938455
51078	-1512.202	-1607.487	95.28515	0.483274	0.6083773	0.441587	0.558413	4.899878
51084	-1490.976	-1585.533	94.5574	0.5063129	0.6083773	0.484276	0.515724	5.290593
51090	-1491.021	-1584.071	93.05066	0.6334556	0.5733884	0.509768	0.490232	6.075257
51096	-1487.857	-1582.76	94.90375	0.5635829	0.5116014	0.633881	0.366119	5.149228
51102	-1495.059	-1587.965	92.90616	0.336183	0.5141519	0.573943	0.426057	6.365689
51108	-1482.336	-1575.726	93.3901	0.4074819	0.5141519	0.56611	0.43389	6.063774
51114	-1491.429	-1584.33	92.90047	0.4870839	0.512035	0.614622	0.385378	6.288718
51120	-1484.282	-1578.509	94.22752	0.7668844	0.4549354	0.454589	0.545411	5.463293
51126	-1485.608	-1581.213	95.60526	0.8060905	0.7827565	0.54641	0.45359	4.411597
51132	-1486.195	-1581.807	95.6118	1.027732	0.7968843	0.388095	0.611905	4.273151
51138	-1494.493	-1589.656	95.16336	0.986758	0.6198911	0.462601	0.537399	4.677584
51144	-1480.576	-1575.187	94.61167	0.5605383	0.6828482	0.547893	0.452107	5.173783
51150	-1479.368	-1574.055	94.68684	0.5135862	0.6617884	0.401775	0.598225	5.173783
51156	-1477.608	-1572.775	95.16662	0.52606	0.611043	0.408216	0.591784	4.939901
51162	-1488.137	-1584.993	96.8556	0.9388297	0.9147944	0.49739	0.50261	3.534548
51168	-1487.838	-1585.135	97.29734	0.9635567	0.5274768	0.327588	0.672412	3.554324
51174	-1490.076	-1586.398	96.32154	0.8226455	0.533471	0.474975	0.525025	4.190222
51180	-1502.39	-1598.756	96.36629	0.941758	0.4670212	0.440358	0.559642	4.159582
51186	-1495.843	-1592.392	96.54888	0.8794661	0.5165278	0.440358	0.559642	4.043909
51192	-1485.707	-1577.285	91.57808	0.8123892	0.6455391	0.383577	0.616423	6.720658
51198	-1478.006	-1572.394	94.38781	0.8123892	0.4684451	0.50054	0.49946	5.336886
51204	-1485.245	-1579.948	94.70282	0.7612791	0.6022995	0.381779	0.618221	5.073878
51210	-1483.742	-1579.626	95.8845	0.8885328	0.6583702	0.381779	0.618221	4.296952
51216	-1494.692	-1591.723	97.03028	0.8885328	0.6497554	0.390516	0.609484	3.648098
51222	-1481.187	-1577.491	96.30412	0.8045522	0.4358306	0.65338	0.34662	4.304019
51228	-1486.22	-1582.114	95.89384	0.8927562	0.8138615	0.424792	0.575208	4.17844
51354	-1484.96	-1580.149	95.18842	0.5360386	0.5785688	0.403496	0.596504	4.94865
51360	-1495.834	-1590.716	94.88132	0.4879838	0.6730439	0.506274	0.493726	5.071808
51366	-1486.786	-1581.338	94.55192	0.6466477	0.7716708	0.501666	0.498334	5.096869
51372	-1485.881	-1581.734	95.85334	0.8309122	0.5753284	0.499054	0.500946	4.41401
51378	-1485.963	-1579.881	93.91764	0.4630362	0.5750253	0.53537	0.46463	5.693277
51384	-1494.37	-1588.802	94.43225	0.5908491	0.4804213	0.318239	0.681761	5.42319
51390	-1484.264	-1578.05	93.78588	0.5217011	0.5584269	0.506165	0.493835	5.747095
51396	-1478.992	-1572.666	93.67378	0.3704375	0.5121667	0.506165	0.493835	5.930996
51402	-1474.431	-1568.166	93.73441	0.397111	0.5121667	0.470914	0.529086	5.88331
51408	-1479.093	-1573.977	94.88359	0.6439718	0.5836198	0.517907	0.482093	5.053865
51414	-1482.264	-1577.299	95.03553	0.6226636	0.5858452	0.448495	0.551505	4.979484
51420	-1492.874	-1588.759	95.88449	0.6448867	0.5509509	0.503389	0.496611	4.52208
51426	-1488.732	-1583.568	94.83574	0.6946449	0.7988151	0.535563	0.464437	4.894459
51432	-1488.282	-1583.195	94.91303	0.559601	0.6521247	0.484513	0.515487	5.030189
51438	-1507.359	-1602.587	95.22789	0.559601	0.6477325	0.47533	0.52467	4.858397
51444	-1485.455	-1581.493	96.03866	0.5904309	0.5777704	0.336745	0.663255	4.443046
51450	-1479.623	-1574.912	95.28891	0.5447831	0.5619017	0.375887	0.624113	4.901844
51456	-1487.788	-1582.896	95.10829	0.7149957	0.7307307	0.51197	0.48803	4.777452
51462	-1487.478	-1581.984	94.50558	0.7368339	0.5775057	0.568424	0.431576	5.216858
51468	-1487.073	-1582.095	95.02186	0.7368339	0.6399185	0.34343	0.65657	4.880465
51474	-1492.885	-1587.3	94.41519	0.7858346	0.5139791	0.580648	0.419352	5.294348
52452	-1486.993	-1581.934	94.94136	0.613114	0.5080585	0.346749	0.653251	5.104148
52458	-1475.391	-1570.127	94.7358	0.5118457	0.6376801	0.374878	0.625122	5.165971
52464	-1477.662	-1573.703	96.04099	0.8323422	0.5844122	0.382776	0.617224	4.299572
52470	-1483.579	-1579.696	96.11677	0.6479581	0.5252678	0.382776	0.617224	4.412287
52476	-1485.51	-1581.606	96.0957	0.8269511	0.6085731	0.312306	0.687694	4.251675
52482	-1481.249	-1578.107	96.85729	0.9150636	0.7475835	0.563589	0.436411	3.659026
52488	-1499.845	-1596.663	96.81809	0.8623241	0.824444	0.47255	0.52745	3.659026
52620	-1489.866	-1583.52	93.65411	0.484423	0.5201588	0.520851	0.479149	5.872414
52626	-1489.075	-1584.661	95.58605	0.4356361	0.4317083	0.425473	0.574527	4.917944
52632	-1489.783	-1584.85	95.06692	0.4191097	0.5895542	0.425473	0.574527	5.072038
52638	-1487.804	-1582.934	95.13038	0.5691072	0.4567034	0.66095	0.33905	5.072038
52644	-1491.822	-1585.38	93.55787	0.5793543	0.6354146	0.460776	0.539224	5.778812
52650	-1489.984	-1584.62	94.63599	0.705977	0.6354146	0.566949	0.433051	5.115477
52656	-1487.654	-1582.511	94.85776	0.5963921	0.6354146	0.456443	0.543557	5.053268
52662	-1487.314	-1582.001	94.68687	0.6047775	0.5063775	0.49433	0.50567	5.251133
52668	-1498.688	-1595.055	96.36696	0.6047775	0.720976	0.422098	0.577902	4.137501
52674	-1499.03	-1594.878	95.84815	0.6250334	0.441808	0.618662	0.381338	4.655617
52680	-1489.011	-1581.81	92.79879	0.390259	0.5976185	0.479567	0.520433	6.325007
52686	-1481.386	-1575.998	94.6125	0.5650752	0.5994875	0.479567	0.520433	5.234791
52692	-1484.425	-1579.447	95.02253	0.643827	0.7733243	0.484317	0.515683	4.835669
52698	-1475.916	-1569.723	93.80663	0.5198264	0.6983903	0.389748	0.610252	5.628571
52704	-1480.604	-1575.622	95.01767	0.5816824	0.5599049	0.55335	0.44665	5.033824
52710	-1470.951	-1564.483	93.53161	0.4091324	0.5509031	0.452844	0.547156	5.953979
52716	-1474.789	-1568.546	93.75688	0.6168745	0.3893509	0.328783	0.671217	5.870565
52722	-1473.851	-1569.174	95.32295	0.604385	0.4768678	0.445109	0.554891	4.926025
52728	-1472.665	-1567.329	94.66398	0.5535665	0.5512158	0.500691	0.499309	5.252677
52734	-1482.445	-1576.325	93.8801	0.4180448	0.5812494	0.538389	0.461611	5.733411
52740	-1479.291	-1573.748	94.45687	0.3914884	0.6231004	0.360598	0.639402	5.397793
52746	-1481.915	-1575.783	93.8679	0.4753686	0.4606602	0.414937	0.585063	5.815024
52752	-1485.291	-1578.734	93.44366	0.4753686	0.6744452	0.522492	0.477508	5.869003
52758	-1484.786	-1580.496	95.71056	0.6267066	0.6744452	0.522492	0.477508	4.530454
52764	-1488.612	-1583.407	94.79495	0.5068229	0.7552311	0.428615	0.571385	5.050763
52770	-1488.032	-1582.424	94.39227	0.3902786	0.5620306	0.44082	0.55918	5.483371
52776	-1488.973	-1582.999	94.02556	0.6491647	0.6774598	0.589483	0.410517	5.452323
52782	-1488.271	-1582.618	94.34691	0.5640187	0.5332123	0.519879	0.480121	5.43732
52788	-1491.977	-1586.412	94.43482	0.5317241	0.5130468	0.414312	0.585688	5.424482
52794	-1489.965	-1584.468	94.50253	0.5628023	0.5626253	0.43944	0.56056	5.327071
52800	-1490.358	-1585.093	94.73483	0.5188801	0.6250737	0.43944	0.56056	5.172396
52806	-1494.708	-1589.265	94.55767	0.68786	0.6308843	0.490117	0.509883	5.172396
52812	-1493.956	-1587.08	93.12417	0.4187241	0.6946504	0.502277	0.497723	6.059698
52818	-1487.94	-1581.855	93.91435	0.3590681	0.546358	0.565665	0.434335	5.775988
52824	-1488.709	-1583.093	94.38325	0.607211	0.5726425	0.567238	0.432762	5.360015
52830	-1488.952	-1583.682	94.73049	0.5750137	0.3885199	0.396983	0.603017	5.360015
52836	-1490.295	-1583.23	92.9341	0.4866429	0.444241	0.564287	0.435713	6.333546
52842	-1489.171	-1584.364	95.19244	0.6251211	0.5414183	0.527814	0.472186	4.928421
52848	-1486.626	-1580.975	94.3483	0.3446357	0.5262	0.450978	0.549022	5.563343
52854	-1474.194	-1567.879	93.68497	0.2840893	0.5014398	0.362303	0.637697	5.981608
52860	-1478.27	-1573.432	95.16245	0.5972522	0.5148696	0.362303	0.637697	4.984092
52866	-1479.156	-1574.127	94.97067	0.5892644	0.5885079	0.600846	0.399154	5.031886
52872	-1492.832	-1586.222	93.3904	0.4426641	0.5108569	0.362776	0.637224	6.047352
52878	-1486.975	-1580.606	93.63028	0.3821643	0.4324572	0.413467	0.586533	6.023249
52884	-1479.903	-1573.475	93.57147	0.2196325	0.5657187	0.453404	0.546596	6.023249
52890	-1483.969	-1577.522	93.55232	0.2387841	0.5657187	0.402385	0.597615	6.023249
52896	-1488.398	-1581.865	93.46696	0.3118966	0.5738373	0.332799	0.667201	6.023249
52902	-1480.901	-1575.048	94.14717	0.2585172	0.5575872	0.540782	0.459218	5.69405
52908	-1479.584	-1573.454	93.86966	0.5360285	0.5575872	0.540782	0.459218	5.69405
52914	-1476.205	-1570.458	94.25286	0.4407363	0.6588683	0.540782	0.459218	5.455707
53124	-1493.317	-1590.204	96.88683	0.8311564	0.4041178	0.496875	0.503125	3.991211
53190	-1493.299	-1588.171	94.87261	0.6494942	0.8480713	0.491369	0.508631	4.867363
53196	-1490.757	-1586.34	95.58283	0.8167051	0.5180361	0.455131	0.544869	4.624132
53202	-1497.009	-1591.615	94.60561	0.692386	0.661798	0.390229	0.609771	5.119742
53208	-1497.678	-1592.277	94.59826	0.5155052	0.661798	0.515331	0.484669	5.221717
53214	-1486.372	-1579.882	93.51008	0.4090109	0.5785241	0.403708	0.596292	5.942914
53220	-1491.708	-1586.762	95.05368	0.6933101	0.7879762	0.514581	0.485419	4.78085
53226	-1480.312	-1575.847	95.53409	0.6933101	0.6881715	0.464755	0.535245	4.581926
53232	-1475.495	-1571.38	95.8846	0.6382747	0.4888153	0.44523	0.55477	4.581926
53238	-1483.18	-1578.114	94.93442	0.9294668	0.6875733	0.44523	0.55477	4.785852
53244	-1497.901	-1592.038	94.13671	0.729166	0.6794579	0.395415	0.604585	5.345527
53274	-1482.918	-1580.068	97.14928	3.546133	0.7775641	0.438372	0.561628	0.05196341
53280	-1477.814	-1575.278	97.46362	3.546133	0.5506321	0.454123	0.545877	0.0523028
53286	-1487.396	-1584.444	97.04816	3.546133	0.8700999	0.454123	0.545877	0.0523028
53292	-1498.379	-1592.193	93.81391	0.4889517	0.4924276	0.473767	0.526233	5.807416
53298	-1486.008	-1579.725	93.71678	0.3483661	0.6497235	0.448412	0.551588	5.807416
53304	-1487.853	-1582.437	94.58462	0.544047	0.5186992	0.39441	0.60559	5.330073
53310	-1497.066	-1594.913	97.84634	3.415827	0.559497	0.471933	0.528067	0.07081822
53316	-1500.5	-1598.56	98.05948	3.415827	0.4239041	0.391856	0.608144	0.06963579
53322	-1500.736	-1595.603	94.86765	0.5580007	0.4410735	0.595771	0.404229	5.239084
53328	-1496.593	-1591.565	94.97175	0.5481361	0.5086909	0.478079	0.521921	5.122743
53334	-1500.09	-1597.298	97.20782	0.618442	0.5009129	0.370942	0.629058	3.830613
53550	-1494.684	-1589.069	94.38513	0.3864897	0.4817836	0.581671	0.418329	5.560253
53556	-1485.96	-1579.927	93.96708	0.5514633	0.4524487	0.421221	0.578779	5.726992
53562	-1489.761	-1583.543	93.78147	0.6078638	0.5295217	0.421221	0.578779	5.726992
53568	-1497.049	-1591.19	94.1414	0.4735658	0.6848038	0.419898	0.580102	5.479846
54654	-1499.329	-1594.674	95.34507	0.5444965	0.395055	0.479419	0.520581	5.029804
54672	-1500.311	-1595.037	94.72542	0.6888318	0.7313876	0.518582	0.481418	5.004802
54678	-1493.984	-1588.491	94.507	0.5391851	0.7046657	0.484302	0.515698	5.227687
54684	-1491.166	-1586.284	95.11804	0.6829317	0.6664138	0.535712	0.464288	4.836698
54690	-1478.582	-1572.784	94.20211	0.5948716	0.6014742	0.427854	0.572146	5.443161
54696	-1492.763	-1586.873	94.10993	0.5290863	0.7175809	0.435933	0.564067	5.443161
54702	-1492.619	-1586.733	94.11469	0.6405999	0.4506078	0.435933	0.564067	5.598945
54708	-1484.25	-1577.542	93.29218	0.8544585	0.9439459	0.408892	0.591108	5.570494
54714	-1473.615	-1568.472	94.85715	0.670442	0.7076818	0.508561	0.491439	4.958616
54720	-1486.919	-1581.17	94.25104	0.3370678	0.5859355	0.423086	0.576914	5.570545
54726	-1484.668	-1578.837	94.16933	0.4895355	0.4609573	0.423651	0.576349	5.641852
54732	-1475.816	-1571.285	95.46807	0.7037859	0.4267249	0.547205	0.452795	4.839386
54738	-1489.045	-1583.973	94.9284	0.8240562	1.049487	0.677267	0.322733	4.621247
54744	-1484.427	-1580.121	95.69363	0.8836657	0.6899332	0.283655	0.716345	4.383709
54750	-1484.957	-1582.134	97.17727	0.8836657	0.4344475	0.41291	0.58709	3.761825
54756	-1482.201	-1578.206	96.00557	0.8768145	0.4512175	0.472365	0.527635	4.41621
54762	-1475.733	-1572.822	97.0885	0.7795256	0.5115752	0.483585	0.516415	3.796518
54768	-1474.521	-1570.895	96.37348	0.9101788	0.4957817	0.36808	0.63192	4.145689
54774	-1486.113	-1581.565	95.45125	0.8126772	1.190182	0.476136	0.523864	4.260187
54780	-1473.621	-1569.471	95.84936	0.8789247	0.6705725	0.478768	0.521232	4.312939
54786	-1473.485	-1569.016	95.53053	0.9038743	0.6959696	0.402815	0.597185	4.459805
54792	-1475.074	-1570.176	95.10167	0.77318	0.5774243	0.530475	0.469525	4.865875
54798	-1481.165	-1576.94	95.77512	0.6666391	0.6275632	0.438053	0.561947	4.507858
54804	-1493.993	-1586.32	92.32719	0.6820512	0.6275632	0.473128	0.526872	6.399303
54810	-1483.601	-1578.734	95.13298	0.5950229	0.4838095	0.473128	0.526872	5.030255
54816	-1474.907	-1570.147	95.24001	0.6528436	0.486295	0.605193	0.394807	4.936305
54822	-1476.218	-1571.453	95.23494	0.6288942	0.5249967	0.575847	0.424153	4.917116
54828	-1472.622	-1567.225	94.60291	0.61693	0.4736466	0.455982	0.544018	5.321101
54834	-1473.55	-1568.455	94.90479	0.61693	0.4736466	0.538175	0.461825	5.154234
54840	-1475.559	-1571.088	95.52896	0.8100911	0.4745285	0.539427	0.460573	4.698524
54846	-1476.613	-1572.419	95.80658	0.7018107	0.6159664	0.46813	0.53187	4.479616
54852	-1477.451	-1573.146	95.6955	0.7018107	0.5362205	0.350919	0.649081	4.609137
54858	-1481.906	-1576.755	94.84894	0.7471453	0.5832757	0.47163	0.52837	5.016107
54864	-1482.217	-1577	94.78279	0.5680389	0.7256084	0.529218	0.470782	5.044075
55080	-1495.372	-1589.904	94.53135	0.6926329	0.7928243	0.411081	0.588919	5.068699
55086	-1506.181	-1601.662	95.48045	0.4938284	0.5050467	0.547615	0.452385	4.873602
55164	-1482.235	-1578.094	95.85923	0.5135889	0.6461103	0.472719	0.527281	4.532087
55170	-1480.911	-1578.596	97.68539	0.8389697	0.6461103	0.472719	0.527281	3.297278
55176	-1485.499	-1582.293	96.79392	0.9993439	0.6461103	0.472719	0.527281	3.723623
55182	-1483.676	-1581.639	97.96232	1.108016	0.7628744	0.432735	0.567265	2.881113
55188	-1487.845	-1584.136	96.29113	1.023999	0.875254	0.517753	0.482247	3.836688
55194	-1491.478	-1589.011	97.53325	0.9137044	0.6496522	0.527468	0.472532	3.339978
55200	-1481.287	-1578.256	96.96884	0.6098951	0.6277576	0.487465	0.512535	3.861903
55206	-1481.68	-1576.044	94.3641	0.7571714	0.7722106	0.45924	0.54076	5.13934
55212	-1477.751	-1573.837	96.08582	0.9709675	0.5839355	0.45924	0.54076	4.196007
55218	-1475.171	-1571.194	96.02362	0.9709675	0.8748382	0.534958	0.465042	4.020603
55224	-1474.306	-1570.965	96.65856	0.7462999	0.606449	0.459721	0.540279	3.978955
55230	-1480.606	-1576.575	95.96846	0.7462999	0.606449	0.38442	0.61558	4.370985
55236	-1475.061	-1570.949	95.88843	0.869693	0.7524625	0.372959	0.627041	4.236381
55242	-1475.266	-1571.367	96.10161	0.9100933	0.6888824	0.380368	0.619632	4.138406
55248	-1473.501	-1568.772	95.27103	0.8763286	0.8039707	0.392687	0.607313	4.546003
55254	-1485.972	-1582.415	96.44295	0.8807186	0.5074224	0.489538	0.510462	4.112
55260	-1486.844	-1581.082	94.2378	0.4532873	0.7229501	0.556466	0.443534	5.410718
55266	-1488.107	-1582.725	94.61795	0.607839	0.6724569	0.47834	0.52166	5.151785
55272	-1484.395	-1578.998	94.60313	0.6136193	0.4135381	0.406771	0.593229	5.382405
55278	-1484.37	-1579.113	94.74295	0.8534841	0.5487091	0.407348	0.592652	5.044999
55284	-1484.07	-1580.719	96.64913	0.7246458	0.8276717	0.431765	0.568235	3.833813
55290	-1484.576	-1580.589	96.01323	0.7624717	0.5688836	0.523753	0.476247	4.367879
55296	-1482.549	-1577.314	94.76501	0.6971313	0.622353	0.41324	0.58676	5.059022
55302	-1487.101	-1580.911	93.81	0.5103815	0.5796349	0.470587	0.529413	5.722545
55308	-1482.541	-1580.041	97.50045	0.8962917	0.617147	0.470587	0.529413	3.396155
55314	-1487.863	-1585.271	97.40775	1.021672	0.5945131	0.441901	0.558099	3.396155
55800	-1511.448	-1607.617	96.16927	0.6354423	0.3937938	0.495644	0.504356	4.520027
55806	-1493.111	-1587.277	94.16624	0.6354423	0.575238	0.508946	0.491054	5.461868
55854	-1493.165	-1589.464	96.299	0.8845928	0.4228623	0.43967	0.56033	4.275098
55860	-1496.572	-1593.336	96.76441	0.9941785	0.8555834	0.43967	0.56033	3.593119
55866	-1502.847	-1597.459	94.61201	1.073413	0.7162326	0.421574	0.578426	4.864638
55872	-1493.071	-1587.898	94.8268	1.102059	1.00285	0.466604	0.533396	4.547924
55878	-1492.743	-1590.357	97.61431	0.9872484	0.5374154	0.466604	0.533396	3.345923
55884	-1485.749	-1579.707	93.95787	0.7407331	0.5447592	0.389161	0.610839	5.544154
55890	-1484.791	-1581.645	96.85462	1.094413	0.6265361	0.476043	0.523957	3.649302
55896	-1488.035	-1581.975	93.93939	0.6342745	0.6153481	0.504062	0.495938	5.555005
55902	-1500.284	-1594.436	94.15234	1.049243	0.6320744	0.504062	0.495938	5.195795
55908	-1504.407	-1598.2	93.79299	0.939407	1.037256	0.447746	0.552254	5.195795
55920	-1496.494	-1589.699	93.20491	0.6735534	0.7242999	0.499916	0.500084	5.855686
55926	-1484.927	-1579.566	94.6394	0.5110579	0.54445	0.442972	0.557028	5.295527
55932	-1483.724	-1577.984	94.25999	0.4589552	0.4866821	0.537535	0.462465	5.584633
55938	-1481.508	-1575.626	94.11845	0.4018416	0.5457364	0.447805	0.552195	5.641229
55944	-1494.53	-1589.311	94.78079	0.6904748	0.5457364	0.420258	0.579742	5.116976
55950	-1484.563	-1579.418	94.855	0.6745501	0.4338203	0.420258	0.579742	5.188898
55956	-1492.387	-1588.513	96.1262	0.6617329	0.5799612	0.518276	0.481724	4.35159
55962	-1489.97	-1584.835	94.8652	0.4735625	0.5713185	0.441376	0.558624	5.168687
55968	-1486.762	-1580.899	94.13699	0.5542897	0.6690499	0.46925	0.53075	5.449408
55974	-1479.601	-1572.934	93.33323	0.6332846	0.7580983	0.391162	0.608838	5.784448
55980	-1478.449	-1573.072	94.62239	0.5557992	0.5857846	0.391162	0.608838	5.245562
55986	-1483.32	-1579.299	95.97952	0.5349881	0.4815541	0.391162	0.608838	4.5935
55992	-1481.243	-1576.979	95.73595	0.7617262	0.3936687	0.51134	0.48866	4.692375
55998	-1473.916	-1569.001	95.08432	0.7408975	0.519738	0.452321	0.547679	4.943296
56004	-1486.318	-1580.214	93.89618	0.6765563	0.5482733	0.538197	0.461803	5.610292
56010	-1482.133	-1576.651	94.51746	0.469672	0.5973687	0.711873	0.288127	5.341663
56016	-1482.354	-1577.131	94.77753	0.4468823	0.4497096	0.510679	0.489321	5.341663
56022	-1486.132	-1579.99	93.85792	0.5521269	0.6259303	0.458612	0.541388	5.636595
56028	-1486.248	-1582.004	95.75627	0.6897225	0.6466105	0.558228	0.441772	4.490554
56034	-1478.538	-1574.405	95.86606	0.8006878	0.639722	0.44702	0.55298	4.371509
56040	-1475.291	-1570.685	95.39428	0.6171689	0.5251033	0.42037	0.57963	4.83478
56046	-1484.069	-1579.021	94.95167	0.6171689	0.5345909	0.300972	0.699028	5.072557
56052	-1482.986	-1578.087	95.10185	0.6333494	0.5817838	0.383274	0.616726	4.940014
56058	-1482.767	-1578.546	95.77953	0.6532411	0.5885595	0.565924	0.434076	4.544489
56064	-1472.389	-1566.896	94.50745	0.6545	0.5013397	0.39845	0.60155	5.327329
56070	-1474.251	-1568.965	94.71333	0.5460913	0.5002954	0.505963	0.494037	5.274467
56076	-1477.621	-1572.88	95.25932	0.6738056	0.5175754	0.490202	0.509798	4.885171
56082	-1482.562	-1577.464	94.90201	0.6787786	0.5175754	0.574164	0.425836	5.080989
56088	-1480.673	-1573.581	92.90808	0.5489338	0.445414	0.611036	0.388964	6.31271
56094	-1489.981	-1584.813	94.832	0.552748	0.4441123	0.526564	0.473436	5.258664
56100	-1478.509	-1573.78	95.27147	0.5975033	0.6743202	0.454492	0.545508	4.792835
56106	-1477.743	-1572.251	94.50885	0.4449227	0.5119161	0.537073	0.462927	5.432531
56112	-1476.769	-1570.75	93.98083	0.4395274	0.5119161	0.537073	0.462927	5.725499
56118	-1474.701	-1569.812	95.11188	0.7921467	0.4799537	0.517499	0.482501	4.936065
56124	-1472.166	-1566.802	94.63541	0.6124332	0.5238902	0.441029	0.558971	5.259669
56130	-1479.963	-1576.053	96.08969	0.6761557	0.5154842	0.526951	0.473049	4.420524
56136	-1493.246	-1589.107	95.86091	0.8481765	0.5154842	0.462178	0.537822	4.452507
56142	-1485.774	-1580.359	94.58491	0.5819269	0.7240527	0.462178	0.537822	5.147175
56148	-1485.122	-1579.125	94.00233	0.6115249	0.7240527	0.483932	0.516068	5.452477
56160	-1490.85	-1585.764	94.91431	0.6935324	0.689764	0.524366	0.475634	4.926963
56166	-1486.02	-1580.135	94.11543	0.6252486	0.6380932	0.340499	0.659501	5.445519
56172	-1481.962	-1577.831	95.86879	0.623562	0.4673673	0.435179	0.564821	4.619572
56178	-1483.31	-1577.738	94.42828	0.6243208	0.5811952	0.476473	0.523527	5.31868
56184	-1489.857	-1584.19	94.33353	0.7616487	0.7585224	0.471437	0.528563	5.16303
56190	-1478.14	-1572.723	94.58278	0.5761644	0.7030094	0.537394	0.462606	5.166493
56196	-1478.438	-1573.448	95.00941	0.5617523	0.3663916	0.570175	0.429825	5.23783
56202	-1471.233	-1566.802	95.569	0.745943	0.5848798	0.465676	0.534324	4.613676
56208	-1476.62	-1570.79	94.17	0.5938031	0.8783094	0.455228	0.544772	5.269312
56214	-1475.845	-1569.713	93.86861	0.6068269	0.4597777	0.382699	0.617301	5.743531
56220	-1469.719	-1565.024	95.3048	0.6868061	0.5980464	0.393199	0.606801	4.783779
56226	-1475.151	-1571.502	96.35052	0.8998079	0.5790334	0.545741	0.454259	4.0901
56232	-1476.493	-1570.793	94.30042	0.7752161	0.6530545	0.510588	0.489412	5.249377
56238	-1478.936	-1574.597	95.66132	0.7752161	0.665996	0.444413	0.555587	4.481003
56244	-1478.926	-1573.863	94.93694	0.7408934	0.7750981	0.534296	0.465704	4.828069
56250	-1471.002	-1567.163	96.161	0.8606493	0.5528827	0.311877	0.688123	4.242555
56256	-1476.159	-1571.495	95.33636	0.8879218	0.3515801	0.370629	0.629371	4.892517
56262	-1484.315	-1577.726	93.41134	0.8309399	0.6530225	0.52099	0.47901	5.707949
56268	-1486.996	-1581.57	94.57419	0.7307774	0.5090532	0.568555	0.431445	5.241355
56274	-1480.528	-1574.925	94.39764	0.6099713	0.5791673	0.519849	0.480151	5.34517
56280	-1489.018	-1585.421	96.40339	0.7401999	0.6851458	0.516079	0.483921	4.066111
56286	-1482.241	-1577.997	95.75597	0.5393297	0.5373712	0.516079	0.483921	4.665289
56292	-1478.462	-1574.799	96.33683	0.9423724	0.5434316	0.588865	0.411135	4.104571
56298	-1489.596	-1585.817	96.22032	0.8308274	0.5147812	0.395593	0.604407	4.259944
56304	-1488.278	-1584.11	95.83213	0.7160385	0.5671982	0.473552	0.526448	4.497545
56310	-1497.248	-1590.6	93.35231	0.5551513	0.7043693	0.455644	0.544356	5.853805
56316	-1486.584	-1581.501	94.91685	0.7143368	0.832235	0.496865	0.503135	4.816589
56322	-1490.969	-1586.832	95.8631	0.7143368	0.6124263	0.523692	0.476308	4.44359
56328	-1493.348	-1588.189	94.84099	0.6649993	0.6280196	0.458416	0.541584	5.030248
56334	-1482.676	-1577.451	94.775	0.772242	0.7298124	0.310085	0.689915	4.93197
56340	-1479.65	-1574.647	94.99724	0.5002386	0.7298124	0.389251	0.610749	4.959652
56346	-1479.063	-1574.164	95.10097	0.6597154	0.652152	0.426678	0.573322	4.869954
56352	-1475.928	-1570.243	94.31545	0.7071762	0.652152	0.427818	0.572182	5.279347
56358	-1478.074	-1571.883	93.80859	0.5809601	0.5630172	0.406367	0.593633	5.69835
56364	-1477.756	-1572.576	94.82041	0.4899544	0.4882524	0.558537	0.441463	5.257415
56370	-1475.561	-1571.118	95.55736	0.796288	0.5166301	0.483346	0.516654	4.651123
56376	-1478.559	-1572.807	94.24803	0.9223395	0.52525	0.502946	0.497054	5.301253
56382	-1483.983	-1577.355	93.37159	0.6546512	0.4803047	0.487248	0.512752	5.969723
56388	-1480.073	-1573.926	93.85358	0.6684607	0.5555151	0.41635	0.58365	5.631979
56394	-1480.968	-1575.594	94.62589	0.5230865	0.47878	0.529364	0.470636	5.355354
56400	-1487.696	-1582.006	94.31018	0.5214206	0.4830003	0.464085	0.535915	5.526154
56406	-1499.774	-1593.453	93.67947	0.5959401	0.6894376	0.581152	0.418848	5.66301
56412	-1496.656	-1591.12	94.46449	0.3683932	0.525628	0.357812	0.642188	5.486908
56418	-1489.82	-1583.459	93.63878	0.6950383	0.5690596	0.523332	0.476668	5.723871
56424	-1490.873	-1584.431	93.55816	0.6267823	0.8777554	0.554436	0.445564	5.588451
56430	-1480.908	-1574.334	93.42633	0.5217091	0.6947938	0.484225	0.515775	5.838433
56436	-1490.215	-1583.754	93.53941	0.4277211	0.6803126	0.478721	0.521279	5.838433
56442	-1489.483	-1584.6	95.11702	0.6320059	0.7623326	0.381815	0.618185	4.797003
56448	-1493.493	-1587.624	94.13152	0.6320059	0.7623326	0.457714	0.542286	5.343721
56454	-1482.994	-1578.457	95.46271	0.6259188	0.5801661	0.439191	0.560809	4.744288
56460	-1490.428	-1585.492	95.06315	0.5586384	0.8457343	0.393292	0.606708	4.813251
56466	-1491.236	-1587.277	96.04098	0.6625529	0.5044148	0.353312	0.646688	4.465807
56472	-1483.843	-1581.461	97.61769	0.7976058	0.5044148	0.505633	0.494367	3.486089
56478	-1486.309	-1581.925	95.61593	0.7263727	0.6816107	0.483658	0.516342	4.522261
56484	-1486.461	-1581.461	95.00042	0.6071819	0.6985182	0.384203	0.615797	4.920719
56490	-1478.377	-1572.308	93.93134	0.6243573	0.5713116	0.475832	0.524168	5.600324
56496	-1476.728	-1570.727	93.99827	0.5574312	0.5713116	0.429583	0.570417	5.600324
56502	-1474.017	-1568.775	94.75741	0.520594	0.6126564	0.381419	0.618581	5.168721
56508	-1476.079	-1571.134	95.05517	0.4974961	0.6628495	0.527413	0.472587	4.977618
56514	-1481.287	-1577.458	96.1709	0.712474	0.44203	0.558209	0.441791	4.42491
56520	-1473.747	-1568.788	95.04089	0.7462228	0.5475342	0.375259	0.624741	4.940063
56526	-1478.114	-1573.5	95.38665	0.6309715	0.7481137	0.458476	0.541524	4.656609
56532	-1489.504	-1584.068	94.56394	0.706646	0.7046762	0.484354	0.515646	5.103456
56538	-1475.173	-1568.815	93.64219	0.235733	0.4805165	0.484354	0.515646	6.050416
56544	-1480.953	-1574.582	93.62891	0.3105825	0.5786104	0.463915	0.536085	5.9317
56550	-1483.907	-1577.786	93.87891	0.1337015	0.5310504	0.453513	0.546487	5.9317
56556	-1487.551	-1581.761	94.21045	0.2133743	0.5310504	0.467923	0.532077	5.706768
56574	-1491.376	-1584.73	93.35421	0.4484387	0.4450334	0.413979	0.586021	6.125155
56580	-1492.116	-1587.009	94.8932	0.7844214	0.6441918	0.452308	0.547692	4.922311
56586	-1478.223	-1571.807	93.58426	0.7339305	0.489156	0.590117	0.409883	5.802027
56592	-1485.404	-1578.701	93.29657	0.5539248	0.489156	0.546304	0.453696	6.057409
56598	-1492.702	-1589.217	96.51502	0.8038886	0.5903756	0.599084	0.400916	4.041423
56604	-1499.07	-1594.764	95.69365	0.9524567	0.6183527	0.538438	0.461562	4.400104
56610	-1488.878	-1584.657	95.77828	0.7794435	0.4798539	0.466529	0.533471	4.570868
56616	-1486.594	-1581.28	94.68596	0.5358169	0.5617081	0.521444	0.478556	5.241446
56622	-1501.881	-1601.024	99.14245	1.335194	0.5589192	0.454916	0.545084	2.176109
56628	-1502.327	-1601.834	99.5075	1.214273	0.4462171	0.43886	0.56114	2.138344
56634	-1500.977	-1596.032	95.05552	0.8313299	0.4785538	0.37588	0.62412	4.946948
56640	-1477.238	-1573.111	95.87307	0.775298	0.4785538	0.460998	0.539002	4.52119
56646	-1479.57	-1574.061	94.49156	0.6769712	0.540427	0.45475	0.54525	5.28902
57264	-1478.626	-1572.637	94.0109	0.7086185	0.7060647	0.473515	0.526485	5.406976
57270	-1486.439	-1583.136	96.69748	0.7606942	0.4871382	0.473515	0.526485	4.054545
57276	-1479.894	-1575.402	95.5078	0.8941744	0.5464745	0.453814	0.546186	4.597525
57282	-1479.535	-1574.032	94.49712	0.8941744	0.6577684	0.525401	0.474599	5.071051
57288	-1479.633	-1574.494	94.861	0.5303569	0.65772	0.525401	0.474599	5.071051
57294	-1477.429	-1572.511	95.08225	0.6941826	0.465355	0.438571	0.561429	5.020937
57300	-1482.437	-1577.241	94.80427	0.6249377	0.6351529	0.456056	0.543944	5.067311
57306	-1484.504	-1579.673	95.16905	0.3929483	0.5449926	0.430741	0.569259	5.067311
57312	-1479.642	-1574.654	95.01235	0.4316483	0.4367879	0.444791	0.555209	5.233229
57318	-1480.99	-1577.104	96.11385	0.7065927	0.4309387	0.448357	0.551643	4.471707
57324	-1477.033	-1571.938	94.90444	0.5600951	0.5729652	0.524773	0.475227	5.097641
57330	-1477.373	-1571.147	93.7742	0.4542098	0.6629019	0.485121	0.514879	5.708183
57336	-1484.413	-1576.891	92.47799	0.480115	0.628092	0.438623	0.561377	6.426626
57342	-1485.611	-1579.231	93.62038	0.6748117	0.5205637	0.52633	0.47367	5.786381
57348	-1476.375	-1570.669	94.2937	0.4898053	0.7348241	0.454671	0.545329	5.351503
57354	-1478.854	-1572.922	94.06885	0.4186938	0.5899959	0.569092	0.430908	5.622475
57360	-1476.476	-1570.533	94.05686	0.416046	0.6849992	0.485375	0.514625	5.55781
57366	-1490.666	-1583.391	92.72521	0.1505981	0.768593	0.485375	0.514625	6.371737
57372	-1497.205	-1592.087	94.88172	0.2622717	0.5438374	0.679044	0.320956	5.299625
57378	-1495.299	-1589.688	94.38903	0.2578992	0.5029484	0.336113	0.663887	5.609299
57384	-1489.419	-1583.294	93.87496	0.5169448	0.7262076	0.613252	0.386748	5.573019
57390	-1478.074	-1571.163	93.08921	0.5586214	0.5729707	0.434053	0.565947	6.095364
57396	-1492.892	-1588.188	95.2965	0.715537	0.4990032	0.526317	0.473683	4.858114
57402	-1496.562	-1591.758	95.19639	0.7485319	0.6668315	0.340718	0.659282	4.756033
57408	-1491.45	-1584.55	93.09996	0.628861	0.9369207	0.448167	0.551833	5.803578
57414	-1478.29	-1571.949	93.65992	0.7110058	0.4462891	0.428316	0.571684	5.813809
57420	-1482.455	-1578.371	95.91614	0.8406376	0.5905575	0.428316	0.571684	4.360331
57426	-1476.76	-1571.236	94.47662	0.7296171	0.5554134	0.428316	0.571684	5.255351
57432	-1484.691	-1580.906	96.21513	0.8978171	0.4291455	0.485704	0.514296	4.308511
57438	-1486.554	-1581.253	94.69937	0.8261713	0.6800184	0.340329	0.659671	4.979898
57462	-1491.06	-1585.362	94.30252	0.4884844	0.7050293	0.499638	0.500362	5.368317
57468	-1485.559	-1580.394	94.83482	0.7286792	0.8445108	0.45274	0.54726	4.846536
57474	-1486.921	-1582.558	95.63762	0.6635373	0.4784063	0.535036	0.464964	4.716015
57480	-1481.534	-1577.014	95.47973	0.4481967	0.5865581	0.497472	0.502528	4.828718
57486	-1482.21	-1576.426	94.21532	0.3403017	0.508735	0.468823	0.531177	5.654196
57492	-1481.822	-1575.925	94.1025	0.3397655	0.5815163	0.468823	0.531177	5.654196
57498	-1487.656	-1582.612	94.95672	0.2190978	0.5815163	0.362072	0.637928	5.250371
57504	-1486.989	-1580.379	93.39001	0.5321485	0.5536184	0.507495	0.492505	5.96184
57510	-1491.313	-1585.95	94.63688	0.547819	0.4974699	0.507495	0.492505	5.318309
57516	-1490.953	-1587.07	96.1173	0.5611303	0.490783	0.538529	0.461471	4.492659
57522	-1491.662	-1586.694	95.03172	0.5569387	0.6488629	0.42773	0.57227	4.968215
57528	-1498.185	-1593.387	95.2027	0.5278964	0.5513447	0.42773	0.57227	4.968215
57534	-1490.17	-1585.507	95.33686	0.5063784	0.6002352	0.39992	0.60008	4.864761
57540	-1478.549	-1573.961	95.41169	0.6219417	0.4328818	0.465354	0.534646	4.910099
57546	-1488.857	-1583.827	94.96908	0.2897869	0.5715536	0.58595	0.41405	5.212697
57564	-1492.269	-1588.408	96.1397	0.7302998	0.8130493	0.421007	0.578993	4.131572
57642	-1495.738	-1589.505	93.76717	0.4535474	0.5427657	0.507043	0.492957	5.807891
57648	-1496.698	-1590.346	93.64724	0.6573679	0.4908613	0.366148	0.633852	5.807891
58044	-1490.441	-1585.051	94.60973	0.6908289	0.4554777	0.470575	0.529425	5.293996
58050	-1484.113	-1579.586	95.47327	0.8214983	0.4395882	0.426956	0.573044	4.75767
58056	-1481.404	-1577.808	96.40385	0.6540531	0.4759879	0.409356	0.590644	4.292682
58794	-1504.508	-1600.081	95.57255	1.243329	0.7791113	0.406724	0.593276	4.185183
58812	-1480.587	-1577.145	96.55756	0.9128245	0.898721	0.501656	0.498344	3.732459
58818	-1491.175	-1586.35	95.17516	1.099856	0.5205863	0.524715	0.475285	4.69158
58824	-1485.492	-1580.759	95.26706	0.8025884	0.659833	0.562675	0.437325	4.69158
58830	-1484.841	-1580.3	95.45903	0.6710424	0.6258144	0.562675	0.437325	4.684109
58836	-1485.326	-1579.993	94.66741	0.4935998	0.6015502	0.562675	0.437325	5.242293
58842	-1489.028	-1582.194	93.16655	0.5140353	0.5825148	0.599291	0.400709	6.069753
58848	-1481.405	-1575.73	94.32473	0.6233233	0.6275568	0.5807	0.4193	5.339356
58854	-1478.021	-1573.009	94.98772	0.646599	0.4664029	0.503669	0.496331	5.098776
58860	-1467.813	-1562.731	94.91741	0.6531833	0.5041392	0.520891	0.479109	5.098776
58866	-1466.867	-1561.937	95.06988	0.628538	0.546244	0.417769	0.582231	4.99049
58872	-1478.286	-1572.996	94.71046	0.5486512	0.541302	0.510391	0.489609	5.238215
58878	-1473.899	-1570.739	96.83912	0.5392662	0.4446078	0.517998	0.482002	4.142063
58884	-1480.719	-1575.118	94.39943	0.6165514	0.4878061	0.416802	0.583198	5.420228
58890	-1490.482	-1585.844	95.36209	0.6008909	0.3947198	0.521789	0.478211	4.989386
58896	-1487.186	-1583.113	95.92661	0.6189776	0.3818308	0.595079	0.404921	4.678601
58992	-1486.721	-1584.766	98.04523	1.226073	0.8562022	0.463073	0.536927	2.692061
58998	-1497.126	-1595.293	98.1668	1.189336	1.084957	0.559433	0.440567	2.494162
59004	-1485.871	-1583.292	97.42155	1.055523	0.6002936	0.511091	0.488909	3.363249
59010	-1488.475	-1585.759	97.28415	1.055523	0.9072238	0.573252	0.426748	3.219269
59016	-1486.733	-1582.407	95.67414	1.066601	0.9584183	0.37656	0.62344	4.114445
59022	-1489.122	-1584.74	95.61836	0.5833584	0.6851142	0.37656	0.62344	4.598602
59028	-1495.254	-1590.478	95.22457	0.7584946	0.4465264	0.453632	0.546368	4.924523
59094	-1497.592	-1592.932	95.33969	0.547957	0.3886553	0.40427	0.59573	5.037809
59100	-1493.44	-1587.061	93.62114	0.6940412	0.6339828	0.628014	0.371986	5.682424
59106	-1483.105	-1580.894	97.7889	1.112459	0.3982879	0.591357	0.408643	3.311835
59112	-1484.649	-1581.813	97.16394	1.112459	0.6071228	0.559205	0.440795	3.474982
59118	-1489.481	-1587.661	98.18022	1.112459	0.879524	0.411179	0.588821	2.662981
59124	-1488.667	-1585.337	96.67068	1.076761	0.8742923	0.379358	0.620642	3.587486
59130	-1491.506	-1588.208	96.70249	0.958773	0.4580199	0.599579	0.400421	3.967142
59136	-1487.482	-1584.797	97.31517	0.9613997	0.7205281	0.423043	0.576957	3.385003
59400	-1507.559	-1602.409	94.85078	0.6875532	0.3817462	0.422638	0.577362	5.238864
59406	-1488.655	-1582.958	94.30308	0.7467926	0.6410566	0.419522	0.580478	5.272743
59412	-1491.962	-1586.9	94.93806	0.69592	0.4369839	0.430621	0.569379	5.12789
59418	-1492.191	-1588.11	95.91963	0.69592	0.5647686	0.563159	0.436841	4.461697
59424	-1495.454	-1590.629	95.17543	0.69592	0.8133248	0.46339	0.53661	4.694617
59430	-1486.826	-1582.898	96.0721	0.6678093	0.454039	0.554564	0.445436	4.493636
59436	-1480.977	-1576.164	95.18684	0.6610743	0.5725601	0.487536	0.512464	4.884946
59442	-1482.399	-1576.316	93.91705	0.5170024	0.6730324	0.56959	0.43041	5.587896
59448	-1480.482	-1576.163	95.68085	0.4850422	0.5814359	0.409455	0.590545	4.700027
59454	-1497.811	-1591.194	93.38266	0.5103984	0.6793918	0.487361	0.512639	5.879593
59544	-1488.239	-1583.134	94.89542	0.6996942	0.6035986	0.555522	0.444478	5.000107
59550	-1487.162	-1582.561	95.39898	0.6334772	0.6160059	0.518769	0.481231	4.746489
59556	-1487.075	-1582.098	95.02255	0.7065245	0.6501444	0.452288	0.547712	4.889098
59562	-1504.329	-1600.709	96.38028	0.772425	0.6561231	0.624352	0.375648	4.083123
59568	-1490.027	-1583.754	93.72704	0.4382417	0.6690362	0.551035	0.448965	5.738237
59574	-1485.911	-1581.265	95.35385	0.7042158	0.7154852	0.502187	0.497813	4.656981
59580	-1481.231	-1576.105	94.87424	0.7329223	0.4545372	0.364259	0.635741	5.125336
59586	-1478.23	-1573.055	94.82478	0.5278022	0.6152856	0.374254	0.625746	5.125336
59592	-1488.009	-1584.015	96.00642	0.7518048	0.6647494	0.518272	0.481728	4.300437
59598	-1488.226	-1584.517	96.29071	0.9282261	0.5183221	0.452645	0.547355	4.161495
59604	-1483.023	-1579.68	96.65687	0.9282261	0.6608406	0.452645	0.547355	3.831976
59610	-1502.473	-1599.29	96.81635	0.940284	0.3733017	0.611667	0.388333	4.003737
59616	-1488.714	-1586.654	97.93939	1.04162	0.4883015	0.384959	0.615041	3.168926
59622	-1487.626	-1584.398	96.7719	0.9046258	0.5620864	0.475908	0.524092	3.86094
59628	-1478.931	-1574.649	95.71798	0.603252	0.4191381	0.459417	0.540583	4.763874
59634	-1483.351	-1578.257	94.90587	0.7285059	0.7548313	0.462125	0.537875	4.866081
59640	-1476.714	-1571.906	95.19262	0.7641612	0.6941873	0.447541	0.552459	4.729093
59646	-1490.853	-1587.872	97.01909	0.8500474	0.7413521	0.430105	0.569895	3.607407
59652	-1485.898	-1582.313	96.41457	0.9193081	0.7409515	0.645989	0.354011	3.916376
59658	-1487.505	-1582.09	94.58508	0.7873983	0.6654219	0.604386	0.395614	5.07573
59664	-1494.759	-1589.381	94.62222	0.9485551	0.6409533	0.536241	0.463759	4.984226
59670	-1484.733	-1578.889	94.15596	0.4939584	0.6409533	0.478088	0.521912	5.493276
59676	-1488.352	-1582.742	94.38995	0.3893736	0.552389	0.514536	0.485464	5.493276
59682	-1500.462	-1595.41	94.94753	0.6415269	0.4786729	0.362741	0.637259	5.11217
59688	-1487.735	-1584.126	96.39021	0.6415269	0.6086286	0.495245	0.504755	4.189754
59694	-1482.611	-1578.546	95.93494	0.6750909	0.6036751	0.412264	0.587736	4.432325
59700	-1490.707	-1584.436	93.72934	0.3308632	0.5405006	0.549969	0.450031	5.897576
59706	-1482.805	-1577.465	94.66001	0.5207757	0.485948	0.532722	0.467278	5.331105
59712	-1487.986	-1583.745	95.75871	0.5870348	0.4144991	0.532722	0.467278	4.755037
59718	-1478.398	-1574.343	95.94498	0.7941083	0.5704758	0.459658	0.540342	4.387193
59724	-1480.576	-1576.885	96.30819	0.7797099	0.5535702	0.483535	0.516465	4.204381
59730	-1477.587	-1574.057	96.46937	0.809887	0.5802659	0.404921	0.595079	4.072565
59736	-1475.502	-1570.032	94.52976	0.5421282	0.6453475	0.389773	0.610227	5.257298
59742	-1478.053	-1572.636	94.58247	0.6248857	0.4505327	0.401725	0.598275	5.350263
59748	-1474.904	-1571.656	96.75219	0.676081	0.6407116	0.401725	0.598275	3.937819
59754	-1483.861	-1580.934	97.07311	0.8148172	0.6825795	0.420241	0.579759	3.640339
59760	-1487.569	-1583.087	95.51806	0.9011503	0.6463339	0.591586	0.408414	4.505836
59766	-1475.76	-1569.14	93.37982	0.6039688	0.5105801	0.424363	0.575637	5.965396
59772	-1468.862	-1564.651	95.78873	0.6101938	0.5283997	0.392147	0.607853	4.615168
59778	-1474.795	-1569.435	94.63995	0.3482875	0.5479736	0.457807	0.542193	5.382
59784	-1473.591	-1567.782	94.19077	0.4747436	0.5479736	0.524575	0.475425	5.559595
59790	-1476.754	-1574.082	97.32778	0.7905176	0.3975522	0.524575	0.475425	3.768689
59796	-1488.558	-1583.863	95.30531	0.7692312	0.4816837	0.5098	0.4902	4.839453
59814	-1487.664	-1579.789	92.12588	0.3036187	0.5986615	0.498558	0.501442	6.735458
59820	-1478.926	-1572.229	93.30248	0.4933701	0.5986615	0.341217	0.658783	5.99397
59826	-1475.349	-1569.262	93.91281	0.6344832	0.6465088	0.431024	0.568976	5.545476
59832	-1478.34	-1573.092	94.75185	0.7714834	0.6465088	0.525531	0.474469	5.006315
59838	-1483.271	-1576.475	93.2043	0.3566301	0.6216359	0.569888	0.430112	6.104023
59844	-1485.026	-1578.553	93.52775	0.4452925	0.8279479	0.487	0.513	5.735424
59850	-1493.909	-1590.097	96.18811	0.5963349	0.5409741	0.508107	0.491893	4.387155
59856	-1475.156	-1569.804	94.64729	0.5880022	0.5501192	0.508107	0.491893	5.243806
59862	-1488.703	-1583.379	94.67564	0.5880022	0.5319945	0.378045	0.621955	5.243806
59868	-1494.823	-1589.721	94.89828	0.8591452	0.5374006	0.364938	0.635062	4.965374
59874	-1490.951	-1587.209	96.25799	0.8765025	0.5056966	0.416657	0.583343	4.221093
59880	-1483.336	-1578.404	95.0676	0.5002818	0.5088862	0.54033	0.45967	5.095967
59886	-1486.24	-1581.116	94.87633	0.7106325	0.6855415	0.485199	0.514801	4.941673
59892	-1489.985	-1585.185	95.20014	0.6473449	0.403554	0.498211	0.501789	5.044058
59898	-1490.543	-1584.473	93.9291	0.4862768	0.6645191	0.620515	0.379485	5.604438
59904	-1485.016	-1580.555	95.53919	0.6179072	0.447848	0.357682	0.642318	4.826246
59910	-1488.424	-1583.415	94.9912	0.8244798	0.890145	0.549437	0.450563	4.677297
59916	-1485.149	-1579.579	94.4295	0.6907479	0.9997547	0.475376	0.524624	5.001283
59922	-1486.136	-1580.05	93.91365	0.4991141	0.4907306	0.475376	0.524624	5.748811
59928	-1487.068	-1582.491	95.4237	0.4468535	0.5184265	0.553865	0.446135	4.919245
59934	-1490.357	-1585.939	95.58186	0.6325864	0.5844842	0.4506	0.5494	4.670319
59940	-1489.913	-1584.654	94.74051	0.5807522	0.6629519	0.434244	0.565756	5.105983
59946	-1509.962	-1604.08	94.11804	0.3459043	0.5802633	0.434244	0.565756	5.643328
59952	-1504.53	-1599.248	94.71744	0.2971088	0.465	0.434244	0.565756	5.442498
59958	-1487.353	-1581.603	94.24999	0.4855998	0.6457217	0.483215	0.516785	5.442498
59964	-1487.585	-1583.434	95.84877	0.7048075	0.5293282	0.584012	0.415988	4.527516
59970	-1490.034	-1584.263	94.22904	0.3013756	0.49792	0.404052	0.595948	5.67778
59976	-1484.762	-1580.233	95.47067	0.5247485	0.6824169	0.374872	0.625128	4.716159
59982	-1479.24	-1574.246	95.00615	0.5247485	0.6024251	0.559322	0.440678	5.036707
59988	-1479.935	-1575.22	95.2846	0.7280463	0.5946073	0.471651	0.528349	4.77483
59994	-1485.832	-1581.418	95.5858	0.6505481	0.5946073	0.357684	0.642316	4.649706
60000	-1485.111	-1580.931	95.81986	0.7809281	0.7768236	0.451322	0.548678	4.308642
60006	-1485.112	-1579.575	94.46365	0.603039	0.5169517	0.502416	0.497584	5.365814
60012	-1480.782	-1575.634	94.85187	0.5309698	0.5060872	0.502416	0.497584	5.200977
60018	-1486.873	-1581.441	94.56805	0.4572512	0.5036074	0.500639	0.499361	5.400615
60024	-1492.225	-1587.277	95.05193	0.5738892	0.6559961	0.459216	0.540784	4.942119
60030	-1494.619	-1588.766	94.14631	0.6210512	0.593392	0.555104	0.444896	5.465955
60036	-1486.643	-1579.62	92.97663	0.6155496	0.3949178	0.536698	0.463302	6.290455
60042	-1483.958	-1576.508	92.54908	0.6934044	0.6046387	0.42283	0.57717	6.290455
60048	-1478.615	-1573.229	94.61355	0.6993006	0.713355	0.42283	0.57717	5.073816
60054	-1475.849	-1570.539	94.69041	0.761088	0.6111086	0.42283	0.57717	5.073816
60060	-1478.922	-1575.663	96.74162	0.7168615	0.5410144	0.4442	0.5558	4.004473
60066	-1476.884	-1573.652	96.76725	0.9645516	0.5410144	0.462767	0.537233	3.847866
60072	-1478.955	-1576.017	97.06121	0.8557765	0.5409403	0.385825	0.614175	3.741287
60078	-1477.005	-1571.63	94.6257	0.6045038	0.6161441	0.464548	0.535452	5.192414
60084	-1480.149	-1576.06	95.91131	0.722256	0.4710284	0.489868	0.510132	4.536757
60090	-1472.063	-1569.211	97.14801	0.722256	0.423388	0.525523	0.474477	3.883199
60096	-1472.158	-1567.873	95.71537	0.4646647	0.494112	0.388678	0.611322	4.768913
60102	-1465.37	-1560.749	95.3797	0.6737953	0.5456246	0.559112	0.440888	4.793268
60108	-1476.801	-1573.197	96.39598	0.7713983	0.4383387	0.404143	0.595857	4.268214
60114	-1472.42	-1568.337	95.91695	0.8336208	0.8810243	0.455296	0.544704	4.155727
60120	-1474.318	-1571.143	96.82531	0.8336208	0.699151	0.455296	0.544704	3.760141
60126	-1479.049	-1573.338	94.28983	0.4858722	0.5152705	0.590973	0.409027	5.527508
60132	-1480.282	-1575.415	95.13262	0.4183924	0.5152705	0.541592	0.458408	5.099562
60138	-1468.912	-1563.694	94.78136	0.6037991	0.6251022	0.493318	0.506682	5.099562
60144	-1484.332	-1580.559	96.22706	0.7248385	0.6231332	0.404154	0.595846	4.223312
60150	-1488.889	-1584.699	95.81006	0.9083161	0.5572752	0.532774	0.467226	4.410194
60156	-1479.203	-1575.841	96.63857	0.7307258	0.5441427	0.374726	0.625274	4.052596
60162	-1479.211	-1575.114	95.90338	0.7830717	0.6730337	0.407583	0.592417	4.334721
60168	-1488.461	-1586.372	97.91141	1.027282	0.5085612	0.445181	0.554819	3.17412
60174	-1482.941	-1579.908	96.96709	1.027282	0.5050541	0.460784	0.539216	3.729816
60180	-1488.574	-1583.998	95.42402	1.004584	0.6722813	0.489201	0.510799	4.480715
60186	-1480.744	-1575.567	94.82362	0.862966	0.8254583	0.463073	0.536927	4.79002
60192	-1479.479	-1576.945	97.46615	0.7467378	0.5857923	0.487856	0.512144	3.530191
60198	-1488.829	-1583.81	94.98055	0.6919571	0.6960015	0.612982	0.387018	4.886409
60684	-1478.342	-1573.181	94.83869	0.6475491	0.53039	0.49157	0.50843	5.122035
60714	-1492.693	-1589.491	96.79809	0.7134564	0.539287	0.496937	0.503063	3.975688
60744	-1491.855	-1587.838	95.98329	0.652728	0.6129661	0.430284	0.569716	4.410131
60750	-1503.9	-1600.975	97.07427	0.7996296	0.6794802	0.490127	0.509873	3.650851
60756	-1489.112	-1586.154	97.04208	0.8333502	0.5048604	0.603908	0.396092	3.798577
60762	-1483.613	-1580.699	97.08648	0.9641704	0.3039749	0.619512	0.380488	3.921072
60768	-1480.85	-1576.687	95.83719	0.744555	0.5810433	0.422674	0.577326	4.466962
60774	-1483.471	-1578.002	94.53061	0.6646038	0.7406955	0.258058	0.741942	5.119846
60780	-1472.75	-1568.825	96.07531	0.6419132	0.683677	0.390549	0.609451	4.309316
60786	-1483.13	-1578.436	95.30603	0.6419132	0.431474	0.390549	0.609451	4.959206
60792	-1491.965	-1589.277	97.31293	0.6820866	0.4354181	0.507011	0.492989	3.798787
60798	-1484.573	-1579.244	94.67132	0.5440369	0.7494209	0.507011	0.492989	5.102667
60804	-1479.116	-1572.793	93.67737	0.4958034	0.6489326	0.546733	0.453267	5.748882
60810	-1484.899	-1578.341	93.44205	0.3752695	0.6331174	0.388687	0.611313	5.955419
60816	-1482.12	-1577.435	95.31593	0.3752695	0.6790235	0.431046	0.568954	4.888463
60822	-1483.876	-1578.599	94.72317	0.3752695	0.4361119	0.354456	0.645544	5.424576
60828	-1483.36	-1577.826	94.46646	0.4230398	0.6786071	0.381178	0.618822	5.333118
60834	-1488.861	-1582.148	93.28659	0.4230398	0.631711	0.362918	0.637082	6.01525
60840	-1491.134	-1585.256	94.12246	0.4230398	0.5912144	0.474197	0.525803	5.589674
60846	-1483.93	-1578.545	94.61477	0.6158528	0.5336779	0.548889	0.451111	5.260584
60852	-1498.077	-1591.423	93.34602	0.7824743	0.8802608	0.548889	0.451111	5.617926
60858	-1487.925	-1583.434	95.50985	0.5026453	0.6297944	0.548889	0.451111	4.746743
60864	-1487.876	-1582.493	94.6163	0.8498002	0.6774128	0.43824	0.56176	5.014844
60882	-1478.131	-1572.662	94.53089	0.5799484	0.5199123	0.421598	0.578402	5.338832
60888	-1480.433	-1575.487	95.05442	0.7800116	0.6082345	0.481815	0.518185	4.863223
60894	-1485.78	-1580.972	95.19214	0.7619427	0.5473497	0.522517	0.477483	4.847235
60900	-1488.015	-1585.707	97.69204	0.9261852	0.4391384	0.492253	0.507747	3.433221
60906	-1495.479	-1592.439	96.95999	0.9261852	0.7027069	0.534615	0.465385	3.626053
60912	-1498.232	-1594.411	96.17832	0.9261852	0.5396471	0.483225	0.516775	4.207229
60918	-1491.821	-1586.725	94.90409	0.9261852	0.874923	0.483225	0.516775	4.678482
60924	-1488.608	-1584.351	95.74281	0.8434455	0.8902291	0.489703	0.510297	4.243273
60960	-1493.429	-1590.636	97.2064	0.7488446	0.460174	0.407689	0.592311	3.79625
60966	-1476.6	-1573.197	96.59661	0.7488446	0.5641237	0.467418	0.532582	4.048661
60972	-1492.489	-1589.344	96.85551	0.6717432	0.3590487	0.396947	0.603053	4.151072
60978	-1476.383	-1571.552	95.16852	0.7534482	0.5420345	0.418192	0.581808	4.869745
60984	-1485.728	-1580.771	95.04312	0.6637864	0.5420345	0.491158	0.508842	4.989417
60990	-1495.331	-1591.013	95.68148	0.64247	0.6833304	0.431904	0.568096	4.531294
60996	-1484.631	-1580.917	96.28519	0.9037252	0.6278911	0.609031	0.390969	4.084775
61002	-1484.095	-1580.807	96.71134	0.9278546	0.466377	0.366511	0.633489	3.971423
61008	-1485.201	-1580.882	95.68178	1.01754	0.5568002	0.453283	0.546717	4.421348
61014	-1484.908	-1580.835	95.92749	0.7468191	0.7057093	0.57021	0.42979	4.317282
61020	-1488.593	-1585.1	96.50751	0.7468191	0.5477515	0.542948	0.457052	4.114906
61026	-1482.702	-1577.89	95.18789	0.943678	0.5494525	0.487956	0.512044	4.746345
61032	-1493.08	-1589.479	96.3987	0.8841327	0.4605008	0.401279	0.598721	4.180359
61038	-1500.848	-1596.889	96.04117	0.8258587	0.6662281	0.429642	0.570358	4.237686
61044	-1490.481	-1586.363	95.88178	0.8266185	0.5586311	0.429642	0.570358	4.414649
61050	-1481.502	-1577.898	96.39587	0.7560145	0.5495089	0.49088	0.50912	4.171609
61056	-1483.399	-1579.629	96.2295	0.6608657	0.5124038	0.598978	0.401022	4.353075
61062	-1482.999	-1578.931	95.93258	0.7699195	0.373721	0.552189	0.447811	4.599771
61068	-1489.657	-1585.172	95.51484	0.7699195	0.6228617	0.500765	0.499235	4.599771
61074	-1488.917	-1584.786	95.86872	0.6167189	0.492175	0.455548	0.544452	4.599771
61080	-1492.814	-1587.792	94.97705	0.6654972	0.4411245	0.525076	0.474924	5.118995
61086	-1492.808	-1588.919	96.11154	0.7037446	0.7719221	0.480176	0.519824	4.19045
61092	-1485.895	-1581.387	95.49159	0.7037446	0.4914176	0.391089	0.608911	4.762879
61098	-1485.721	-1580.309	94.58759	0.6148953	0.6322006	0.434279	0.565721	5.195198
61104	-1487.488	-1582.781	95.29319	0.6148953	0.6322006	0.467357	0.532643	4.803165
61110	-1481.562	-1575.906	94.34441	0.5354724	0.4503732	0.490965	0.509035	5.530729
61116	-1479.43	-1572.74	93.31012	0.4656553	0.5493998	0.471135	0.528865	6.045233
61122	-1482.883	-1576.259	93.37605	0.2387217	0.5627998	0.454863	0.545137	6.121738
61128	-1476.195	-1569.481	93.28645	0.340679	0.5547247	0.501252	0.498748	6.121738
61134	-1479.995	-1573.845	93.84988	0.6189994	0.772574	0.459739	0.540261	5.499148
61140	-1482.779	-1577.357	94.57718	0.5601497	0.396195	0.482148	0.517852	5.444418
61146	-1494.118	-1588.369	94.25068	0.5861568	0.3733442	0.482148	0.517852	5.634426
61152	-1495.569	-1590.224	94.65506	0.5861568	0.6282147	0.400815	0.599185	5.17686
61158	-1493.02	-1588.682	95.6622	0.5830761	0.5730549	0.472343	0.527657	4.662598
61164	-1503.364	-1598.809	95.44478	0.6817119	0.3368585	0.439424	0.560576	4.96439
61212	-1482.839	-1576.54	93.70065	0.3731741	0.4366479	0.418322	0.581678	5.985607
61218	-1488.617	-1582.521	93.90436	0.4724839	0.6842989	0.547377	0.452623	5.611072
61224	-1488.12	-1581.854	93.73406	0.642783	0.6842989	0.509507	0.490493	5.611072
61230	-1495.923	-1590.155	94.2326	0.5294738	0.587185	0.45463	0.54537	5.473888
61236	-1483.413	-1579.044	95.63091	0.4209072	0.587185	0.409898	0.590102	4.759043
61242	-1490.449	-1584.48	94.03038	0.5409871	0.6971439	0.431465	0.568535	5.494915
61248	-1497.563	-1591.84	94.27682	0.596954	0.6636371	0.620418	0.379582	5.352873
61254	-1486.273	-1581.798	95.52465	0.6137294	0.5673512	0.412754	0.587246	4.727233
61260	-1488.707	-1585.208	96.5005	0.7721898	0.6828488	0.412754	0.587246	3.994154
61266	-1481	-1577.632	96.6314	0.783991	0.5811073	0.577419	0.422581	3.994154
61272	-1479.707	-1574.528	94.82146	0.783991	0.5679358	0.276403	0.723597	5.023663
61278	-1485.028	-1579.917	94.88924	0.5334395	0.5679358	0.561118	0.438882	5.125035
61284	-1474.622	-1570.181	95.55896	0.5551976	0.5700347	0.60765	0.39235	4.738508
61362	-1504.94	-1598.113	93.17295	0.5559361	0.5185143	0.445063	0.554937	6.097359
61368	-1504.658	-1596.498	91.83991	0.4206258	0.4890049	0.46964	0.53036	6.919015
61374	-1490.712	-1585.174	94.46246	0.4206258	0.6665949	0.554764	0.445236	5.345535
61380	-1481.447	-1574.882	93.43419	0.4851512	0.5293748	0.384338	0.615662	5.98406
61386	-1486.14	-1580.12	93.98004	0.3489853	0.5266504	0.367191	0.632809	5.762524
61392	-1486.711	-1580.81	94.09967	0.4282007	0.5945981	0.367191	0.632809	5.59663
61398	-1497.219	-1592.811	95.59192	0.4899375	0.5945981	0.52094	0.47906	4.736166
61404	-1494.587	-1590.978	96.39095	0.5652723	0.4082851	0.534158	0.465842	4.419033
62190	-1490.878	-1584.775	93.89748	0.5538684	0.6678907	0.3933	0.6067	5.582189
62196	-1497.429	-1590.912	93.48296	0.6438198	0.6678907	0.448234	0.551766	5.760168
62244	-1478.205	-1573.696	95.49113	0.6947406	0.58312	0.409869	0.590131	4.687447
62250	-1486.374	-1581.86	95.48611	0.7075879	0.5778577	0.334473	0.665527	4.687447
62256	-1484.277	-1580.318	96.04169	0.7075879	0.5778577	0.360606	0.639394	4.375191
62262	-1480.554	-1577.215	96.66129	0.842716	0.4654204	0.355156	0.644844	4.04959
62268	-1485.289	-1580.458	95.16865	0.842716	0.4821561	0.576268	0.423732	4.874221
62274	-1489.738	-1585.414	95.67587	0.676046	0.7434929	0.452912	0.547088	4.47212
62280	-1478.047	-1574.778	96.7305	0.8111211	0.4483998	0.528775	0.471225	4.045227
62286	-1481.756	-1576.479	94.72389	0.8111211	0.5632541	0.577777	0.422223	5.066695
62292	-1477.052	-1572.061	95.00911	0.5395699	0.5632541	0.530329	0.469671	5.059112
62298	-1493.018	-1587.488	94.46962	0.5522925	0.4140494	0.49479	0.50521	5.489162
62304	-1484.915	-1580.121	95.20573	0.7047493	0.4920372	0.534749	0.465251	4.921135
62310	-1483.401	-1579.538	96.1366	0.6749005	0.5005196	0.534749	0.465251	4.40858
62316	-1479.796	-1574.503	94.70661	0.6749005	0.5057367	0.466563	0.533437	5.202028
62322	-1488.378	-1582.322	93.94349	0.4956118	0.6191477	0.457545	0.542455	5.62592
62328	-1489.128	-1584.284	95.15537	0.5549682	0.3760433	0.575235	0.424765	5.15001
62334	-1483.163	-1577.225	94.06254	0.6087049	0.4441912	0.584656	0.415344	5.651358
62370	-1494.695	-1591.014	96.31903	0.6523019	0.5162221	0.468487	0.531513	4.303805
62376	-1500.937	-1595.234	94.29724	0.5966198	0.5048087	0.468487	0.531513	5.471908
62382	-1502.469	-1596.345	93.87595	0.3949287	0.3902507	0.321183	0.678817	5.925804
62388	-1492.451	-1587.488	95.03728	0.6020596	0.8641748	0.592322	0.407678	4.79189
62394	-1492.097	-1587.628	95.53101	0.7830777	0.6544726	0.385638	0.614362	4.558636
62400	-1482.223	-1578.122	95.89924	0.5215859	0.552559	0.48926	0.51074	4.581661
62406	-1473.45	-1567.517	94.06672	0.5397416	0.5909022	0.486229	0.513771	5.556438
62412	-1472.842	-1567.203	94.36133	0.475191	0.4978847	0.494724	0.505276	5.509731
62418	-1477.8	-1571.997	94.19687	0.5148869	0.5771944	0.540792	0.459208	5.509731
62430	-1489.378	-1584.752	95.37327	0.6458813	0.7664031	0.501576	0.498424	4.643158
62436	-1479.742	-1574.305	94.56249	0.4577452	0.5883967	0.37398	0.62602	5.330654
62442	-1477.109	-1572.804	95.69501	0.5332091	0.5321026	0.45043	0.54957	4.707489
62448	-1478.967	-1573.449	94.48249	0.6021224	0.5497221	0.393494	0.606506	5.327354
62454	-1480.62	-1574.739	94.11819	0.6940134	0.5617909	0.391668	0.608332	5.467258
62460	-1491.379	-1586.364	94.98545	0.5924026	0.5617909	0.401534	0.598466	5.044159
62466	-1485.047	-1580.148	95.10104	0.5850147	0.5849844	0.495191	0.504809	4.964708
62472	-1492.525	-1586.06	93.53461	0.6512063	0.5853285	0.497416	0.502584	5.791596
62478	-1478.157	-1571.637	93.48036	0.6748882	0.6062487	0.388868	0.611132	5.791596
62484	-1480.326	-1573.756	93.42966	0.6619292	0.7176136	0.448345	0.551655	5.743731
62490	-1474.374	-1569.196	94.82169	0.7667174	0.5998355	0.444639	0.555361	5.006862
62496	-1473.214	-1568.503	95.28917	0.702996	0.5189829	0.440871	0.559129	4.851006
62640	-1494.934	-1589.712	94.77836	0.5849469	0.7244918	0.483077	0.516923	5.037935
62646	-1497.745	-1593.681	95.9355	0.8488873	0.5520613	0.433645	0.566355	4.377469
62712	-1506.276	-1601.415	95.13907	0.5689845	0.6171767	0.554378	0.445622	4.926468
62718	-1492.196	-1587.963	95.76637	0.7182826	0.4090429	0.406162	0.593838	4.683119
62724	-1491.223	-1586.416	95.19309	0.7615108	0.5112801	0.394053	0.605947	4.878888
62730	-1479.572	-1574.839	95.26689	0.5403253	0.6076113	0.479875	0.520125	4.878888
62736	-1477.767	-1573.434	95.66774	0.6134019	0.599979	0.480877	0.519123	4.620208
62742	-1495.892	-1591.648	95.75573	0.5300341	0.483396	0.5486	0.4514	4.719884
62748	-1490.632	-1587.01	96.37811	0.5697347	0.4843019	0.5486	0.4514	4.346916
62754	-1490.041	-1584.956	94.91452	0.6321023	0.4834292	0.432832	0.567168	5.131202
62760	-1491.584	-1588.089	96.50412	0.9425123	0.8633251	0.432832	0.567168	3.768608
62766	-1490.956	-1589.543	98.58767	1.339129	0.383898	0.496199	0.503801	2.713579
62772	-1500.297	-1597.837	97.54	1.165803	0.7237047	0.471283	0.528717	3.129055
62778	-1493.913	-1589.817	95.90443	1.11214	0.9485783	0.554111	0.445889	3.962856
62784	-1482.675	-1580.636	97.96055	1.226267	0.7274524	0.47841	0.52159	2.837219
62790	-1487.546	-1584.244	96.69837	0.9702108	0.6989281	0.466214	0.533786	3.754742
62796	-1491.336	-1586.661	95.32506	0.8169562	0.7187156	0.501358	0.498642	4.607611
62814	-1485.648	-1581.62	95.97128	0.7687981	0.4463565	0.561123	0.438877	4.50123
62820	-1474.761	-1570.533	95.77243	0.6770821	0.4915154	0.488123	0.511877	4.620539
62826	-1483.063	-1577.602	94.5385	0.6091735	0.6116591	0.488123	0.511877	5.241603
62832	-1492.927	-1586.328	93.4011	0.7111714	0.7265831	0.454697	0.545303	5.72615
62838	-1483.459	-1577.684	94.22512	0.5678809	0.7846613	0.43128	0.56872	5.312549
62844	-1489.615	-1585.373	95.75816	0.70227	0.5770251	0.493092	0.506908	4.538566
62850	-1492.181	-1587.749	95.56795	0.70227	0.5661029	0.430222	0.569778	4.6545
62856	-1503.115	-1596.853	93.73832	0.5792109	0.4475506	0.594734	0.405266	5.841778
62952	-1488.623	-1582.857	94.23395	0.6425774	0.4773478	0.383117	0.616883	5.506736
62958	-1490.56	-1585.544	94.98471	0.6620137	0.5927675	0.464899	0.535101	4.980194
63030	-1492.22	-1585.312	93.09217	0.6622675	0.6096594	0.405735	0.594265	6.007877
63036	-1490.193	-1584.672	94.47936	0.6622675	0.5810916	0.453255	0.546745	5.269608
63420	-1493.203	-1586.123	92.92018	0.3959134	0.7350432	0.503223	0.496777	6.155018
63426	-1480.483	-1574.995	94.51177	0.5044178	0.6113866	0.48234	0.51766	5.31444
63432	-1481.523	-1576.685	95.16158	0.5044178	0.4921061	0.447829	0.552171	5.056929
63438	-1480.681	-1575.27	94.58973	0.4618202	0.6644887	0.524313	0.475687	5.254095
63444	-1482.379	-1576.293	93.91324	0.7122252	0.75792	0.395942	0.604058	5.4228
63450	-1483.806	-1579.256	95.44974	0.6529791	0.7397462	0.445276	0.554724	4.614752
63456	-1490.873	-1586.79	95.91741	0.6529791	0.4963716	0.445276	0.554724	4.548156
63462	-1491.314	-1587.778	96.46486	0.6529791	0.6855702	0.481421	0.518579	4.08047
63468	-1491.839	-1588.395	96.55573	0.5621083	0.6855702	0.470656	0.529344	4.08047
63474	-1486.912	-1582.819	95.90693	0.5621083	0.6855702	0.420873	0.579127	4.447991
63480	-1488.831	-1582.134	93.30249	0.4374005	0.8292564	0.467361	0.532639	5.862177
63486	-1480.993	-1575.342	94.34977	0.4076636	0.623451	0.501693	0.498307	5.4476
63492	-1492.244	-1587.423	95.17919	0.7235746	0.583256	0.465862	0.534138	4.845476
63498	-1490.667	-1587.001	96.33474	0.8327332	0.5684908	0.451911	0.548089	4.146253
63504	-1485.547	-1582.13	96.58331	0.8327332	0.8653003	0.382761	0.617239	3.784966
63510	-1479.009	-1575.217	96.20833	0.8647521	0.791803	0.440174	0.559826	4.030108
63516	-1478.149	-1575.059	96.90968	0.8406063	0.6234851	0.441955	0.558045	3.766657
63522	-1475.435	-1570.293	94.85752	0.5446265	0.519423	0.441955	0.558045	5.178307
63528	-1475.366	-1570.498	95.13235	0.4337599	0.5774549	0.59	0.41	5.037564
63534	-1473.55	-1569.346	95.79593	0.6360658	0.6461887	0.406625	0.593375	4.498759
63540	-1478.514	-1574.657	96.14308	0.7095399	0.4378883	0.411527	0.588473	4.446458
63546	-1480.545	-1575.261	94.71551	0.7092426	0.5196013	0.411527	0.588473	5.165634
63552	-1486.098	-1581.379	95.28077	0.6762051	0.4818584	0.411527	0.588473	4.904792
63558	-1479.218	-1574.792	95.57427	0.6762051	0.6747732	0.412103	0.587897	4.578956
63564	-1482.735	-1578.51	95.77472	0.6762051	0.536328	0.493666	0.506334	4.578956
63570	-1481.335	-1576.222	94.88739	0.6552178	0.6427403	0.4973	0.5027	4.998499
63576	-1474.726	-1570.718	95.99234	0.5329653	0.6121633	0.558328	0.441672	4.473161
63582	-1488.158	-1583.953	95.79536	0.6099523	0.7000875	0.558328	0.441672	4.473161
63588	-1497.527	-1590.972	93.44551	0.3280724	0.7293604	0.552404	0.447596	5.909497
63594	-1493.697	-1588.302	94.60443	0.3210241	0.5633838	0.454499	0.545501	5.403562
63600	-1480.792	-1576.139	95.34726	0.6705185	0.5492178	0.527087	0.472913	4.810092
63606	-1487.047	-1582.236	95.1888	0.6541331	0.5492178	0.510248	0.489752	4.907546
63612	-1482.859	-1578.757	95.89809	0.8536113	0.6124103	0.510248	0.489752	4.345279
63618	-1494.657	-1588.634	93.97696	0.6885652	0.8508244	0.510248	0.489752	5.340477
63624	-1479.958	-1574.205	94.24771	0.7000065	0.8554757	0.419784	0.580216	5.18167
63630	-1480.833	-1576.372	95.53869	0.7000065	0.5524007	0.375273	0.624727	4.68388
63636	-1487.856	-1584.072	96.21545	0.4535909	0.646262	0.41431	0.58569	4.365101
63642	-1484.733	-1579.378	94.64473	0.5498494	0.6444695	0.41431	0.58569	5.190127
63648	-1485.828	-1579.858	94.03035	0.5498494	0.6421091	0.484644	0.515356	5.530734
63654	-1478.633	-1573.576	94.94333	0.5208169	0.5620381	0.461541	0.538459	5.107018
63660	-1484.904	-1579.926	95.02134	0.5950355	0.6081079	0.348745	0.651255	4.984674
63666	-1476.529	-1571.129	94.60069	0.5475535	0.5149105	0.402672	0.597328	5.322645
63672	-1476.172	-1570.87	94.69832	0.645015	0.6183705	0.561442	0.438558	5.128027
63678	-1475.849	-1570.529	94.67982	0.4224435	0.5865428	0.482872	0.517128	5.286889
63684	-1478.761	-1571.756	92.9949	0.5066941	0.7122299	0.467942	0.532058	6.069785
63690	-1480.637	-1575.428	94.79041	0.4581236	0.4256763	0.408074	0.591926	5.352394
63696	-1493.595	-1588.195	94.60045	0.4832541	0.5214962	0.420498	0.579502	5.352394
63702	-1510.857	-1604.369	93.51156	0.6991531	0.477056	0.50457	0.49543	5.872005
63708	-1500.731	-1593.763	93.03225	0.5175012	0.6977796	0.492075	0.507925	6.053734
63714	-1492.884	-1585.559	92.67511	0.6536467	0.5153123	0.521307	0.478693	6.31776
63720	-1490.656	-1585.06	94.40415	0.6536467	0.4510495	0.490583	0.509417	5.432182
63726	-1491.289	-1585.754	94.46517	0.5786141	0.4616315	0.570427	0.429573	5.42963
63732	-1494.455	-1588.414	93.95861	0.5346776	0.6305317	0.546089	0.453911	5.587349
63738	-1493.668	-1586.902	93.2341	0.4475834	0.6833318	0.398069	0.601931	5.992147
63744	-1495.533	-1588.178	92.64563	0.3834277	0.7224222	0.392738	0.607262	6.319713
63750	-1493.363	-1586.672	93.30875	0.4213894	0.5096158	0.554549	0.445451	6.104531
63756	-1490.294	-1584.558	94.26371	0.3684063	0.6733506	0.478758	0.521242	5.478793
63762	-1489.733	-1583.895	94.16207	0.5136494	0.6413336	0.526824	0.473176	5.478793
63768	-1482.373	-1575.455	93.08216	0.4440669	0.6147105	0.42984	0.57016	6.128288
63780	-1487.351	-1581.109	93.75762	0.4233451	0.6244543	0.464756	0.535244	5.763291
63786	-1487.106	-1581.078	93.97174	0.6452029	0.6162542	0.558524	0.441476	5.530508
63792	-1481.169	-1576.709	95.53982	0.6452029	0.5583115	0.509337	0.490663	4.708838
63798	-1468.747	-1565.241	96.49379	0.7855395	0.4546435	0.448097	0.551903	4.188199
63804	-1471.648	-1566.94	95.29197	0.8078208	0.6265241	0.385644	0.614356	4.700497
63810	-1471.183	-1566.484	95.30109	0.6770089	0.5196596	0.385644	0.614356	4.85824
63816	-1483.585	-1577.992	94.40717	0.518037	0.5183308	0.452463	0.547537	5.442537
63822	-1485.091	-1579.187	94.096	0.5732044	0.6951044	0.421817	0.578183	5.442537
63828	-1478.15	-1574.137	95.98722	0.7227715	0.6548878	0.421817	0.578183	4.335281
63834	-1482.322	-1577.742	95.41985	0.7069953	0.3926534	0.392211	0.607789	4.900475
63840	-1485.982	-1581.104	95.12285	0.7794696	0.446867	0.49554	0.50446	4.969094
63846	-1490.051	-1583.578	93.52627	0.7283269	0.4723614	0.45028	0.54972	5.852417
63852	-1494.452	-1589.35	94.89838	0.6657789	0.672159	0.399447	0.600553	4.964259
63858	-1480.9	-1574.663	93.76296	0.6280063	0.7146906	0.38523	0.61477	5.581593
63864	-1480.07	-1575.178	95.10771	0.5483407	0.4765141	0.559538	0.440462	5.077067
63870	-1483.164	-1577.445	94.28105	0.6603817	0.4765141	0.34007	0.65993	5.471818
63876	-1490.815	-1586.069	95.25374	0.6603817	0.4765141	0.469202	0.530798	4.933713
63882	-1495.548	-1590.682	95.13337	0.5020183	0.6943566	0.501925	0.498075	4.908276
63888	-1479.179	-1573.71	94.53047	0.5973503	0.6954685	0.527839	0.472161	5.189155
63894	-1477.959	-1572.352	94.39302	0.6434579	0.7245732	0.446976	0.553024	5.218947
63900	-1483.357	-1576.804	93.44608	0.4293503	0.5798706	0.444809	0.555191	5.965645
63906	-1486.533	-1581.191	94.65883	0.4514496	0.5798706	0.444809	0.555191	5.287925
63912	-1485.404	-1579.697	94.29243	0.4514496	0.469146	0.458984	0.541016	5.587376
63918	-1490.587	-1584.423	93.83653	0.5886068	0.588095	0.549709	0.450291	5.658245
63924	-1483.623	-1579.734	96.11105	0.6321905	0.6055489	0.549709	0.450291	4.35564
63930	-1488.733	-1583.522	94.78882	0.5616983	0.5961912	0.515837	0.484163	5.141756
63936	-1489.763	-1584.462	94.69853	0.6864967	0.6052461	0.377237	0.622763	5.115349
63942	-1489.237	-1584.054	94.8166	0.5665039	0.6065837	0.449214	0.550786	5.115349
63948	-1473.715	-1568.933	95.2176	0.7463021	0.6790184	0.475498	0.524502	4.736306
63954	-1468.681	-1563.739	95.05801	0.7353395	0.7279456	0.473365	0.526635	4.79613
63960	-1473.004	-1567.416	94.41248	0.5761372	0.4944351	0.519509	0.480491	5.429188
63966	-1476.76	-1570.641	93.88106	0.5080171	0.7276961	0.443268	0.556732	5.573537
63972	-1479.786	-1574.148	94.36247	0.6799582	0.4476755	0.502125	0.497875	5.443953
63978	-1476.719	-1571.517	94.79723	0.8215876	0.6220914	0.43252	0.56748	4.972217
63984	-1490.926	-1584.746	93.81999	0.9284159	0.9276456	0.579079	0.420921	5.2484
63990	-1488.017	-1584.105	96.08774	0.7956235	0.8107852	0.57004	0.42996	4.125474
63996	-1494.613	-1590.306	95.69342	0.7117172	0.720924	0.354875	0.645125	4.458159
64014	-1487.872	-1583.659	95.78678	0.6999817	0.6861059	0.498919	0.501081	4.437607
64020	-1484.633	-1578.92	94.28734	0.686638	0.7987443	0.473588	0.526412	5.203297
64026	-1488.995	-1583.353	94.35795	0.7988945	0.5760998	0.430291	0.569709	5.265319
64032	-1485.407	-1580.051	94.64415	0.8046571	0.7218449	0.499379	0.500621	4.992319
64038	-1493.245	-1588	94.75506	0.6717982	0.7392449	0.499379	0.500621	4.992319
64044	-1493.457	-1586.589	93.13181	0.7225762	0.7520938	0.578229	0.421771	5.849827
64050	-1485.346	-1580.605	95.25895	0.7364146	0.6754325	0.4303	0.5697	4.721387
64056	-1482.423	-1577.617	95.19377	0.7364146	0.7255319	0.454567	0.545433	4.721387
64062	-1482.45	-1578.519	96.06949	0.620924	0.4800544	0.524977	0.475023	4.496109
64068	-1487.781	-1583.808	96.0275	0.9274808	0.6110929	0.422059	0.577941	4.231297
64080	-1496.288	-1593.039	96.75099	0.8850182	0.5498314	0.386566	0.613434	3.894989
64086	-1496.548	-1592.978	96.42903	1.048192	0.8627369	0.402445	0.597555	3.751344
64092	-1490.421	-1584.844	94.42337	0.721777	0.5558069	0.511463	0.488537	5.288767
64098	-1494.774	-1588.681	93.90636	0.5057271	0.569385	0.642063	0.357937	5.680708
64482	-1483.27	-1578.853	95.58278	0.7840759	0.7216789	0.472882	0.527118	4.479166
64488	-1483.991	-1579.747	95.75578	0.8052405	0.5804011	0.434539	0.565461	4.479166
64494	-1487.026	-1582.157	95.13163	0.792253	0.7585867	0.391995	0.608005	4.701854
64500	-1481.505	-1578.444	96.93861	0.758492	0.5795127	0.405079	0.594921	3.834026
64506	-1485.213	-1581.366	96.15371	0.8319714	0.7772861	0.439933	0.560067	4.089859
64512	-1490.296	-1585.129	94.83302	0.7173849	0.9334317	0.541839	0.458161	4.799655
64518	-1480.377	-1574.584	94.20654	0.769781	0.9640347	0.46426	0.53574	5.10125
64524	-1479.007	-1572.655	93.64737	0.4884607	0.5827763	0.37608	0.62392	5.821017
64530	-1479.939	-1575.697	95.75804	0.8034583	0.894092	0.482065	0.517935	4.254917
64536	-1481.034	-1575.954	94.9198	0.7976062	0.7036167	0.423205	0.576795	4.855869
64542	-1491.798	-1586.373	94.57586	0.6816127	0.6897817	0.460538	0.539462	5.121498
64548	-1494.143	-1589.852	95.70838	0.6131232	0.6187139	0.460538	0.539462	4.582455
64554	-1481.243	-1575.558	94.31471	0.540936	0.6119565	0.440715	0.559285	5.402524
64560	-1487.685	-1582.82	95.1347	0.8328403	0.5999416	0.414241	0.585759	4.795669
64566	-1482.763	-1578.713	95.94966	0.627716	0.5921634	0.384888	0.615112	4.460174
64572	-1480.69	-1576.699	96.00961	0.8980788	0.6737987	0.4081	0.5919	4.20886
64578	-1491.706	-1586.83	95.12446	0.8759261	0.752683	0.471056	0.528944	4.663096
64584	-1487.083	-1582.391	95.30789	0.8322106	0.7002714	0.454143	0.545857	4.622013
64590	-1486.659	-1582.964	96.30465	0.8707976	0.6848343	0.454143	0.545857	4.048182
64596	-1479.048	-1575.335	96.2871	0.8707976	0.6382579	0.454143	0.545857	4.094177
64602	-1481.68	-1578.197	96.51708	0.9251467	0.5834338	0.54379	0.45621	3.976836
64608	-1491.626	-1586.849	95.22367	0.8017407	0.4616834	0.54379	0.45621	4.886029
64614	-1489.489	-1585.931	96.44217	0.8469553	0.6249261	0.425494	0.574506	4.030005
64620	-1492.766	-1588.191	95.4253	0.8707941	0.5722711	0.451468	0.548532	4.634788
64626	-1493.306	-1589.184	95.8775	0.7823321	0.5620197	0.457686	0.542314	4.439106
64632	-1495.726	-1591.305	95.57905	0.7977398	0.7146733	0.414064	0.585936	4.478615
64638	-1487.91	-1583.326	95.41583	0.7745408	0.7171924	0.477198	0.522802	4.581576
64644	-1480.432	-1576.847	96.41467	0.7415572	0.5469704	0.540429	0.459571	4.171377
64650	-1481.292	-1575.75	94.4586	0.5076054	0.5998765	0.463359	0.536641	5.351189
64656	-1478.29	-1573.648	95.3581	0.500767	0.4989352	0.551303	0.448697	4.943468
64662	-1493.484	-1590.089	96.6047	0.8553132	0.6229525	0.552061	0.447939	3.933891
64668	-1491.565	-1588.402	96.83688	0.7792657	0.6451145	0.389102	0.610898	3.826496
64674	-1499.209	-1594.071	94.86223	0.7040204	0.5429263	0.393639	0.606361	5.066735
64680	-1495.709	-1590.552	94.84243	0.579543	0.6298716	0.484848	0.515152	5.075424
64686	-1501.609	-1597.101	95.49229	0.6121314	0.6433545	0.485001	0.514999	4.684759
64692	-1507.319	-1601.679	94.36014	0.6121314	0.573503	0.609032	0.390968	5.369328
64698	-1488.966	-1584.817	95.85146	0.7020487	0.5809555	0.602136	0.397864	4.482931
64704	-1492.069	-1588.231	96.16254	0.7020487	0.5809555	0.613636	0.386364	4.307419
64710	-1496.145	-1592.137	95.99267	0.4381038	0.6197702	0.413775	0.586225	4.52023
64716	-1496.764	-1590.993	94.22834	0.466415	0.6766781	0.381963	0.618037	5.441869
64722	-1482.23	-1576.273	94.04353	0.5859517	0.5695753	0.483405	0.516595	5.56124
64728	-1475.863	-1570.215	94.35247	0.5997249	0.7384325	0.425309	0.574691	5.25588
64734	-1478.158	-1573.349	95.19092	0.6586238	0.6919208	0.487885	0.512115	4.790668
64740	-1502.613	-1599.325	96.71296	0.889264	0.6002065	0.464	0.536	3.871042
64746	-1488.754	-1583.544	94.78977	0.856533	0.6596824	0.329406	0.670594	4.927931
64752	-1485.392	-1581.426	96.03474	0.9615378	0.5837219	0.521508	0.478492	4.230516
64758	-1481.985	-1579.373	97.38753	1.075391	0.6127034	0.567719	0.432281	3.36104
64764	-1487.933	-1586.017	98.08357	0.810891	0.4453181	0.588274	0.411726	3.264313
64770	-1491.095	-1588.134	97.03907	0.7863429	0.5808315	0.637784	0.362216	3.759007
64776	-1490.264	-1586.747	96.48275	0.9382166	0.6554197	0.413989	0.586011	3.930413
64782	-1490.997	-1586.406	95.40904	0.8234656	0.6388939	0.424698	0.575302	4.616461
64788	-1478.491	-1573.155	94.66459	0.5106139	0.6306569	0.469181	0.530819	5.211481
64794	-1481.503	-1578.04	96.53777	0.920247	0.584346	0.421018	0.578982	3.967028
64800	-1480.877	-1576.646	95.76885	0.8511408	0.3884866	0.421018	0.578982	4.629549
64806	-1482.481	-1580.023	97.54166	0.8511408	0.6615202	0.480566	0.519434	3.362286
64812	-1485.509	-1579.867	94.3574	0.9388677	0.7572215	0.480566	0.519434	5.052458
64818	-1485.197	-1581.363	96.16653	0.5577782	0.6463649	0.543475	0.456525	4.333801
64824	-1486.118	-1580.553	94.43508	0.5577782	0.7043584	0.464892	0.535108	5.257386
64830	-1482.398	-1578.009	95.6119	0.8460597	0.6770405	0.460001	0.539999	4.460605
64836	-1486.221	-1581.068	94.84663	0.9362581	0.518108	0.460001	0.539999	4.968293
64842	-1486.772	-1581.704	94.93216	0.879606	0.8118324	0.483471	0.516529	4.728918
64848	-1487.771	-1583.061	95.28999	0.879606	0.4339937	0.514947	0.485053	4.833211
64854	-1494.194	-1588.186	93.99245	0.3601635	0.704194	0.50156	0.49844	5.610078
64860	-1481.523	-1575.666	94.14223	0.5027161	0.6319324	0.490238	0.509762	5.502924
64866	-1489.122	-1583.449	94.32717	0.4462513	0.5547097	0.519111	0.480889	5.494559
64890	-1489.813	-1585.592	95.77944	0.7965065	0.8190819	0.317809	0.682191	4.294418
64896	-1483.013	-1578.119	95.10612	0.7965065	0.7800942	0.521757	0.478243	4.699132
64914	-1480.286	-1574.791	94.50467	0.6468741	0.5028516	0.531764	0.468236	5.331695
64920	-1484.376	-1577.979	93.60213	0.2980723	0.5028516	0.406959	0.593041	6.017899
64926	-1479.311	-1573.878	94.56659	0.3331661	0.5734101	0.41574	0.58426	5.409372
64932	-1483.307	-1577.967	94.66017	0.6517942	0.6700716	0.56761	0.43239	5.105815
64938	-1488.014	-1581.935	93.92104	0.6517942	0.6962636	0.444071	0.555929	5.494738
64944	-1485.495	-1580.946	95.45182	0.5273621	0.6657589	0.444071	0.555929	4.73769
64950	-1471.838	-1567.725	95.88745	0.6149866	0.6659809	0.477842	0.522158	4.443909
64956	-1474.993	-1570.306	95.31273	0.6646921	0.4099409	0.53159	0.46841	4.965117
64962	-1477.853	-1572.673	94.81973	0.5276689	0.4415649	0.529964	0.470036	5.281828
64968	-1476.503	-1571.297	94.79405	0.5927092	0.6258921	0.377285	0.622715	5.098054
64974	-1477.988	-1572.529	94.54072	0.7690371	0.5543448	0.435896	0.564104	5.199029
64980	-1480.846	-1575.968	95.12235	0.7690371	0.8011558	0.467759	0.532241	4.691389
64986	-1485.686	-1581.104	95.41799	0.5886671	0.557868	0.595666	0.404334	4.808868
64992	-1480.907	-1575.889	94.98258	0.5886671	0.5463929	0.449703	0.550297	5.060968
64998	-1480.101	-1575.937	95.83532	0.7721075	0.6792213	0.488039	0.511961	4.374699
65004	-1484.684	-1580.658	95.9734	0.67054	0.6521642	0.441199	0.558801	4.374699
65010	-1495.098	-1590.115	95.01727	0.442648	0.6208019	0.494225	0.505775	5.061475
65016	-1496.439	-1591.819	95.37993	0.6215151	0.548889	0.494225	0.505775	4.819488
65022	-1491.92	-1586.777	94.85685	0.6035539	0.5624938	0.282418	0.717582	5.108708
65028	-1498.612	-1592.028	93.41575	0.6731146	0.4200891	0.609413	0.390587	5.994023
65094	-1478.699	-1575.061	96.36226	1.089451	0.513015	0.459899	0.540101	4.033824
65100	-1484.487	-1581.372	96.88508	0.7523861	0.4809162	0.32393	0.67607	3.95813
65106	-1494.482	-1589.321	94.83907	0.7809648	0.5314765	0.517812	0.482188	5.046883
65112	-1481.612	-1577.337	95.72527	0.7519571	0.575508	0.474778	0.525222	4.530405
65118	-1483.141	-1579.125	95.98369	0.7057776	0.575508	0.474778	0.525222	4.410922
65124	-1484.014	-1578.948	94.93354	0.5114098	0.7286036	0.539605	0.460395	4.989697
65142	-1475.3	-1569.843	94.54343	0.5414192	0.502082	0.355817	0.644183	5.369177
65148	-1481.278	-1576.54	95.26211	0.5653994	0.6155248	0.531037	0.468963	4.861253
65154	-1482.916	-1576.811	93.89514	0.5307929	0.787704	0.513459	0.486541	5.512763
65160	-1485.254	-1579.498	94.24385	0.6177123	0.5693486	0.513459	0.486541	5.433776
65166	-1484.512	-1578.85	94.33801	0.5848232	0.4131282	0.413505	0.586495	5.544593
65172	-1485.168	-1580.47	95.30195	0.5177612	0.5657514	0.386316	0.613684	4.906372
65178	-1478.452	-1573.541	95.08915	0.602091	0.6551264	0.353382	0.646618	4.906372
65184	-1467.225	-1562.495	95.26931	0.716193	0.4964932	0.422052	0.577948	4.87522
65190	-1476.612	-1573.459	96.84716	0.716193	0.5080367	0.422052	0.577948	3.974669
65196	-1484.122	-1577.761	93.63863	0.5866488	0.5356247	0.382405	0.617595	5.811518
65202	-1487.456	-1581.765	94.30929	0.630678	0.5098004	0.382405	0.617595	5.442029
65208	-1481.143	-1575.88	94.73719	0.4858719	0.4964247	0.395683	0.604317	5.298091
65214	-1479.522	-1573.553	94.03092	0.4282774	0.6353174	0.57087	0.42913	5.60239
65220	-1480.309	-1575.867	95.55787	0.5998372	0.5137443	0.427545	0.572455	4.763352
65226	-1492.203	-1585.263	93.06082	0.5112104	0.4554607	0.505543	0.494457	6.240525
65232	-1483.328	-1579.126	95.7983	0.7620404	0.720413	0.561453	0.438547	4.371012
65238	-1484.681	-1580.229	95.54752	0.6124107	0.6584409	0.416102	0.583898	4.64208
65244	-1492.316	-1587.136	94.82021	0.4880239	0.5575548	0.416102	0.583898	5.197146
65250	-1484.483	-1578.909	94.42651	0.3947145	0.5794596	0.441178	0.558822	5.44764
65256	-1480.916	-1575.404	94.48832	0.3947145	0.5749979	0.546519	0.453481	5.417273
65262	-1480.153	-1575.01	94.85734	0.7276337	0.6763969	0.36629	0.63371	4.949532
65268	-1473.589	-1568.082	94.49328	0.545205	0.5361107	0.442515	0.557485	5.364516
65454	-1485.515	-1580.308	94.79368	0.4643715	0.6795025	0.40667	0.59333	5.128707
65460	-1474.703	-1569.277	94.57367	0.5844818	0.6886785	0.346202	0.653798	5.177298
65466	-1484.027	-1578.473	94.44562	0.5010391	0.863479	0.423067	0.576933	5.177298
65472	-1482.09	-1578.562	96.47138	0.8096461	0.863479	0.452719	0.547281	3.863797
65478	-1483.186	-1578.81	95.62428	0.7885798	0.4143962	0.452719	0.547281	4.717624
65484	-1484.525	-1578.699	94.1739	0.6881075	0.6170779	0.435902	0.564098	5.394983
65490	-1503.938	-1598.849	94.91023	0.8469074	1.207345	0.48039	0.51961	4.53764
65496	-1495.706	-1591.704	95.99869	0.8545448	0.6062055	0.43693	0.56307	4.292914
65514	-1485.029	-1581.191	96.16172	0.8954364	0.6398662	0.49899	0.50101	4.150231
65520	-1487.164	-1585.652	98.48864	0.9186234	0.4596846	0.539558	0.460442	2.943451
65526	-1477.616	-1574.786	97.17003	0.9186234	0.6933999	0.480018	0.519982	3.515381
65532	-1491.832	-1587.886	96.05401	0.9395785	0.4984413	0.509132	0.490868	4.307677
65538	-1474.439	-1570.778	96.33885	0.674638	0.5352893	0.536088	0.463912	4.262712
65544	-1483.342	-1579.29	95.94816	0.6712084	0.5352893	0.537607	0.462393	4.485212
65550	-1484.013	-1580.13	96.11788	1.037206	0.5764027	0.509163	0.490837	4.146533
65556	-1482.969	-1579.659	96.68977	0.7092941	0.561973	0.383169	0.616831	4.01993
65562	-1486.046	-1580.353	94.30627	0.6826782	0.9420763	0.530887	0.469113	5.10687
65568	-1476.002	-1570.835	94.83265	0.5181256	0.6402418	0.524121	0.475879	5.10687
65574	-1481.694	-1577.688	95.99421	0.772124	0.6046655	0.524121	0.475879	4.343312
65580	-1488.771	-1581.472	92.70139	0.7618288	0.8251566	0.443194	0.556806	6.015807
65586	-1489.81	-1583.447	93.63643	0.6301274	0.5617552	0.629391	0.370609	5.766774
65880	-1489.085	-1582.906	93.82182	0.7476906	0.591818	0.468695	0.531305	5.575998
65886	-1492.826	-1587.764	94.93742	0.7476906	0.5321248	0.488011	0.511989	5.010184
65904	-1482.049	-1577.735	95.6862	0.7917294	0.5310538	0.392856	0.607144	4.568474
65910	-1483.861	-1580.716	96.85513	0.7917294	0.5310538	0.3884	0.6116	3.905633
65916	-1509.022	-1602.959	93.93685	0.6969114	0.840223	0.430577	0.569423	5.364624
65922	-1509.109	-1604.767	95.65724	0.7798568	0.5281608	0.464364	0.535636	4.593972
65928	-1487.782	-1584.172	96.39045	0.7798568	0.6158661	0.285844	0.714156	4.105073
65934	-1488.93	-1585.516	96.58551	0.8269769	0.6158661	0.470062	0.529938	3.966862
65940	-1496.298	-1592.448	96.15066	0.7776735	0.7284358	0.504462	0.495538	4.1568
65946	-1488.732	-1584.77	96.038	0.5435911	0.6084202	0.41157	0.58843	4.444487
65952	-1490.19	-1585.541	95.3511	0.7340071	0.6952549	0.530345	0.469655	4.656497
65958	-1483.217	-1579.035	95.81736	0.6111967	0.4661643	0.449933	0.550067	4.656497
65964	-1498.548	-1594.502	95.95395	0.6111967	0.4661643	0.608509	0.391491	4.579905
65970	-1472.819	-1568.342	95.523	0.4631968	0.5245741	0.364432	0.635568	4.849328
65976	-1479.216	-1574.482	95.26539	0.5513074	0.5380515	0.467912	0.532088	4.931835
65982	-1475.036	-1571.367	96.33142	0.5916592	0.5380515	0.467912	0.532088	4.311427
65988	-1482.307	-1577.266	94.95853	0.4785715	0.4146633	0.627408	0.372592	5.259629
65994	-1480.455	-1575.557	95.10167	0.5280181	0.5335916	0.42061	0.57939	5.03967
66000	-1480.376	-1574.3	93.92437	0.4379051	0.5366324	0.42436	0.57564	5.735658
66006	-1477.149	-1571.037	93.88855	0.5641175	0.4813081	0.425114	0.574886	5.735658
66012	-1483.639	-1578.319	94.68014	0.5064214	0.5842961	0.59319	0.40681	5.242152
66018	-1488.353	-1582.771	94.41792	0.4487488	0.6394863	0.424571	0.575429	5.37504
66024	-1482.586	-1578.455	95.86821	0.6178942	0.4689068	0.39697	0.60303	4.621585
66042	-1498.099	-1595.629	97.52961	0.8174079	0.7039054	0.613747	0.386253	3.35618
66048	-1493.264	-1589.825	96.56077	0.9150584	0.6460951	0.399124	0.600876	3.906299
66054	-1498.273	-1595.152	96.87892	0.9860815	0.5355981	0.480524	0.519476	3.776103
66060	-1499.439	-1595.663	96.22365	0.7889321	0.7301209	0.491203	0.508797	4.107665
66066	-1496.536	-1591.763	95.22644	0.7915779	0.6164482	0.450369	0.549631	4.754205
66072	-1489.152	-1584.529	95.37649	0.624353	0.6501971	0.620655	0.379345	4.737424
66078	-1493.336	-1589.792	96.45644	0.6768148	0.4594202	0.517176	0.482824	4.266267
66090	-1483.576	-1578.75	95.17379	0.7050109	0.5512365	0.555134	0.444866	4.885833
66096	-1482.634	-1578.558	95.92339	0.7818014	0.3629836	0.594486	0.405514	4.610529
66102	-1477.327	-1572.091	94.76422	0.5019001	0.4879734	0.410387	0.589613	5.282114
66108	-1481.097	-1574.401	93.30414	0.558982	0.8553868	0.568187	0.431813	5.778529
66114	-1488.511	-1584.402	95.8909	0.6238163	0.522778	0.494591	0.505409	4.555224
66120	-1489.722	-1583.822	94.09963	0.4085659	0.6521541	0.494591	0.505409	5.562698
66126	-1478.065	-1572.022	93.95689	0.3058487	0.5472302	0.482057	0.517943	5.781093
66132	-1486.21	-1580.223	94.01266	0.2566695	0.5429928	0.428987	0.571013	5.781093
66138	-1483.58	-1577.493	93.91266	0.3261084	0.5628314	0.456968	0.543032	5.781093
66144	-1491.756	-1584.425	92.66848	0.1656583	0.5628314	0.456968	0.543032	6.545497
66150	-1496.529	-1590.703	94.17376	0.3039739	0.4951518	0.527401	0.472599	5.709177
66156	-1481.415	-1575.519	94.10391	0.494742	0.4048268	0.418613	0.581387	5.731106
66162	-1486.095	-1581.929	95.83363	0.7895469	0.6502644	0.489075	0.510925	4.387888
66168	-1485.574	-1581.821	96.247	0.8833924	0.7160477	0.461829	0.538171	4.050723
66174	-1481.56	-1578.412	96.85213	0.9005618	0.5929529	0.455589	0.544411	3.790604
66180	-1478.168	-1573.757	95.58879	0.6561307	0.5929529	0.460668	0.539332	4.646257
66186	-1489.451	-1585.12	95.66914	0.4289823	0.4677151	0.36197	0.63803	4.839659
66192	-1487.064	-1582.492	95.42832	0.6130744	0.5840854	0.499484	0.500516	4.767431
66198	-1495.792	-1591.475	95.68212	0.6130744	0.5874	0.502497	0.497503	4.622661
66204	-1488.577	-1585.262	96.68456	0.6548509	0.5774106	0.373636	0.626364	4.040692
66210	-1482.17	-1577.776	95.60615	0.5980831	0.5490514	0.43826	0.56174	4.706063
66216	-1486.326	-1581.589	95.26266	0.6111914	0.7938078	0.489777	0.510223	4.706063
66222	-1484.736	-1580.122	95.3853	0.6470392	0.6682844	0.412072	0.587928	4.706063
66228	-1480.311	-1572.955	92.64349	0.6470392	0.7173132	0.506856	0.493144	6.181151
66234	-1480.917	-1575.639	94.72188	0.5088208	0.521642	0.507848	0.492152	5.271131
66240	-1488.151	-1583.48	95.32903	0.5139984	0.5509876	0.507848	0.492152	4.905967
66246	-1502.027	-1595.967	93.94056	0.6646476	0.7027274	0.47308	0.52692	5.472299
66252	-1495.096	-1589.902	94.80602	0.7862339	0.690426	0.409106	0.590894	4.935151
66258	-1488.906	-1584.156	95.24943	0.5845235	0.7486512	0.451148	0.548852	4.758983
66264	-1503.532	-1597.437	93.90498	0.5232599	0.501746	0.37883	0.62117	5.73031
66270	-1496.286	-1591.577	95.29174	0.8229468	0.6698354	0.494358	0.505642	4.658798
66276	-1484.993	-1580.87	95.87656	0.6558881	0.5072831	0.502794	0.497206	4.559361
66282	-1489.378	-1585.144	95.76672	0.5519133	0.508647	0.502794	0.497206	4.677999
66288	-1488.277	-1582.725	94.44751	0.5519133	0.7390215	0.484932	0.515068	5.229369
66294	-1482.31	-1578.085	95.77453	0.757036	0.5047148	0.470309	0.529691	4.56222
66300	-1492.431	-1587.491	95.06017	0.6957872	0.5342232	0.470309	0.529691	4.968974
66306	-1481.356	-1575.834	94.47892	0.5599378	0.5342232	0.499248	0.500752	5.365953
66312	-1480.029	-1575.206	95.17744	0.5014998	0.622236	0.460253	0.539747	4.938667
66318	-1485.717	-1581.84	96.12269	0.6406607	0.5343444	0.533622	0.466378	4.404938
66324	-1488.74	-1583.227	94.48734	0.6863615	0.6290092	0.424848	0.575152	5.213594
66330	-1480.082	-1574.002	93.9196	0.6863615	0.6975259	0.39202	0.60798	5.47561
66336	-1483.995	-1577.652	93.65675	0.4523185	0.6395919	0.528244	0.471756	5.791042
66342	-1476.585	-1573.049	96.46345	0.7224175	0.522871	0.528244	0.471756	4.176129
66348	-1487.237	-1582.024	94.78706	0.6634839	0.6107535	0.426909	0.573091	5.074629
66354	-1481.347	-1576.594	95.24694	0.7998607	0.7154307	0.361259	0.638741	4.663328
66360	-1491.611	-1587.007	95.39624	0.7566253	0.5626612	0.518829	0.481171	4.723109
66366	-1485.32	-1582.243	96.92246	0.7171383	0.5155793	0.40471	0.59529	3.924
66372	-1484.434	-1581.937	97.50376	0.8705909	0.6671783	0.556965	0.443035	3.368627
66378	-1488.218	-1585.168	96.95021	0.8705909	0.7561107	0.409997	0.590003	3.624844
66384	-1496.349	-1593.494	97.14514	0.8811588	0.3416349	0.409997	0.590003	3.887023
66390	-1490.365	-1587.813	97.44822	0.8811588	0.6255429	0.361147	0.638853	3.428642
66396	-1476.743	-1573.732	96.98843	0.7120739	0.4585625	0.373282	0.626718	3.94414
66402	-1481.222	-1577.146	95.92391	0.6401074	0.3741776	0.44411	0.55589	4.676859
66408	-1481.11	-1575.062	93.9517	0.4501674	0.4384707	0.487546	0.512454	5.804577
66414	-1480.383	-1575.952	95.5696	0.38866	0.5938138	0.505689	0.494311	4.805843
66420	-1480.231	-1574.687	94.45648	0.3601282	0.5154442	0.505689	0.494311	5.504862
66426	-1482.624	-1579.849	97.22507	0.7526495	0.5443806	0.505689	0.494311	3.703109
66432	-1486.364	-1581.799	95.43479	0.746419	0.5028951	0.482425	0.517575	4.760128
66438	-1486.619	-1580.72	94.10087	0.6519595	0.7286573	0.625216	0.374784	5.372704
66444	-1476.648	-1573.182	96.53375	0.954305	0.4837337	0.553635	0.446365	4.04078
66450	-1486.19	-1583.028	96.83718	1.041591	0.4101484	0.496381	0.503619	3.89256
66456	-1497.033	-1592.754	95.72105	1.031128	1.030771	0.363359	0.636641	4.066533
66462	-1486.547	-1581.328	94.78106	0.667838	0.6094386	0.377645	0.622355	5.076591
66468	-1489.835	-1585.266	95.43116	0.5235844	0.576889	0.377645	0.622355	4.821778
66474	-1481.476	-1577.001	95.52458	0.5503752	0.7376662	0.356201	0.643799	4.631779
66480	-1479.138	-1575.756	96.61819	0.867093	0.6016554	0.520687	0.479313	3.936896
66486	-1486.296	-1581.721	95.42546	0.6632521	0.4827837	0.451332	0.548668	4.830512
66492	-1493.45	-1588.65	95.20006	0.682059	0.4229396	0.389304	0.610696	5.004533
66498	-1481.542	-1577.32	95.77808	0.8016954	0.646972	0.320498	0.679502	4.414924
66504	-1482.358	-1577.772	95.41443	0.6704192	0.6229476	0.408984	0.591016	4.711681
66510	-1483.644	-1578.951	95.30679	0.6704192	0.4319575	0.468876	0.531124	4.94244
66516	-1481.4	-1575.941	94.54096	0.6879882	0.4495991	0.465471	0.534529	5.33927
66522	-1481.215	-1576.427	95.21197	0.6515849	0.6350201	0.45735	0.54265	4.825815
66528	-1484.587	-1579.491	94.90383	0.6515849	0.4127164	0.45735	0.54265	5.196247
66534	-1486.782	-1581.211	94.42861	0.6242638	0.9314728	0.465518	0.534482	5.077601
66540	-1479.685	-1576.904	97.21918	1.04123	0.4956092	0.461345	0.538655	3.584767
66546	-1490.359	-1585.607	95.24763	0.6689242	0.5590673	0.648129	0.351871	4.858097
66552	-1481.992	-1577.14	95.14778	0.6739289	0.3986758	0.300754	0.699246	5.063571
66558	-1488.934	-1583.558	94.62351	0.5496238	0.8445992	0.4589	0.5411	5.063571
66564	-1487.721	-1583.64	95.91929	0.6767614	0.4863714	0.350769	0.649231	4.543145
66570	-1484.721	-1580.937	96.21545	0.7305829	0.5367987	0.542623	0.457377	4.299553
66576	-1483.935	-1580.137	96.20212	0.7248371	0.5719388	0.547332	0.452668	4.279759
66594	-1480.427	-1575.031	94.60319	0.5533958	0.5891536	0.402397	0.597603	5.254751
66600	-1476.286	-1571.332	95.04526	0.5484346	0.7311351	0.450217	0.549783	4.905189
66606	-1479.927	-1574.775	94.84787	0.4894872	0.6660728	0.370775	0.629225	5.094718
66612	-1473.677	-1568.35	94.67297	0.612499	0.7107266	0.579389	0.420611	5.090877
66618	-1480.158	-1574.332	94.17472	0.6779721	0.6207186	0.328317	0.671683	5.397263
66624	-1482.05	-1574.541	92.49156	0.4546479	0.6207186	0.631287	0.368713	6.438724
66630	-1479.073	-1572.465	93.39198	0.3358955	0.5909477	0.504629	0.495371	6.037191
66636	-1476.727	-1570.833	94.10609	0.5003895	0.5368286	0.458127	0.541873	5.601574
66642	-1476.423	-1571.396	94.97371	0.531685	0.554771	0.370852	0.629148	5.090316
66648	-1470.735	-1564.495	93.7599	0.5822868	0.554771	0.452622	0.547378	5.731211
66654	-1480.95	-1573.66	92.71051	0.5822868	0.6823184	0.459157	0.540843	6.204692
66660	-1477.924	-1570.961	93.03738	0.5777012	0.7814163	0.524049	0.475951	5.961043
66666	-1483.341	-1577.993	94.65247	0.5678314	0.6695359	0.545376	0.454624	5.156993
66672	-1488.01	-1581.833	93.82333	0.5830339	0.6695359	0.545376	0.454624	5.605673
66678	-1491.32	-1586.122	94.80217	0.4859325	0.5729622	0.37525	0.62475	5.195352
66684	-1496.733	-1592.192	95.45909	0.4786772	0.4461326	0.455174	0.544826	4.950115
66690	-1494.307	-1589.651	95.34488	0.6847726	0.627826	0.533831	0.466169	4.738697
66696	-1494.684	-1589.98	95.29577	0.7338844	0.627826	0.516887	0.483113	4.738697
66732	-1490.861	-1586.894	96.03315	0.5640018	0.8024957	0.435819	0.564181	4.293392
66738	-1482.174	-1578.039	95.86486	0.8559648	0.7187962	0.503307	0.496693	4.28145
66744	-1486.412	-1581.626	95.21434	0.815287	0.5033117	0.375865	0.624135	4.844346
66834	-1490.715	-1585.828	95.11281	0.932747	0.5885995	0.567286	0.432714	4.761378
66840	-1487.998	-1585.452	97.45403	1.232472	0.964253	0.571217	0.428783	2.976717
66846	-1479.755	-1577.41	97.65523	1.232472	0.6288721	0.399515	0.600485	3.096135
66852	-1488.588	-1586.524	97.93614	1.188835	0.6805258	0.417334	0.582666	2.911464
66858	-1490.571	-1587.977	97.40666	0.9954405	0.5112375	0.427871	0.572129	3.487276
66864	-1486.656	-1582.66	96.00384	0.8773176	0.5968889	0.427871	0.572129	4.284761
66870	-1485.116	-1581.458	96.3421	0.9405189	0.6448987	0.469142	0.530858	4.017803
66876	-1480.481	-1577.957	97.47522	0.9573516	0.5589594	0.470467	0.529533	3.425467
66900	-1496.41	-1590.844	94.43409	0.7556311	0.5100613	0.550053	0.449947	5.304106
66906	-1491.69	-1586.045	94.35539	0.4946128	0.5863438	0.416997	0.583003	5.426166
66912	-1490.528	-1585.177	94.64916	0.9199855	0.6470603	0.490685	0.509315	4.980439
66918	-1487.062	-1583.038	95.97574	0.6741256	0.6422676	0.478783	0.521217	4.379048
66924	-1479.531	-1575.355	95.82413	0.9185367	0.4585721	0.630576	0.369424	4.487592
66930	-1484.744	-1580.094	95.35085	0.9185367	0.6726042	0.527608	0.472392	4.569964
66936	-1489.732	-1585.277	95.54538	0.596024	0.4981767	0.527608	0.472392	4.786712
66942	-1486.658	-1581.402	94.74393	0.6502588	0.5936619	0.448716	0.551284	5.119613
66948	-1488.142	-1581.744	93.6026	0.5087548	0.5936619	0.5586	0.4414	5.825622
66954	-1480.766	-1574.891	94.12448	0.3933122	0.6066487	0.5586	0.4414	5.592549
66960	-1483.854	-1579.325	95.47119	0.5771275	0.5349494	0.539528	0.460472	4.805491
66966	-1496.832	-1592.278	95.44528	0.4392261	0.6456581	0.525288	0.474712	4.80589
66972	-1493.156	-1587.964	94.80767	0.7345769	0.7921767	0.540872	0.459128	4.892232
66978	-1503.928	-1601.229	97.30159	0.9386431	0.5020559	0.483522	0.516478	3.590286
66984	-1504.911	-1602.036	97.12462	0.9835469	0.7422965	0.462254	0.537746	3.467527
66990	-1495.454	-1590.629	95.17451	0.9702241	0.7422965	0.31996	0.68004	4.589399
66996	-1485.721	-1583.011	97.28947	0.8770828	0.8268297	0.489604	0.510396	3.374036
67002	-1484.921	-1582.867	97.94576	1.058751	0.6678164	0.552656	0.447344	2.994203
67008	-1508.498	-1605.791	97.29378	1.031127	0.6322729	0.455152	0.544848	3.425724
67014	-1494.81	-1592.164	97.3545	0.75458	0.5063232	0.526488	0.473512	3.662282
67020	-1495.393	-1587.936	92.54394	0.5340563	0.6571096	0.482738	0.517262	6.339798
67026	-1484.685	-1578.804	94.11913	0.5425527	0.5247133	0.520297	0.479703	5.58181
67482	-1484.179	-1579.144	94.96493	0.5136539	0.7060369	0.477343	0.522657	4.987037
67488	-1488.513	-1581.676	93.16204	0.7163822	0.5939996	0.334293	0.665707	5.952625
67494	-1484.469	-1580.987	96.51764	0.8314171	0.5681509	0.36379	0.63621	4.043128
67524	-1487.312	-1584.158	96.84602	0.8466515	0.5873485	0.312281	0.687719	3.82989
67530	-1477.352	-1572.225	94.87344	0.8466515	0.4655441	0.565193	0.434807	5.052028
67536	-1476.812	-1573.405	96.59262	0.8466515	0.7289064	0.422313	0.577687	3.864587
67722	-1487.549	-1581.246	93.69617	0.4807977	0.6154753	0.424931	0.575069	5.772463
67728	-1480.702	-1575.755	95.05327	0.710863	0.6154753	0.372556	0.627444	4.8966
67734	-1486.018	-1581.238	95.22037	0.5904988	0.5833529	0.31886	0.68114	4.8966
67740	-1485.648	-1580.668	95.01993	0.6758603	0.4946068	0.263695	0.736305	5.038079
67746	-1484.997	-1578.857	93.86014	0.6403599	0.6696536	0.528894	0.471106	5.553883
67752	-1484.752	-1579.014	94.2622	0.4365705	0.5082076	0.505657	0.494343	5.576095
67758	-1476.831	-1573.166	96.33461	0.6597476	0.473854	0.612122	0.387878	4.330689
67764	-1476.882	-1571.145	94.26286	0.4676272	0.7288145	0.580043	0.419957	5.384912
67770	-1481.086	-1575.638	94.55216	0.491268	0.3918263	0.484795	0.515205	5.50077
67776	-1475.212	-1569.287	94.07593	0.6466918	0.4985204	0.557505	0.442495	5.571755
67782	-1482.765	-1577.203	94.43846	0.7578686	0.4581207	0.510174	0.489826	5.348951
67788	-1478.048	-1572.734	94.68584	0.6942636	0.6678574	0.47453	0.52547	5.069683
67794	-1481.481	-1576.89	95.40896	0.5879932	0.7267128	0.433008	0.566992	4.683194
67800	-1485.997	-1580.432	94.43431	0.6184018	0.6067885	0.36714	0.63286	5.297932
67806	-1488.665	-1583.265	94.60023	0.6056625	0.5726293	0.425021	0.574979	5.241091
67812	-1504.173	-1600.348	96.17499	0.7285084	0.4966122	0.499534	0.500466	4.360313
67818	-1489.671	-1584.095	94.42351	0.4627391	0.7218464	0.499534	0.500466	5.303863
67824	-1493.627	-1588.37	94.74305	0.676644	0.4266202	0.523441	0.476559	5.256944
67830	-1483.561	-1577.851	94.28939	0.53844	0.4815227	0.486042	0.513958	5.529603
67836	-1494.718	-1591.721	97.00349	0.53844	0.4538282	0.506633	0.493367	4.039551
67842	-1506.448	-1599.183	92.73593	0.5163796	0.5370616	0.327657	0.672343	6.340425
67848	-1485.381	-1580.888	95.50667	0.5883755	0.5600915	0.343388	0.656612	4.757619
67854	-1472.69	-1569.2	96.51009	0.5883755	0.5438272	0.579937	0.420063	4.206945
67860	-1474.607	-1569.944	95.33738	0.5290397	0.5332903	0.384733	0.615267	4.908337
67866	-1470.702	-1565.993	95.29121	0.5752116	0.5332903	0.418635	0.581365	4.908337
67872	-1483.626	-1579.398	95.77229	0.8102439	0.6138341	0.300709	0.699291	4.439584
67878	-1474.555	-1571.341	96.78602	0.8102439	0.4583549	0.450874	0.549126	4.003969
67884	-1474.422	-1571.357	96.93508	0.8671928	0.5210069	0.386952	0.613048	3.825586
67890	-1488.093	-1583.369	95.27537	1.026845	0.6974102	0.583714	0.416286	4.53311
67896	-1485.59	-1580.008	94.41754	1.026845	0.9186677	0.553995	0.446005	4.867504
67902	-1471.341	-1565.973	94.63158	0.665696	0.6501912	0.457489	0.542511	5.128908
67908	-1476.394	-1572.203	95.80824	0.645931	0.6334894	0.512053	0.487947	4.4962
67914	-1471.474	-1567.738	96.26456	0.645931	0.5241891	0.512053	0.487947	4.330964
67920	-1484.124	-1580.347	96.22272	0.719344	0.6099891	0.512053	0.487947	4.239516
67926	-1485.542	-1580.653	95.11036	0.6233255	0.4637616	0.497184	0.502816	5.046208
67962	-1487.994	-1582.762	94.768	0.5381925	0.6918499	0.479542	0.520458	5.092986
67968	-1483.278	-1578.897	95.61841	0.6317471	0.6435693	0.542577	0.457423	4.602928
67974	-1487.851	-1584.194	96.34289	0.6260979	0.5371323	0.483237	0.516763	4.286266
67980	-1485.962	-1581.487	95.52495	0.52701	0.4570039	0.493453	0.506547	4.875808
67986	-1502.555	-1598.74	96.18455	0.2972355	0.5049404	0.493453	0.506547	4.589958
67992	-1501.837	-1594.887	93.05027	0.2727426	0.6237541	0.406745	0.593255	6.231844
67998	-1500.931	-1595.11	94.17851	0.3210493	0.6237541	0.594631	0.405369	5.58915
68010	-1490.46	-1585.753	95.29326	0.4064538	0.4459129	0.650278	0.349722	5.082539
68016	-1486.819	-1580.319	93.49911	0.438113	0.4664518	0.61125	0.38875	6.031257
68022	-1478.807	-1572.13	93.32278	0.4906576	0.5416671	0.379102	0.620898	6.031257
68028	-1475.942	-1570.505	94.5627	0.3769359	0.5506966	0.507712	0.492288	5.40646
68034	-1477.652	-1571.792	94.13993	0.7451155	0.6665208	0.488727	0.511273	5.344506
68040	-1482.291	-1576.637	94.34627	0.6046476	0.7425761	0.506477	0.493523	5.253726
68046	-1485.126	-1580.211	95.08461	0.7157886	0.7425761	0.428887	0.571113	4.781941
68100	-1500.671	-1597.218	96.54667	1.040991	0.4406003	0.405099	0.594901	4.026936
68106	-1489.32	-1584.435	95.11469	0.671242	0.5343077	0.465823	0.534177	4.952228
68112	-1493.396	-1588.063	94.66688	0.5941451	0.5497124	0.635336	0.364664	5.229927
68118	-1498.211	-1590.726	92.51436	0.4816556	0.4403408	0.602204	0.397796	6.567558
68124	-1483.606	-1578.045	94.43861	0.5074065	0.5087666	0.425744	0.574256	5.43963
68130	-1484.674	-1579.27	94.59637	0.5208677	0.6328086	0.494976	0.505024	5.241863
68136	-1497.195	-1590.566	93.37124	0.529333	0.6286513	0.528082	0.471918	5.913383
68142	-1484.275	-1578.832	94.55692	0.5063512	0.6268542	0.415498	0.584502	5.276302
68148	-1485.599	-1580.357	94.75834	0.596487	0.5522739	0.488678	0.511322	5.17585
68154	-1497.98	-1593.798	95.81814	0.4305044	0.5835262	0.419571	0.580429	4.651956
68160	-1482.491	-1578.736	96.24501	0.8131618	0.750165	0.453227	0.546773	4.067422
68166	-1477.659	-1574.139	96.47947	0.8248639	0.6441795	0.46488	0.53512	4.005964
68172	-1486.181	-1582.497	96.31544	0.790792	0.5816544	0.39631	0.60369	4.16985
68178	-1487.022	-1581.887	94.8655	0.5028789	0.5998419	0.418341	0.581659	5.128917
68184	-1491.415	-1587.119	95.70456	0.7056838	0.5998419	0.479213	0.520787	4.547863
68190	-1494.211	-1588.41	94.19868	0.7903835	0.5409496	0.444174	0.555826	5.387572
68196	-1489.099	-1583.371	94.27212	0.4582134	0.5840524	0.447152	0.552848	5.493897
68202	-1489.469	-1583.711	94.24146	0.5109933	0.5840524	0.461387	0.538613	5.481729
68208	-1489.756	-1583.427	93.67114	0.8035144	0.7941769	0.443729	0.556271	5.481729
68214	-1483.572	-1579.047	95.47415	0.8126216	0.4964945	0.567342	0.432658	4.707035
68220	-1475.412	-1569.727	94.31491	0.6649543	0.7603703	0.528022	0.471978	5.225574
68226	-1485.172	-1580.151	94.97873	0.6649543	0.5495032	0.457112	0.542888	5.018088
68232	-1474.796	-1569.599	94.80313	0.6649543	0.671559	0.460934	0.539066	5.018088
68238	-1485.802	-1580.091	94.28922	0.6649543	0.671559	0.275801	0.724199	5.302621
68244	-1488.787	-1585.269	96.48276	0.8929189	0.6185367	0.581903	0.418097	3.985736
68250	-1491.922	-1587.154	95.23159	1.015	0.3547865	0.628222	0.371778	4.876351
68256	-1478.976	-1574.894	95.91734	0.7282033	0.527411	0.551652	0.448348	4.477504
68262	-1489.288	-1583.924	94.63682	0.6759822	0.7068274	0.413542	0.586458	5.078507
68268	-1489.21	-1583.823	94.61314	0.6215365	0.6515326	0.476911	0.523089	5.162562
68274	-1490.03	-1586.312	96.2817	0.6896471	0.5866081	0.412649	0.587351	4.242227
68280	-1488.521	-1583.943	95.42224	0.6930879	0.5233533	0.518892	0.481108	4.77837
68286	-1485.15	-1580.745	95.59512	0.6629468	0.4393923	0.389692	0.610308	4.77837
68292	-1478.147	-1573.621	95.47394	0.8249796	0.5674931	0.436205	0.563795	4.637244
68298	-1477.093	-1573.47	96.37651	0.7452724	0.5674931	0.417002	0.582998	4.173081
68304	-1475.627	-1571.922	96.29539	0.79148	0.5909065	0.409884	0.590116	4.173081
68310	-1479.988	-1576.391	96.40366	0.9108207	0.655564	0.409884	0.590116	3.991237
68316	-1482.026	-1576.737	94.71058	0.6447769	0.5091233	0.486336	0.513664	5.21343
68322	-1480.075	-1576.172	96.09633	0.6447769	0.5922578	0.524593	0.475407	4.367769
68328	-1484.973	-1580.084	95.11153	0.5363324	0.5660043	0.524593	0.475407	5.001729
68460	-1487.143	-1582.328	95.18508	0.6036375	0.5081076	0.527602	0.472398	4.974081
68466	-1490.306	-1584.784	94.47819	0.6036375	0.6149634	0.548492	0.451508	5.275372
68514	-1490.958	-1587.364	96.4063	1.274699	0.5548419	0.606565	0.393435	3.864734
69024	-1490.041	-1585.237	95.19595	0.5318853	0.6916283	0.574926	0.425074	4.85877
69030	-1490.739	-1585.201	94.46135	0.7396818	0.7968239	0.51741	0.48259	5.078797
69036	-1492.829	-1589.817	96.9884	0.7396818	0.6606895	0.451338	0.548662	3.749738
69042	-1489.429	-1585.381	95.95192	0.7231446	0.7170463	0.451338	0.548662	4.308606
69048	-1492.202	-1587.019	94.81736	0.7344478	0.4705493	0.556174	0.443826	5.140522
69054	-1485.549	-1580.418	94.86951	0.9828681	0.5501406	0.455659	0.544341	4.901493
69060	-1486.622	-1581.854	95.2317	0.7297226	0.4677052	0.503631	0.496369	4.915822
69066	-1498.066	-1593.343	95.27628	0.6740875	0.8097809	0.566871	0.433129	4.652692
69072	-1485.22	-1581.145	95.92493	0.6499625	0.7010927	0.411027	0.588973	4.37683
69078	-1496.065	-1594.845	98.78037	1.212172	0.8020092	0.472482	0.527518	2.2794
69084	-1486.925	-1584.923	97.99766	1.217023	0.5691642	0.482144	0.517856	2.95234
69090	-1478.159	-1576.174	98.01496	1.146998	0.6223	0.63672	0.36328	2.937312
69096	-1486.517	-1584.488	97.97037	1.146998	0.6543554	0.367443	0.632557	2.937312
69102	-1495.016	-1590.928	95.91201	0.7212312	0.6451127	0.512411	0.487589	4.386209
69108	-1486.573	-1580.344	93.77103	0.5934361	0.5165392	0.485414	0.514586	5.752007
69114	-1491.179	-1587.48	96.30093	0.7551944	0.819499	0.40419	0.59581	4.021224
69120	-1486.506	-1582.936	96.4299	0.8408755	0.7977451	0.401296	0.598704	3.912997
69126	-1485.531	-1581.208	95.67681	0.8517169	0.5358882	0.582907	0.417093	4.535766
69132	-1480.314	-1575.993	95.67957	0.6512965	0.6220084	0.600879	0.399121	4.574574
69138	-1477.9	-1572.783	94.88273	0.581586	0.6259776	0.512321	0.487679	5.054975
69144	-1473.714	-1568.889	95.1747	0.6132423	0.6000247	0.543505	0.456495	4.895738
69150	-1482.213	-1577.604	95.39115	0.6166468	0.6703038	0.457022	0.542978	4.718273
69156	-1482.985	-1577.418	94.4334	0.6814616	0.5588389	0.474123	0.525877	5.302921
69162	-1488.591	-1583.966	95.37495	0.7733198	0.5533149	0.451707	0.548293	4.733681
69168	-1484.418	-1579.239	94.82084	0.6335895	0.4501137	0.468823	0.531177	5.214222
69174	-1468.277	-1564.339	96.06237	0.8522435	0.7330487	0.440644	0.559356	4.16129
69180	-1493.634	-1589.593	95.95848	0.8522435	1.029444	0.436228	0.563772	4.033879
69186	-1493.081	-1587.395	94.31386	0.7424973	0.7356684	0.436228	0.563772	5.200209
69192	-1487.692	-1582.773	95.08102	0.8604991	0.7722038	0.436228	0.563772	4.682691
69198	-1481.742	-1577.27	95.52717	0.8604991	0.8079277	0.496456	0.503544	4.408129
69204	-1498.561	-1593.836	95.27421	1.05525	0.7305189	0.308203	0.691797	4.493909
69210	-1497.153	-1592.658	95.50576	0.8672976	0.598691	0.26555	0.73445	4.569688
69216	-1507.193	-1603.398	96.20463	0.8694101	0.5950202	0.648034	0.351966	4.176942
69222	-1492.303	-1586.734	94.43088	0.4351164	0.533377	0.521581	0.478419	5.461916
69228	-1508.423	-1602.205	93.78196	0.5836544	0.685975	0.53147	0.46853	5.616023
69234	-1482.488	-1578.655	96.16658	0.7645991	0.7312508	0.515392	0.484608	4.153162
69240	-1485.01	-1579.268	94.25777	0.5581279	0.6806891	0.635435	0.364565	5.372184
69246	-1483.272	-1577.699	94.42674	0.4372127	0.645187	0.536051	0.463949	5.372184
69252	-1485.833	-1583.271	97.4382	1.014167	0.645187	0.478084	0.521916	3.340409
69258	-1489.911	-1586.096	96.18522	0.8630991	0.6934702	0.407538	0.592462	4.114142
69264	-1493.111	-1589.911	96.79982	0.8853273	0.7670979	0.363816	0.636184	3.695613
69270	-1487.263	-1582.221	94.95799	0.7901105	0.5323601	0.363816	0.636184	4.974976
69276	-1484.798	-1579.541	94.74294	0.6258546	0.6499953	0.436324	0.563676	5.089418
69282	-1495.606	-1591.533	95.92699	0.6258546	0.5675198	0.373772	0.626228	4.494646
69288	-1481.925	-1577.403	95.47748	0.7852297	0.4950389	0.435768	0.564232	4.721842
69294	-1480.157	-1576.145	95.98779	0.8038222	0.5957029	0.53524	0.46476	4.336387
69300	-1482.436	-1577.669	95.23319	0.7886121	0.7109423	0.431408	0.568592	4.680556
69306	-1487.341	-1582.109	94.76757	0.6064421	0.5825508	0.454789	0.545211	5.139867
69312	-1487.312	-1583.177	95.86439	0.7654445	0.4743775	0.444489	0.555511	4.53562
69318	-1479.534	-1574.098	94.56355	0.5687467	0.5563352	0.516154	0.483846	5.295411
69324	-1489.03	-1582.683	93.65285	0.6462688	0.5563352	0.454864	0.545136	5.753484
69330	-1488.892	-1583.539	94.64755	0.3886002	0.5276082	0.516832	0.483168	5.373229
69336	-1483.465	-1577.936	94.47097	0.2250135	0.5724296	0.368241	0.631759	5.522328
69342	-1493.519	-1588.557	95.03813	0.5811024	0.4625203	0.569135	0.430865	5.110885
69348	-1483.9	-1579.524	95.6241	0.6403276	0.4914795	0.459735	0.540265	4.724207
69354	-1480.151	-1574.758	94.6073	0.6232598	0.5873532	0.46788	0.53212	5.215326
69360	-1481.809	-1576.227	94.41838	0.4968334	0.5179304	0.435064	0.564936	5.448397
69366	-1485.735	-1581.863	96.12811	0.8499852	0.5179304	0.476458	0.523542	4.298419
69372	-1488.034	-1584.268	96.23402	0.8335896	0.4644832	0.339925	0.660075	4.298419
69378	-1490.607	-1586.608	96.00087	1.042961	0.9613358	0.515016	0.484984	3.939695
69384	-1479.432	-1576.898	97.46593	0.9206079	0.4505315	0.543855	0.456145	3.556488
69390	-1491.81	-1590.154	98.34454	1.048277	0.6481693	0.513805	0.486195	2.775493
69396	-1494.384	-1592.214	97.82977	1.048277	0.7203229	0.37344	0.62656	3.028797
69402	-1504.5	-1600.508	96.00806	1.048277	0.6022682	0.37344	0.62656	4.181005
69408	-1480.971	-1576.41	95.43937	0.6721677	0.590493	0.425725	0.574275	4.722941
69414	-1485.112	-1580.619	95.50666	0.519345	0.6469442	0.390687	0.609313	4.725855
69420	-1480.051	-1575.826	95.7746	0.4766967	0.5718678	0.573987	0.426013	4.660225
69426	-1478.055	-1573.896	95.84104	0.6267227	0.5603102	0.489438	0.510562	4.548633
69432	-1486.454	-1580.888	94.43433	0.7125454	0.5603102	0.597407	0.402593	5.284004
69438	-1477.777	-1572.267	94.49016	0.6725742	0.7786032	0.437551	0.562449	5.112087
69444	-1479.315	-1573.824	94.50854	0.5573	0.3919196	0.514027	0.485973	5.488342
69450	-1473.6	-1569.906	96.306	0.8413366	0.5772974	0.548992	0.451008	4.150182
69456	-1485.427	-1581.819	96.39137	1.052224	0.3213919	0.548992	0.451008	4.244473
69462	-1487.139	-1583.243	96.10387	1.047542	0.3213919	0.370035	0.629965	4.409652
69468	-1481.365	-1577.021	95.65523	0.922566	0.6734178	0.482608	0.517392	4.395788
69474	-1482.589	-1577.073	94.484	0.7854537	0.6732443	0.482608	0.517392	5.127014
69480	-1485.984	-1581.63	95.64562	0.5283299	0.4641038	0.416614	0.583386	4.800856
69486	-1497.921	-1594.032	96.11061	0.6579911	0.4296911	0.487161	0.512839	4.502169
69492	-1489.891	-1585.15	95.25891	1.137686	0.445064	0.503689	0.496311	4.695222
69498	-1481.171	-1578.534	97.36346	1.07564	0.61564	0.490186	0.509814	3.372567
69504	-1487.816	-1579.737	91.92084	0.5002623	0.7159948	0.472274	0.527726	6.653526
69510	-1476.439	-1570.95	94.51063	0.5002623	0.4823552	0.468809	0.531191	5.428104
69516	-1479.21	-1573.609	94.39817	0.5190858	0.5925646	0.468809	0.531191	5.384064
69522	-1475.511	-1570.84	95.32878	0.8464642	0.6776771	0.50523	0.49477	4.618983
69528	-1483.799	-1576.897	93.09844	0.8464642	0.5677905	0.449425	0.550575	5.937621
69534	-1482.321	-1575.552	93.23019	0.7401747	0.5724259	0.437885	0.562115	5.9199
69540	-1483.557	-1577.72	94.16296	0.4947686	0.5724259	0.450919	0.549081	5.543362
69546	-1487.236	-1580.396	93.16024	0.6876563	0.5724259	0.5009	0.4991	5.98675
69552	-1486.551	-1582.671	96.11944	0.8452465	0.7608103	0.395059	0.604941	4.113211
69558	-1477.932	-1573.333	95.40103	0.8839754	0.6443996	0.44578	0.55422	4.582731
69564	-1478.52	-1571.611	93.09144	0.8634902	0.9211848	0.454977	0.545023	5.688856
69570	-1480.646	-1575.89	95.24404	0.6885804	0.5356467	0.517297	0.482703	4.869394
69576	-1487.301	-1582.631	95.32954	0.6757662	0.4662769	0.387647	0.612353	4.89277
69582	-1491.986	-1585.786	93.80033	0.7712218	0.841128	0.482226	0.517774	5.398345
69588	-1486.758	-1583.939	97.18114	0.7192102	0.4244407	0.433368	0.566632	3.864813
69594	-1493.882	-1589.973	96.09103	0.6829424	0.6586156	0.433368	0.566632	4.296227
69600	-1499.135	-1597.58	98.4454	1.043358	0.5132084	0.382604	0.617396	2.83962
69606	-1488.784	-1587.162	98.37793	0.9794048	0.5987512	0.36798	0.63202	2.83962
69612	-1487.292	-1585.068	97.7752	1.238925	0.7246196	0.370421	0.629579	2.943796
69618	-1481.126	-1578.099	96.97332	1.012788	0.8070217	0.547405	0.452595	3.493108
69624	-1483.937	-1582.02	98.08281	0.9454274	0.4366511	0.434547	0.565453	3.194419
69630	-1480.951	-1576.888	95.9362	0.6950427	0.7154571	0.398788	0.601212	4.334532
69636	-1472.065	-1567.819	95.75381	0.8191201	0.6186343	0.510595	0.489405	4.441136
69642	-1477.69	-1570.826	93.13562	0.5986306	0.6302613	0.433197	0.566803	6.002929
69648	-1478.76	-1574.185	95.42567	0.4340703	0.5669172	0.425729	0.574271	4.883097
69654	-1483.758	-1579.489	95.73101	0.5023953	0.5028631	0.567232	0.432768	4.730988
69660	-1485.195	-1582.401	97.20606	0.7057605	0.485435	0.42833	0.57167	3.796245
69666	-1487.523	-1581.263	93.74015	0.4949834	0.5503969	0.498422	0.501578	5.793516
69672	-1483.487	-1576.265	92.77812	0.3211989	0.5773884	0.498422	0.501578	6.389907
69678	-1493.075	-1586.67	93.5955	0.250667	0.4310758	0.328371	0.671629	6.115227
69684	-1486.33	-1580.816	94.48578	0.63663	0.7611484	0.572374	0.427626	5.146168
69690	-1477.608	-1572.925	95.31717	0.6582093	0.5437166	0.517394	0.482606	4.838509
69696	-1479.522	-1572.28	92.75772	0.567026	0.6827168	0.477328	0.522672	6.187024
69702	-1470.463	-1563.993	93.53005	0.5676486	0.4673036	0.423043	0.576957	5.942901
69708	-1474.249	-1565.897	91.64792	0.5085174	0.4362622	0.540883	0.459117	7.024684
69714	-1476.439	-1570.799	94.35956	0.626627	0.4362622	0.446651	0.553349	5.486214
69720	-1488.684	-1582.938	94.25442	0.5980246	0.7359331	0.463429	0.536571	5.3127
69726	-1491.988	-1586.283	94.29498	0.6254354	0.4789489	0.473687	0.526313	5.481096
69744	-1506.05	-1600.492	94.44215	0.766391	0.582472	0.422174	0.577826	5.231499
69750	-1499.856	-1594.315	94.45919	0.7031901	0.6141511	0.441565	0.558435	5.231499
69756	-1496.007	-1590.934	94.92751	0.510739	0.5704537	0.415314	0.584686	5.114306
69762	-1495.38	-1591.641	96.26122	0.9250626	0.7011893	0.517514	0.482486	4.029763
69768	-1500.556	-1595.849	95.29308	0.9250626	0.6506294	0.395897	0.604103	4.615431
69774	-1493.607	-1588.542	94.93426	0.7451128	0.5642189	0.505581	0.494419	4.985727
69780	-1496.025	-1591.286	95.26173	0.6065401	0.5642189	0.565456	0.434544	4.880628
69786	-1491.872	-1586.24	94.36791	0.598772	0.4818661	0.473673	0.526327	5.452903
69792	-1481.396	-1576.063	94.66711	0.6991606	0.5258224	0.512538	0.487462	5.192483
69798	-1487.972	-1584.307	96.335	0.7055894	0.3444623	0.431062	0.568938	4.443793
69804	-1496.282	-1592.001	95.7184	0.8897501	0.3617946	0.411486	0.588514	4.666285
69810	-1483.494	-1578.525	95.03164	0.6749958	0.3617946	0.396939	0.603061	5.168111
69816	-1487.733	-1582.119	94.38597	0.6749958	0.5612529	0.371411	0.628589	5.330632
70482	-1497.394	-1593.856	96.46203	0.8922824	0.5204284	0.552986	0.447014	4.082536
70488	-1492.93	-1589.927	96.99623	0.6637935	0.6159818	0.563129	0.436871	3.824772
70494	-1493.802	-1589.867	96.0647	0.6660026	0.5008613	0.321264	0.678736	4.453798
70512	-1484.897	-1581.134	96.23682	0.7230048	0.5574796	0.439642	0.560358	4.273576
70518	-1481.039	-1574.905	93.86618	0.8407976	0.924496	0.555592	0.444408	5.273129
70524	-1476.515	-1570.826	94.311	0.6718733	0.5961911	0.555592	0.444408	5.344959
70530	-1485.555	-1579.747	94.19202	0.677858	0.6469057	0.444048	0.555952	5.367612
70536	-1481.045	-1575.881	94.83571	0.5676475	0.5317069	0.501519	0.498481	5.166782
70542	-1480.521	-1574.165	93.64386	0.4863869	0.5903799	0.611098	0.388902	5.817927
70548	-1476.988	-1570.895	93.90607	0.5310285	0.6938592	0.344233	0.655767	5.571076
70554	-1487.464	-1583.51	96.04556	0.7904098	0.6938592	0.380469	0.619531	4.234477
70572	-1493.861	-1589.359	95.49861	0.8440082	0.9199292	0.325549	0.674451	4.363005
70578	-1495.814	-1590.845	95.03008	0.8103619	0.6440084	0.325549	0.674451	4.831741
70584	-1493.558	-1589.225	95.66696	0.7659522	0.6149129	0.443646	0.556354	4.522922
70590	-1479.458	-1574.758	95.29969	0.9756825	0.7324959	0.524795	0.475205	4.522922
70596	-1485.126	-1582.035	96.90846	1.109917	0.5759671	0.459596	0.540404	3.651671
70602	-1474.946	-1572.95	98.0044	1.162819	0.7539136	0.536532	0.463468	2.829051
70608	-1478.483	-1576.368	97.88542	1.162819	0.3162929	0.466978	0.533022	3.325923
70830	-1487.234	-1584.436	97.20177	0.8685198	0.6750791	0.491229	0.508771	3.540196
70836	-1493.457	-1590.506	97.04888	0.8685198	0.6525133	0.499755	0.500245	3.646726
70842	-1488.744	-1587.109	98.3642	1.08128	0.5856257	0.423193	0.576807	2.797749
70848	-1492.926	-1592.05	99.1236	1.062924	0.4637052	0.458702	0.541298	2.460752
70854	-1496.582	-1591.216	94.63413	1.062924	0.7079634	0.466384	0.533616	4.864077
70860	-1479.392	-1575.08	95.68719	0.6875299	0.8320317	0.466384	0.533616	4.399673
70866	-1478.06	-1573.204	95.14352	0.8859219	0.8511655	0.516082	0.483918	4.581706
70872	-1488.292	-1586.093	97.80133	1.048375	0.5277738	0.537427	0.462573	3.208505
70878	-1484.697	-1582.068	97.37126	1.010501	0.7388916	0.524809	0.475191	3.309543
70884	-1479.24	-1575.567	96.3273	0.9857208	0.52846	0.562985	0.437015	4.098736
70890	-1488.632	-1584.224	95.59171	0.8319748	0.7825994	0.437622	0.562378	4.40475
70896	-1484.407	-1579.56	95.1529	0.5874619	0.8291093	0.476437	0.523563	4.757638
70902	-1486.964	-1582.112	95.14795	0.6486823	0.6682657	0.50547	0.49453	4.837726
70908	-1487.005	-1579.787	92.78217	0.6464386	0.7083881	0.335035	0.664965	6.112231
70914	-1483.823	-1579.521	95.69835	0.6464386	0.6313117	0.516318	0.483682	4.559395
70920	-1497.67	-1589.715	92.04534	0.3913316	0.9026303	0.429132	0.570868	6.52661
70926	-1485.594	-1580.607	95.01312	0.5820028	0.9026303	0.525551	0.474449	4.793024
70932	-1476.763	-1571.887	95.12337	0.7769076	0.7483057	0.471595	0.528405	4.722149
70938	-1476.823	-1573.299	96.47566	0.8389154	0.5315546	0.603511	0.396489	4.095055
70944	-1485.847	-1581.928	96.08123	0.6339057	0.491365	0.402209	0.597791	4.471453
70950	-1483.79	-1577.344	93.55309	0.7144291	0.9687188	0.525117	0.474883	5.489968
70956	-1488.126	-1582.266	94.13925	0.4290393	0.5564227	0.441089	0.558911	5.605834
70962	-1480.968	-1575.672	94.70306	0.5225626	0.5924355	0.413124	0.586876	5.213918
70968	-1482.391	-1576.235	93.84331	0.5461976	0.6981382	0.46726	0.53274	5.594143
70974	-1475.85	-1570.315	94.46522	0.4190118	0.5931708	0.533964	0.466036	5.401778
71040	-1504.202	-1598.238	94.03545	0.4525217	0.6016594	0.396673	0.603327	5.612882
71046	-1493.317	-1589.018	95.7009	0.7399564	0.4398884	0.523666	0.476334	4.67566
71052	-1501.01	-1596.897	95.88662	0.8285753	0.7173672	0.523666	0.476334	4.285667
71058	-1499.218	-1593.01	93.79164	0.5730438	0.7173672	0.50511	0.49489	5.594146
71064	-1487.57	-1580.463	92.89329	0.3804465	0.5250029	0.460813	0.539187	6.33917
71070	-1485.994	-1580.705	94.71132	0.4401122	0.5774873	0.550273	0.449727	5.267162
71076	-1488.928	-1583.417	94.48989	0.6805395	0.564867	0.550273	0.449727	5.267162
71082	-1492.725	-1586.817	94.0916	0.7765264	0.750104	0.357128	0.642872	5.294295
71088	-1493.05	-1587.897	94.84716	0.8541835	0.3981312	0.43635	0.56365	5.13088
71094	-1489.402	-1586.126	96.72421	0.9438102	0.4314142	0.43635	0.56365	3.990567
71100	-1496.752	-1593.182	96.43053	0.692323	0.4314142	0.302256	0.697744	4.300558
71106	-1487.17	-1582.49	95.32009	0.6440222	0.6699851	0.341483	0.658517	4.742934
71112	-1497.718	-1590.438	92.71939	0.8731729	0.6174708	0.408976	0.591024	6.090019
71118	-1494.47	-1588.165	93.6952	0.5898022	0.4915367	0.350916	0.649084	5.817997
71124	-1490.651	-1584.731	94.08021	0.5833848	0.5435835	0.465842	0.534158	5.5644
71142	-1494.088	-1586.082	91.99372	0.4972788	0.5141213	0.531745	0.468255	6.77235
71148	-1497.473	-1591.317	93.84325	0.4802881	0.5786287	0.456734	0.543266	5.721638
71172	-1502.104	-1597.139	95.03558	0.7740991	0.7540327	0.448443	0.551557	4.768831
71178	-1503.818	-1599.189	95.371	0.7641591	0.7665407	0.380642	0.619358	4.578009
71772	-1481.412	-1577.429	96.01722	0.6421652	0.4130517	0.539498	0.460502	4.580925
71778	-1482.75	-1579.08	96.33002	0.8072212	0.5454392	0.414583	0.585417	4.183508
71784	-1481.852	-1576.864	95.01241	0.6053876	0.7290065	0.481012	0.518988	4.893263
71790	-1483.99	-1579.541	95.55078	0.5638194	0.607024	0.547624	0.452376	4.707764
71796	-1481.756	-1577.446	95.69095	0.6566197	0.5213594	0.486636	0.513364	4.650258
71862	-1484.5	-1580.242	95.74161	0.7382521	0.4685816	0.472912	0.527088	4.625395
71868	-1482.451	-1579.538	97.08695	0.7494794	0.4805451	0.472912	0.527088	3.844383
71874	-1487.685	-1583.598	95.91303	0.7038699	0.6015854	0.619521	0.380479	4.430162
71880	-1504.706	-1599.547	94.84131	0.6790501	0.4898659	0.379458	0.620542	5.139744
71886	-1505.288	-1600.689	95.40021	0.845864	0.7315322	0.603834	0.396166	4.540072
71892	-1501.837	-1595.277	93.4397	0.4984597	0.4093231	0.561899	0.438101	6.087212
71898	-1500.848	-1595.075	94.22652	0.6507873	0.624822	0.571229	0.428771	5.380499
71904	-1503.277	-1598.974	95.6965	0.7060259	0.5478674	0.590498	0.409502	4.596002
71910	-1497.754	-1592.907	95.15349	0.5837496	0.4986522	0.410432	0.589568	5.011329
71916	-1493.645	-1590.269	96.62412	0.5837496	0.4649468	0.501201	0.498799	4.218504
71922	-1502.384	-1598.456	96.07213	0.6124907	0.3468535	0.431048	0.568952	4.640941
71928	-1486.899	-1583.237	96.33776	0.723895	0.4938587	0.431048	0.568952	4.273467
71934	-1493.747	-1589.022	95.2757	0.7618411	0.6216249	0.42222	0.57778	4.739183
71964	-1489.855	-1585.81	95.95439	0.7131912	0.5840321	0.362918	0.637082	4.416102
71982	-1502.262	-1596.96	94.69805	1.019703	0.4670594	0.469583	0.530417	5.051865
71988	-1492.316	-1590.369	98.05328	1.019703	0.6302016	0.456069	0.543931	2.984134
71994	-1479.923	-1576.902	96.97933	0.6703796	0.5458335	0.496352	0.503648	3.890687
72000	-1487.897	-1581.958	94.06038	0.6363141	0.9355956	0.687665	0.312335	5.27234
72006	-1482.873	-1578.758	95.88507	0.7992614	0.4806013	0.350137	0.649863	4.499003
72012	-1475.863	-1571.22	95.35676	0.7364168	0.5545255	0.442224	0.557776	4.763425
72018	-1483.604	-1577.81	94.20604	0.620903	0.5865704	0.462805	0.537195	5.438679
72024	-1475.048	-1569.748	94.69986	0.4693796	0.4895575	0.462805	0.537195	5.334123
72030	-1476.477	-1572.097	95.62	0.7929461	0.4895575	0.479998	0.520002	4.642872
72036	-1480.122	-1574.885	94.76301	0.6605375	0.4421746	0.407133	0.592867	5.239151
72042	-1485.878	-1580.959	95.08194	0.6397898	0.7604911	0.49351	0.50649	4.813497
72048	-1476.063	-1570.724	94.6611	0.5558136	0.6161185	0.379668	0.620332	5.19979
72054	-1480.002	-1574.107	94.10517	0.538687	0.6161185	0.425803	0.574197	5.515818
72060	-1483.508	-1578.138	94.62967	0.594802	0.6054556	0.405285	0.594715	5.204074
72066	-1481.033	-1576.001	94.96746	0.603126	0.5079854	0.478095	0.521905	5.095284
72072	-1479.585	-1573.957	94.37272	0.4718043	0.7357576	0.449658	0.550342	5.317192
72078	-1490.719	-1583.22	92.50034	0.5339502	0.7216511	0.449658	0.550342	6.317403
72084	-1489.386	-1584.362	94.97611	0.6358073	0.5155201	0.409868	0.590132	5.065567
72090	-1484.269	-1579.257	94.98811	0.6562153	0.4957642	0.409868	0.590132	5.065567
72096	-1481.754	-1576.303	94.54917	0.5510471	0.6280108	0.409868	0.590132	5.254995
72102	-1483.327	-1578.766	95.43926	0.6392508	0.4338061	0.469398	0.530602	4.884171
72108	-1489.407	-1585.518	96.11086	0.8063179	0.7268058	0.343512	0.656488	4.164311
72114	-1496.325	-1592.245	95.91966	0.8063179	0.473319	0.402387	0.597613	4.482576
72120	-1485.171	-1580.583	95.41166	0.5815887	0.5698572	0.405611	0.594389	4.806188
72126	-1490.23	-1583.492	93.26118	0.2696049	0.5178775	0.405611	0.594389	6.205732
72132	-1498.913	-1593.472	94.55859	0.2936217	0.5279256	0.403782	0.596218	5.474258
72138	-1494.064	-1588.997	94.93269	0.2319531	0.5048687	0.390144	0.609856	5.322637
72144	-1487.762	-1582.619	94.85751	0.3644152	0.5832774	0.465057	0.534943	5.223436
72150	-1481.707	-1576.341	94.63349	0.6360067	0.6316895	0.474452	0.525548	5.158504
72156	-1481.998	-1576.512	94.51452	0.664321	0.6264148	0.538313	0.461687	5.212774
72162	-1494.682	-1592.776	98.09413	1.239786	0.6066686	0.474237	0.525763	2.846865
72168	-1487.803	-1585.158	97.3552	0.8314953	0.5940609	0.527885	0.472115	3.53836
72174	-1477.587	-1575.526	97.93865	0.9443894	0.5487128	0.529485	0.470515	3.169242
72180	-1477.604	-1574.211	96.60719	0.742467	0.7447725	0.552207	0.447793	3.904599
72186	-1474.744	-1570.301	95.55663	0.56611	0.5852394	0.417165	0.582835	4.721011
72192	-1474.388	-1570.135	95.74698	0.5025962	0.6262638	0.498483	0.501517	4.616808
72198	-1474.799	-1568.939	94.14006	0.4347516	0.5227654	0.351468	0.648532	5.63121
72204	-1484.069	-1579.096	95.02775	0.9651928	0.5152792	0.520849	0.479151	4.853904
72210	-1478.57	-1575.175	96.60526	0.9651928	0.63216	0.440333	0.559667	3.863107
72216	-1492.257	-1588.83	96.57296	0.9651928	0.6555273	0.473171	0.526829	3.863107
72222	-1496.558	-1594.96	98.402	0.9744942	0.3804625	0.583499	0.416501	3.050694
72228	-1506.007	-1602.847	96.83993	0.9744942	0.8722545	0.587162	0.412838	3.54985
72234	-1489.064	-1585.305	96.24119	0.6156368	0.5936653	0.37197	0.62803	4.301196
72240	-1484.607	-1579.411	94.80342	0.632795	0.408696	0.403832	0.596168	5.26635
72246	-1475.195	-1571.339	96.14401	0.8488285	0.5228522	0.434144	0.565856	4.285597
72252	-1480.47	-1576.343	95.87283	0.6314172	0.6367909	0.547659	0.452341	4.465427
72258	-1472.52	-1567.571	95.05049	0.5799349	0.6596889	0.364184	0.635816	4.936759
72264	-1471.887	-1566.528	94.64085	0.5730283	0.4722813	0.455542	0.544458	5.325686
72270	-1481.14	-1575.288	94.14835	0.671821	0.7429211	0.530517	0.469483	5.325686
72276	-1481.397	-1576.827	95.4308	0.777639	0.4932062	0.530517	0.469483	4.753889
72282	-1480.063	-1575.366	95.30305	0.6895943	0.6348343	0.35416	0.64584	4.753889
72288	-1486.096	-1582.631	96.53475	0.7561069	0.5136161	0.344677	0.655323	4.124931
72390	-1500.312	-1594.801	94.48893	0.478971	0.5060355	0.596953	0.403047	5.430037
72396	-1488.746	-1582.237	93.49061	0.3072503	0.581397	0.489909	0.510091	6.006727
72402	-1495.158	-1590.204	95.0459	0.3072503	0.518587	0.404674	0.595326	5.206158
72408	-1482.839	-1577.754	94.91443	0.4025768	0.5413578	0.404674	0.595326	5.206158
72414	-1475.655	-1571.199	95.54443	0.5722648	0.5829499	0.566133	0.433867	4.726286
72420	-1473.355	-1568.294	94.93925	0.5464538	0.6262794	0.566133	0.433867	5.042868
72426	-1499.569	-1595.321	95.75178	0.5888462	0.4886097	0.566133	0.433867	4.684266
72624	-1481.026	-1575.094	94.06826	0.6199705	0.6514216	0.499515	0.500485	5.464257
72630	-1480.529	-1575.47	94.94108	0.6022832	0.4570454	0.557896	0.442104	5.158226
72636	-1480.143	-1575.161	95.01769	0.5877871	0.4226704	0.499527	0.500473	5.158226
73614	-1494.861	-1590.415	95.55362	0.6034007	0.7701857	0.544764	0.455236	4.563244
73644	-1488.203	-1581.47	93.26777	0.4245696	0.5926679	0.497467	0.502533	6.055186
73890	-1487.242	-1582.698	95.45587	0.6909088	0.7124745	0.382603	0.617397	4.609425
73896	-1480.522	-1575.121	94.59895	0.5690273	0.6035195	0.454204	0.545796	5.236864
73902	-1480.96	-1575.948	94.98842	0.3801815	0.5422983	0.348672	0.651328	5.176798
73908	-1485.228	-1578.674	93.44599	0.6990079	0.574719	0.455537	0.544463	5.822573
73914	-1486.389	-1580.18	93.79108	0.8780121	0.674579	0.413968	0.586032	5.457541
73920	-1484.354	-1578.174	93.82054	0.3358309	0.5479146	0.531334	0.468666	5.838701
73926	-1477.206	-1570.998	93.79253	0.3695363	0.5442508	0.531334	0.468666	5.838701
73932	-1485.945	-1580.278	94.33323	0.5711573	0.5442508	0.485741	0.514259	5.431383
73938	-1477.879	-1571.167	93.28788	0.5159268	0.7170369	0.537606	0.462394	5.90154
73944	-1481.284	-1577.59	96.30574	0.5159268	0.6256136	0.537606	0.462394	4.295108
73950	-1480.115	-1574.698	94.58296	0.5599297	0.6611936	0.507836	0.492164	5.206061
73956	-1486.043	-1580.511	94.46827	0.7345475	0.6180504	0.556664	0.443336	5.206061
73962	-1481.73	-1577.88	96.15034	0.7206279	0.6180504	0.557055	0.442945	4.273264
73968	-1490.377	-1585.87	95.49277	0.5582199	0.5189459	0.557055	0.442945	4.818235
73974	-1490.641	-1584.338	93.69674	0.525009	0.554028	0.553195	0.446805	5.797776
73980	-1489.013	-1582.869	93.8556	0.5889634	0.4219692	0.387798	0.612202	5.797776
73986	-1486.653	-1580.405	93.75242	0.5351817	0.512377	0.43076	0.56924	5.797776
73992	-1487.131	-1582.527	95.39586	0.7410888	0.5000547	0.380732	0.619268	4.787464
73998	-1487.544	-1583.551	96.00629	0.4824768	0.4590742	0.380732	0.619268	4.62969
74004	-1483.692	-1579.47	95.77884	0.6799129	0.4764009	0.522859	0.477141	4.62969
74010	-1485.065	-1580.688	95.62282	0.7369921	0.513414	0.606906	0.393094	4.650589
74016	-1481.347	-1576.937	95.59014	0.7208668	0.5441016	0.513599	0.486401	4.650589
74022	-1490.203	-1585.225	95.02151	0.7221254	0.4863201	0.513599	0.486401	5.019221
74028	-1488.983	-1582.761	93.77776	0.4704423	0.6300528	0.544234	0.455766	5.722148
74034	-1494.16	-1590.302	96.14132	0.735467	0.5516954	0.441296	0.558704	4.32559
74040	-1482.218	-1576.68	94.46232	0.5229153	0.6439665	0.482292	0.517708	5.306208
74046	-1492.588	-1588.58	95.9917	0.8607349	0.5608617	0.489674	0.510326	4.33141
74052	-1488.799	-1585.086	96.28621	0.703305	0.518558	0.56845	0.43155	4.291382
74058	-1489.546	-1586.982	97.43532	0.8893344	0.5708405	0.577008	0.422992	3.478018
74064	-1483.599	-1577.879	94.28007	0.636662	0.4910099	0.624722	0.375278	5.471914
74070	-1482.858	-1576.105	93.24759	0.6293954	0.6866877	0.561015	0.438985	5.883097
74076	-1483.113	-1578.183	95.0702	0.7063508	0.647283	0.443059	0.556941	4.864842
74082	-1473.988	-1567.742	93.75323	0.6509869	0.4319045	0.456037	0.543963	5.80983
74088	-1469.261	-1563.771	94.51039	0.5996331	0.5124981	0.418909	0.581091	5.345894
74154	-1489.713	-1588.681	98.96797	1.579828	0.4659866	0.507935	0.492065	2.22858
74340	-1487.172	-1582.141	94.96857	0.6682566	0.6655138	0.564648	0.435352	4.92881
74346	-1492.175	-1587.981	95.80631	0.8040676	0.3846263	0.374526	0.625474	4.639206
74874	-1480.609	-1576.656	96.04692	0.6917091	0.7240329	0.50915	0.49085	4.267591
74880	-1485.312	-1580.989	95.6772	0.699154	0.3622138	0.430638	0.569362	4.795398
74886	-1483.108	-1577.685	94.57691	0.7557147	0.5264627	0.45107	0.54893	5.210527
74892	-1479.625	-1574.07	94.44448	0.3618311	0.5064673	0.619984	0.380016	5.518562
74898	-1474.371	-1568.044	93.67253	0.2548608	0.5711496	0.446714	0.553286	5.944412
74904	-1478.714	-1574.666	95.95157	0.5150252	0.5127191	0.446714	0.553286	4.591353
74910	-1486.667	-1582.595	95.92777	0.6818335	0.5755668	0.485568	0.514432	4.45588
74916	-1484.241	-1580.515	96.27361	0.6818335	0.6760834	0.450416	0.549584	4.18002
74940	-1492.682	-1586.839	94.15706	0.5338208	0.4662241	0.540984	0.459016	5.619246
74946	-1483.943	-1578.46	94.51752	0.5309835	0.4380455	0.517885	0.482115	5.450138
74952	-1480.758	-1573.929	93.17078	0.5481577	0.6295924	0.47042	0.52958	6.011793
74958	-1494.542	-1588.68	94.13756	0.7439621	0.499456	0.47042	0.52958	5.483547
74964	-1496.96	-1591.836	94.87537	0.7607839	0.3894871	0.431819	0.568181	5.176303
74970	-1493.406	-1589.261	95.85535	0.5671534	0.4449267	0.405216	0.594784	4.680859
74976	-1491.532	-1587.456	95.92457	0.817964	0.4449267	0.421069	0.578931	4.501287
74982	-1488.041	-1584.18	96.13883	0.631161	0.6333657	0.386634	0.613366	4.318178
74988	-1491.834	-1586.941	95.10607	0.6351402	0.6012072	0.590905	0.409095	4.920798
74994	-1494.548	-1590.227	95.67841	0.673132	0.750668	0.436333	0.563667	4.467315
75000	-1494.907	-1590.961	96.05406	0.7967071	0.7525117	0.491301	0.508699	4.183778
75006	-1495.299	-1590.753	95.4545	0.7967071	0.5954313	0.454468	0.545532	4.6407
75024	-1498.183	-1593.078	94.89522	0.6853919	0.6325751	0.508064	0.491936	4.985243
75030	-1477.514	-1572.991	95.47611	0.6074129	0.5827996	0.401538	0.598462	4.744957
75036	-1474.46	-1569.19	94.73044	0.5342359	0.68595	0.576712	0.423288	5.120301
75042	-1484.333	-1579.134	94.8009	0.6058475	0.5602004	0.438194	0.561806	5.140371
75048	-1486.129	-1581.695	95.56642	0.7027021	0.5602004	0.578942	0.421058	4.660144
75054	-1488.157	-1584.409	96.25281	0.8266457	0.7826528	0.355846	0.644154	4.032713
75162	-1491.67	-1585.198	93.52838	0.2906594	0.6087986	0.630987	0.369013	5.97331
75168	-1483.082	-1576.936	93.85351	0.5690139	0.530393	0.48122	0.51878	5.708049
75174	-1473.098	-1568.645	95.547	0.7811104	0.5805837	0.550201	0.449799	4.609868
75180	-1477.185	-1572.694	95.50872	0.7834364	0.6309483	0.375524	0.624476	4.589229
75186	-1476.455	-1571.274	94.81852	0.6963415	0.6079826	0.474721	0.525279	5.041157
75192	-1475.665	-1571.438	95.77244	0.7910465	0.6124611	0.559993	0.440007	4.451418
75198	-1494.108	-1590.854	96.74644	0.6939265	0.5271853	0.463858	0.536142	4.027286
75222	-1485.959	-1580.814	94.85505	0.7264394	0.6243107	0.410299	0.589701	4.991215
75228	-1488.996	-1585.572	96.57639	0.6694852	0.4951891	0.401247	0.598753	4.167721
75234	-1490.242	-1584.41	94.16807	0.574489	0.7693858	0.504817	0.495183	5.350542
75240	-1485.731	-1580.263	94.53244	0.6284032	0.6715132	0.552256	0.447744	5.188434
75246	-1488.658	-1583.539	94.88097	0.6284032	0.732912	0.444718	0.555282	4.950866
75252	-1486.667	-1582.63	95.96336	0.779051	0.732912	0.483903	0.516097	4.259091
75258	-1493.02	-1591.418	98.398	1.012925	0.4883638	0.483903	0.516097	2.911564
75264	-1489.004	-1586.505	97.50114	1.004104	0.3914539	0.460926	0.539074	3.551462
75270	-1475.374	-1571.191	95.81688	0.7704458	0.5792506	0.477401	0.522599	4.465322
75276	-1478.959	-1574.017	95.05798	0.8231291	0.5976778	0.461657	0.538343	4.845726
75282	-1488.113	-1582.314	94.20102	0.8341032	0.5708806	0.461657	0.538343	5.336842
75288	-1493.811	-1588.652	94.84117	0.8341032	0.6050681	0.378344	0.621656	4.95437
75294	-1493.247	-1587.382	94.13491	0.5615437	0.7536329	0.441516	0.558484	5.386596
75300	-1488.751	-1581.628	92.87619	0.5518846	0.6587123	0.400234	0.599766	6.148336
75306	-1486.625	-1581.036	94.41093	0.6861367	0.6587123	0.497357	0.502643	5.233264
75474	-1488.295	-1584.773	96.47882	0.6223629	0.4916201	0.486424	0.513576	4.253196
76134	-1492.165	-1587.448	95.28307	0.5126792	0.530071	0.498878	0.501122	4.950501
76140	-1501.864	-1596.78	94.91614	0.5126792	0.5344702	0.645234	0.354766	5.150261
76146	-1496.6	-1590.451	93.85182	0.5126792	0.8457744	0.485136	0.514864	5.509414
77964	-1471.95	-1568.197	96.24714	0.8142872	0.5087569	0.485865	0.514135	4.259673
77970	-1476.335	-1572.35	96.01537	0.6536079	0.6015542	0.523418	0.476582	4.400821
77976	-1477.927	-1575.565	97.6379	0.79801	0.4364477	0.582932	0.417068	3.542482
77982	-1475.438	-1571.154	95.71549	0.79801	0.6059885	0.591965	0.408035	4.484801
77988	-1473.668	-1569.584	95.91589	0.7911931	0.4820679	0.591965	0.408035	4.484801
77994	-1473.927	-1569.294	95.36664	0.6135625	0.4850419	0.432557	0.567443	4.888858
78000	-1465.73	-1561.275	95.54591	0.6469222	0.4512095	0.422291	0.577709	4.802966
78006	-1492.618	-1588.516	95.89741	0.6436241	0.6070317	0.327274	0.672726	4.468457
78024	-1491.733	-1586.741	95.00811	0.412212	0.5843274	0.368693	0.631307	5.112751
78210	-1492.598	-1589	96.40157	0.7969841	0.7294219	0.54639	0.45361	4.002104
78216	-1488.493	-1585.066	96.57314	0.6532825	0.5069775	0.506392	0.493608	4.167716
78222	-1485.031	-1581.021	95.99022	0.9305011	0.437491	0.506392	0.493608	4.408478
78228	-1494.261	-1590.701	96.4403	0.9305011	0.3997474	0.506392	0.493608	4.193749
78234	-1495.603	-1589.453	93.85029	0.7213829	0.666541	0.499154	0.500846	5.517071
78240	-1498.171	-1594.004	95.83381	0.7882429	0.821439	0.499154	0.500846	4.266771
78246	-1486.677	-1582.737	96.06034	0.6073715	0.5640571	0.534982	0.465018	4.432921
78252	-1482.4	-1577.148	94.74853	0.6159124	0.6585143	0.472046	0.527954	5.085379
78258	-1486.113	-1582.343	96.22983	0.6599331	0.5814471	0.487067	0.512933	4.292763
78264	-1482.457	-1577.755	95.29749	0.5565687	0.5814471	0.624357	0.375643	4.874119
78270	-1487.047	-1580.308	93.26095	0.6124426	0.652292	0.494293	0.505707	5.910311
78276	-1488.722	-1583.739	95.01677	0.6091157	0.6168644	0.327145	0.672855	4.972417
78282	-1474.856	-1570.478	95.6226	0.5935123	0.6111202	0.343061	0.656939	4.647638
78288	-1474.121	-1569.16	95.03875	0.5860457	0.6622333	0.520955	0.479045	4.937971
78294	-1494.046	-1590.274	96.22824	0.6402924	0.6622333	0.361502	0.638498	4.239896
78300	-1479.033	-1573.149	94.11614	0.5514671	0.8356626	0.483943	0.516057	5.348824
78306	-1471.455	-1566.466	95.01089	0.692906	0.6565086	0.515474	0.484526	4.89833
78312	-1473.602	-1568.655	95.05362	0.5941454	0.7687107	0.483904	0.516096	4.849155
78318	-1475.747	-1571.132	95.38527	0.7757426	0.8294741	0.470666	0.529334	4.521669
78324	-1477.588	-1573.111	95.52248	0.690582	0.6026268	0.470666	0.529334	4.656203
78330	-1473.765	-1569.791	96.02647	0.7679094	0.5356705	0.439506	0.560494	4.386249
78336	-1477.252	-1572.228	94.97628	0.8304318	0.6302932	0.407776	0.592224	4.861196
78342	-1488.911	-1584.383	95.47272	0.7579594	0.6302932	0.484776	0.515224	4.624222
78348	-1483.184	-1579.926	96.74257	0.755034	0.5890069	0.553815	0.446185	3.940428
78354	-1484.21	-1580.599	96.38966	0.755034	0.5865633	0.483425	0.516575	4.143854
78360	-1474.771	-1570.78	96.00833	0.7712896	0.5577924	0.489559	0.510441	4.375187
78366	-1484.506	-1579.244	94.73897	0.8989863	0.5124251	0.444754	0.555246	5.0539
78372	-1478.358	-1575.215	96.85713	0.8989863	0.4468146	0.589304	0.410696	3.924207
78378	-1482	-1579.245	97.245	1.031156	0.3408326	0.602615	0.397385	3.744243
78384	-1478.011	-1572.953	94.94214	0.5257932	0.4867395	0.450896	0.549104	5.171684
78390	-1470.659	-1564.491	93.83228	0.5463399	0.6564989	0.39078	0.60922	5.630584
78396	-1475.451	-1571.636	96.1856	0.8093798	0.5038073	0.444825	0.555175	4.301883
78402	-1477.589	-1573.061	95.47231	0.631953	0.5504995	0.420907	0.579093	4.760697
78408	-1482.612	-1577.752	95.14029	0.7034291	0.7383479	0.420907	0.579093	4.760697
78414	-1481.941	-1575.399	93.45757	0.5915053	0.5234009	0.420907	0.579093	5.918445
78420	-1483.59	-1578.109	94.51897	0.6056236	0.4934666	0.343037	0.656963	5.355141
78426	-1485.401	-1578.469	93.06794	0.3750204	0.6244371	0.58623	0.41377	6.166081
78432	-1487.716	-1582.143	94.42707	0.3457215	0.7289252	0.579494	0.420506	5.361512
78438	-1488.673	-1584.085	95.41191	0.1694065	0.4558578	0.519875	0.480125	5.138366
78444	-1481.619	-1576.744	95.12493	0.472767	0.4466328	0.444123	0.555877	5.138366
78450	-1485.962	-1579.672	93.70994	0.6193651	0.6555154	0.537498	0.462502	5.658375
78456	-1482.548	-1576.42	93.87149	0.4255299	0.6794831	0.355874	0.644126	5.658375
78462	-1479.94	-1574.52	94.57981	0.6062684	0.6491123	0.355874	0.644126	5.191294
78468	-1479.076	-1573.527	94.45048	0.5258691	0.713047	0.596643	0.403357	5.260314
78474	-1480.071	-1576.643	96.57261	0.8243611	0.8690484	0.422505	0.577495	3.79355
78480	-1480.758	-1576.027	95.26893	0.8243611	0.6493068	0.496025	0.503975	4.686397
78486	-1486.657	-1581.647	94.99008	1.020619	0.771213	0.508105	0.491895	4.64462
78492	-1490.26	-1585.089	94.82946	0.7386425	0.5835777	0.52952	0.47048	5.031398
78498	-1498.221	-1591.699	93.47848	0.7386425	0.6788348	0.456463	0.543537	5.702651
78504	-1478.778	-1574.421	95.64244	0.7386425	0.5954895	0.394744	0.605256	4.567803
78510	-1474.297	-1569.884	95.58702	0.7386425	0.6223014	0.429317	0.570683	4.577264
78516	-1474.393	-1569.04	94.64696	0.6559687	0.4937553	0.511768	0.488232	5.256431
78522	-1474.616	-1571.337	96.72125	0.9917728	0.5981072	0.483369	0.516631	3.809106
78528	-1469.147	-1564.585	95.43785	0.652965	0.7045353	0.483369	0.516631	4.646535
78534	-1474.123	-1568.868	94.74456	0.5308102	0.6324014	0.465173	0.534827	5.154702
78540	-1483.752	-1576.68	92.92785	0.5577253	0.4751411	0.440448	0.559552	6.268914
78546	-1469.106	-1563.727	94.62166	0.6648458	0.4353826	0.415088	0.584912	5.321628
78552	-1473.818	-1567.778	93.95967	0.5517322	0.7462642	0.485221	0.514779	5.493508
78558	-1473.015	-1568.341	95.32614	0.448689	0.5833545	0.485221	0.514779	4.916662
78564	-1477.252	-1571.557	94.3054	0.3567266	0.5635398	0.485221	0.514779	5.548322
78570	-1485.1	-1579.457	94.35759	0.4063883	0.4992968	0.504756	0.495244	5.548322
78576	-1476.72	-1569.882	93.16253	0.7008529	0.5512531	0.467661	0.532339	5.995897
78582	-1486.819	-1581.019	94.19928	0.831192	0.5714925	0.54501	0.45499	5.338897
78588	-1490.888	-1586.927	96.03877	0.8526652	0.8110037	0.398973	0.601027	4.120734
78642	-1492.21	-1586.246	94.03529	0.571092	0.8171178	0.469924	0.530076	5.39436
78648	-1488.276	-1583.849	95.57257	0.629859	0.4850136	0.524016	0.475984	4.764933
78654	-1496.041	-1590.103	94.06204	0.629859	0.8809018	0.524016	0.475984	5.307446
78672	-1481.727	-1576.743	95.01591	0.6525324	0.632777	0.440418	0.559582	4.93625
78678	-1486.013	-1580.427	94.41353	0.5097246	0.632777	0.63438	0.36562	5.348998
78684	-1490.729	-1584.739	94.01001	0.5867521	0.7758337	0.580502	0.419498	5.426596
78690	-1488.013	-1582.905	94.89222	0.6675242	0.8251935	0.490551	0.509449	4.860944
78696	-1491.623	-1587.688	96.0643	0.8142955	0.5013073	0.44278	0.55722	4.369984
78702	-1494.648	-1590.884	96.2361	0.892152	0.6394135	0.501184	0.498816	4.110142
78708	-1505.124	-1600.63	95.5064	0.892152	0.6631654	0.523397	0.476603	4.504524
78744	-1479.96	-1575.808	95.84806	0.6490771	0.5559724	0.538253	0.461747	4.53586
78750	-1485.089	-1579.923	94.83397	0.6928323	0.7563942	0.474278	0.525722	4.924917
78756	-1485.367	-1581.349	95.98219	0.7849164	0.4185397	0.521565	0.478435	4.514627
78762	-1484.394	-1578.363	93.96897	0.6569802	0.810637	0.521565	0.478435	5.387737
78768	-1482.336	-1577.374	95.03796	0.6614879	0.455859	0.346921	0.653079	5.072887
78774	-1469.797	-1563.751	93.954	0.5506204	0.4017362	0.448746	0.551254	5.785834
78780	-1476.622	-1570.486	93.86409	0.396428	0.4583349	0.527598	0.472402	5.862507
78786	-1476.6	-1572.538	95.93843	0.666693	0.4625539	0.527598	0.472402	4.560992
78792	-1487.572	-1583.031	95.45887	0.6279918	0.7187483	0.341672	0.658328	4.638509
78798	-1480.003	-1574.077	94.07392	0.7518867	0.7384205	0.574167	0.425833	5.325682
78804	-1475.611	-1571.759	96.14724	0.7036857	0.6979327	0.532901	0.467099	4.222977
78810	-1491.334	-1587.287	95.95314	0.8977956	0.6979327	0.362776	0.637224	4.222977
78816	-1484.976	-1579.921	94.94475	0.6986614	0.6748316	0.461811	0.538189	4.918181
78822	-1487.402	-1583.262	95.85984	0.8751795	0.6401838	0.463256	0.536744	4.33258
78828	-1482.106	-1578.639	96.53285	0.8526653	0.5124479	0.463256	0.536744	4.072106
78834	-1486.997	-1583.335	96.33802	0.918017	0.7683811	0.419639	0.580361	3.941612
78840	-1487.457	-1583.811	96.35399	0.7572454	0.6935831	0.500614	0.499386	4.078226
78846	-1496.222	-1589.639	93.41635	0.5122316	0.5338463	0.534771	0.465229	5.975158
78852	-1484.758	-1579.946	95.18749	0.5850625	0.6932092	0.491537	0.508463	4.832684
78858	-1491.534	-1588.185	96.65098	0.5273325	0.4943264	0.491537	0.508463	4.206898
78864	-1491.607	-1586.871	95.26449	0.6909748	0.5590073	0.55106	0.44894	4.836454
78900	-1471.325	-1565.999	94.67431	0.6029917	0.6092302	0.412991	0.587009	5.171832
78906	-1483.524	-1579.399	95.8748	0.5726748	0.5942911	0.333133	0.666867	4.531495
78912	-1478.769	-1573.532	94.76256	0.6052964	0.7037044	0.496194	0.503806	5.050206
78918	-1486.965	-1582.006	95.04053	0.6825139	0.5728045	0.496194	0.503806	4.95424
78960	-1496.318	-1590.339	94.02122	0.4942864	0.5508294	0.385345	0.614655	5.639526
78966	-1486.147	-1580.711	94.56349	0.7623857	0.5772846	0.366835	0.633165	5.170863
78972	-1486.406	-1581.148	94.74258	0.6823243	0.8670475	0.410872	0.589128	4.909646
78978	-1480.235	-1576.535	96.29998	0.7255136	0.5746839	0.548634	0.451366	4.221588
78984	-1476.101	-1570.726	94.62548	0.6236024	0.6773498	0.487463	0.512537	5.135262
78990	-1485.954	-1580.931	94.9769	0.6236024	0.4481983	0.46674	0.53326	5.135262
78996	-1486.35	-1581.732	95.38224	0.613897	0.4521167	0.437915	0.562085	4.911704
79134	-1488.318	-1584.407	96.08888	0.6765552	0.3866784	0.515918	0.484082	4.549931
79140	-1477.695	-1571.355	93.6595	0.4674419	0.6939498	0.475358	0.524642	5.741131
79146	-1478.405	-1573.606	95.20077	0.6666389	0.6913925	0.443592	0.556408	4.781077
79152	-1486.003	-1581.17	95.16755	0.6966637	0.7171716	0.439398	0.560602	4.76421
79158	-1479.894	-1575.663	95.76931	0.7569426	0.5141181	0.314276	0.685724	4.556587
79170	-1496.685	-1589.943	93.25797	0.6140695	1.035835	0.38917	0.61083	5.670365
79176	-1480.506	-1574.658	94.1518	0.4056039	0.7864155	0.514759	0.485241	5.441272
79182	-1482.505	-1576.75	94.24529	0.3856083	0.7266593	0.486992	0.513008	5.441272
79188	-1475.318	-1568.833	93.51456	0.5688434	0.6169804	0.491315	0.508685	5.822485
79194	-1490.195	-1583.872	93.67677	0.6240827	0.6166263	0.520189	0.479811	5.703705
79200	-1489.756	-1584.47	94.71382	0.454199	0.4854418	0.523371	0.476629	5.33862
79206	-1476.508	-1572.313	95.80522	0.5631267	0.5881625	0.491494	0.508506	4.580993
79212	-1483.91	-1579.004	95.09387	0.7947103	0.5912979	0.478482	0.521518	4.846766
79218	-1482.522	-1577.993	95.47082	0.6167773	0.8614002	0.461548	0.538452	4.542595
79224	-1487.135	-1582.86	95.72525	0.7133602	0.7946692	0.461548	0.538452	4.388206
79230	-1488.054	-1583.541	95.48745	0.7685217	0.7399114	0.404859	0.595141	4.528599
79236	-1491.444	-1586.124	94.68057	0.7685217	0.7218836	0.405331	0.594669	4.992135
79242	-1475.247	-1570.427	95.17966	0.7685217	0.567207	0.462892	0.537108	4.833562
79248	-1482.907	-1577.408	94.50153	0.6246619	0.815912	0.459645	0.540355	5.107874
79254	-1489.645	-1586.052	96.40702	0.8027833	0.612567	0.31359	0.68641	4.085265
79260	-1483.622	-1578.463	94.84159	0.7344201	0.7103805	0.49015	0.50985	4.929747
79266	-1479.835	-1575.64	95.80566	0.5777535	0.8572188	0.47011	0.52989	4.378653
79272	-1483.216	-1580.624	97.40827	0.7835535	0.5465707	0.47011	0.52989	3.577034
79278	-1488.783	-1585.971	97.18804	0.7732425	0.6688459	0.415779	0.584221	3.608424
79284	-1487.488	-1583.326	95.83766	0.6179466	0.5909558	0.464544	0.535456	4.529674
79554	-1485.526	-1583.153	97.62678	1.038917	0.4861389	0.525465	0.474535	3.35727
79560	-1482.105	-1580.019	97.91407	1.038917	0.5503887	0.483254	0.516746	3.12612
79566	-1484.126	-1580.471	96.3441	1.061823	0.7055155	0.556678	0.443322	3.900889
79584	-1491.28	-1587.015	95.73489	0.8672786	0.6303652	0.477249	0.522751	4.415315
79590	-1490.915	-1587.493	96.5782	0.8255235	0.7273353	0.433814	0.566186	3.886132
79596	-1490.261	-1586.405	96.14443	1.01703	0.4265163	0.492398	0.507602	4.283802
79602	-1489.199	-1587.754	98.55529	0.9630665	0.5299839	0.492398	0.507602	2.805272
79608	-1488.534	-1586.096	97.56187	0.9630665	0.4878871	0.405172	0.594828	3.438069
79614	-1496.772	-1593.276	96.50424	0.9630665	0.4144759	0.412915	0.587085	4.122961
79644	-1495.404	-1589.044	93.63996	0.5128293	0.6688305	0.423938	0.576062	5.74523
79650	-1500.452	-1595.036	94.58446	0.5300183	0.5173129	0.298963	0.701037	5.339136
79656	-1489.109	-1584.358	95.24941	0.4675261	0.6695525	0.332167	0.667833	4.881181
79662	-1486.17	-1582.137	95.96624	0.615106	0.6695525	0.571814	0.428186	4.396708
79668	-1485.873	-1580.234	94.36158	0.4418289	0.6527049	0.559026	0.440974	5.399862
79674	-1488.306	-1581.264	92.95759	0.4950573	0.4287684	0.498548	0.501452	6.331482
79680	-1484.242	-1576.843	92.60128	0.462876	0.7033032	0.619469	0.380531	6.313985
79686	-1481.532	-1575.538	94.00538	0.5069788	0.6028855	0.492607	0.507393	5.598522
79692	-1482.255	-1576.924	94.66834	0.7571243	0.5794505	0.39046	0.60954	5.113917
79698	-1473.306	-1568.65	95.34447	0.8678006	0.894372	0.586205	0.413795	4.45202
79704	-1465.509	-1560.651	95.14233	0.8678006	0.7682935	0.559123	0.440877	4.646927
79710	-1476.918	-1572.414	95.49649	0.9129322	0.7007354	0.550622	0.449378	4.47037
79716	-1488.834	-1583.164	94.33036	0.7455601	0.8170694	0.550622	0.449378	5.13498
79722	-1482.422	-1576.925	94.50261	0.8809189	0.6480154	0.498448	0.501552	5.08276
79728	-1482.816	-1578.95	96.13412	0.77542	0.597175	0.496167	0.503833	4.268456
79734	-1483.595	-1577.185	93.58919	0.6321357	0.7140271	0.256343	0.743657	5.675149
79740	-1480.403	-1573.348	92.94574	0.5827562	0.5517773	0.405327	0.594673	6.177889
79746	-1467.448	-1562.174	94.72631	0.5986494	0.5704343	0.456643	0.543357	5.177062
79752	-1482.962	-1575.909	92.94712	0.9104477	0.5694635	0.346125	0.653875	5.983907
79758	-1486.687	-1580.688	94.00084	0.6151516	0.6847743	0.497645	0.502355	5.479302
79764	-1486.154	-1579.586	93.43134	0.7185804	0.6581841	0.453579	0.546421	5.754686
79770	-1491.835	-1584.98	93.14568	0.3113968	0.6243667	0.559014	0.440986	6.158455
79776	-1491.94	-1587.1	95.16076	0.1885303	0.4243733	0.373992	0.626008	5.298123
79782	-1496.831	-1591.822	94.99104	0.3124184	0.7178497	0.326218	0.673782	5.075837
79788	-1485.182	-1578.147	92.96542	0.2131732	0.5147057	0.563742	0.436258	6.399785
79794	-1482.142	-1577.795	95.65319	0.5809197	0.5796285	0.555145	0.444855	4.663348
79800	-1487.024	-1582.687	95.66256	0.6487189	0.8915311	0.528839	0.471161	4.397952
79806	-1484.564	-1580.151	95.5867	0.6487189	0.5339794	0.463632	0.536368	4.701801
79812	-1493.67	-1589.133	95.46249	0.6213232	0.4886154	0.42378	0.57622	4.827758
79818	-1484.045	-1578.05	94.00564	0.6081352	0.676256	0.441348	0.558652	5.486744
79824	-1492.934	-1587.319	94.38489	0.5731416	0.6959763	0.40932	0.59068	5.282647
79830	-1492.164	-1587.13	94.96579	0.7052259	0.6959763	0.451362	0.548638	4.887255
79836	-1480.489	-1575.072	94.58278	0.6883286	0.7329611	0.485732	0.514268	5.083149
79842	-1495.488	-1592.229	96.74077	0.8929581	0.7307772	0.485732	0.514268	3.751302
79848	-1489.847	-1586.003	96.15587	0.8929581	0.6207154	0.480855	0.519145	4.170241
79854	-1492.677	-1589.151	96.47406	0.8159912	0.4982825	0.429131	0.570869	4.139691
79860	-1484.204	-1580.804	96.59962	0.6038045	0.4007066	0.504299	0.495701	4.287579
79866	-1485.949	-1584.022	98.07364	1.017345	0.6369278	0.504299	0.495701	2.967663
80370	-1490.003	-1584.803	94.79986	0.5967893	0.4951005	0.363173	0.636827	5.203379
80376	-1488.568	-1583.164	94.59557	0.7392676	0.6941753	0.51839	0.48161	5.075412
80382	-1486.798	-1580.516	93.71791	0.7392676	0.6175461	0.449178	0.550822	5.617253
80388	-1484.325	-1579.183	94.85728	0.7392676	0.6362329	0.449178	0.550822	4.97355
80394	-1488.612	-1582.802	94.19084	0.7757281	0.8235018	0.449178	0.550822	5.191392
80790	-1499.324	-1596.63	97.30542	0.9951592	0.5151523	0.576513	0.423487	3.542749
80796	-1489.981	-1586.696	96.71553	0.7364781	0.5350811	0.418855	0.581145	4.013493
80802	-1484.894	-1579.799	94.90434	0.7364781	0.5058211	0.4348	0.5652	5.058297
80808	-1488.909	-1582.886	93.97699	0.5995625	0.4551432	0.46739	0.53261	5.69259
81084	-1485.686	-1580.894	95.20864	0.6983383	0.4550949	0.545716	0.454284	4.958381
81090	-1476.211	-1571.32	95.10944	0.7136819	0.6461978	0.427672	0.572328	4.839713
81096	-1474.449	-1567.884	93.4354	0.5746941	0.5557741	0.405591	0.594409	5.912019
81102	-1482.798	-1575.305	92.50679	0.5738919	0.4627789	0.524946	0.475054	6.500161
81108	-1475.623	-1570.693	95.07017	0.7248793	0.7282188	0.621326	0.378674	4.794993
81114	-1471.361	-1565.814	94.45305	0.653361	0.5819269	0.527205	0.472795	5.288372
81120	-1476.399	-1571.501	95.10183	0.9411828	0.4050448	0.399453	0.600547	4.933817
81126	-1479.408	-1575.524	96.11541	0.8686548	0.4937546	0.414274	0.585726	4.317474
81132	-1485.483	-1581.706	96.22376	0.6030565	0.5224879	0.475388	0.524612	4.379766
81138	-1485.75	-1579.481	93.73186	0.790876	0.5653087	0.373414	0.626586	5.623398
81144	-1489.666	-1584.529	94.86325	0.7336658	0.6309496	0.373414	0.626586	4.97745
81150	-1476.006	-1571.018	95.01194	0.7336658	0.4262118	0.525197	0.474803	5.076943
81156	-1479.419	-1572.93	93.51085	0.6101097	0.6838015	0.552369	0.447631	5.751722
81162	-1476.414	-1571.7	95.28604	0.5375385	0.4991274	0.458625	0.541375	4.962911
81168	-1483.128	-1577.157	94.02896	0.4294608	0.4991274	0.429616	0.570384	5.716142
81174	-1488.713	-1582.676	93.96223	0.5329912	0.4772387	0.463089	0.536911	5.716142
81180	-1490.235	-1584.843	94.60818	0.4562668	0.5477963	0.479661	0.520339	5.340125
81186	-1484.565	-1581.312	96.74702	0.703514	0.4430155	0.479661	0.520339	4.102632
81192	-1486.082	-1583.945	97.8635	0.703514	0.3802772	0.587181	0.412819	3.528352
81198	-1480.819	-1576.756	95.93718	0.4999115	0.4882502	0.643805	0.356195	4.630574
81204	-1500.454	-1594.791	94.33752	0.5417658	0.5384167	0.560473	0.439527	5.450228
81210	-1487.821	-1582.156	94.33506	0.498899	0.5678399	0.36158	0.63842	5.450228
81216	-1484.077	-1578.005	93.9274	0.3860061	0.5517259	0.518427	0.481573	5.749543
81222	-1476.281	-1571.584	95.3034	0.4609935	0.5341135	0.438853	0.561147	4.964376
81228	-1480.442	-1575.745	95.3034	0.4609935	0.5341135	0.536287	0.463713	4.964376
81234	-1487.614	-1582.383	94.7688	0.725832	0.5901705	0.507551	0.492449	5.066765
81372	-1483.803	-1579.092	95.28944	0.7814764	0.7635724	0.460881	0.539119	4.61608
81378	-1485.981	-1580.467	94.48604	0.8202917	0.4338917	0.380434	0.619566	5.312184
81390	-1484.14	-1579.321	95.18072	0.8839029	0.436205	0.368515	0.631485	4.889472
81396	-1479.637	-1575.381	95.74426	0.6729113	0.6106604	0.418938	0.581062	4.535191
81450	-1488.858	-1586.767	97.90882	1.143029	0.7877361	0.367767	0.632233	2.874125
81456	-1484.414	-1582.823	98.4097	1.016979	0.5163829	0.378997	0.621003	2.874125
81462	-1480.607	-1578.94	98.3335	1.016979	0.5340568	0.565587	0.434413	2.903133
81468	-1469.143	-1566.384	97.24178	1.016979	0.5252992	0.478025	0.521975	3.557592
81474	-1477.739	-1574.052	96.31282	0.870691	0.5173791	0.324349	0.675651	4.182488
81480	-1473.256	-1569.659	96.40305	0.7573928	0.5318018	0.458058	0.541942	4.182488
81486	-1477.395	-1572.001	94.60576	0.6075357	0.6063448	0.44596	0.55404	5.209546
81492	-1484.099	-1579.227	95.12752	0.7802488	0.6775909	0.378991	0.621009	4.768735
81498	-1478.591	-1573.572	94.98141	0.7802488	0.4457103	0.434846	0.565154	5.048374
81504	-1475.524	-1571.864	96.33998	0.7072295	0.6598895	0.501366	0.498634	4.140256
81510	-1477.014	-1571.799	94.78573	0.7072295	0.6598895	0.501366	0.498634	5.01302
81516	-1490.841	-1587.701	96.8605	0.8630962	0.6616027	0.62371	0.37629	3.751613
81522	-1493.895	-1589.553	95.6579	0.703499	0.463773	0.543139	0.456861	4.696418
81528	-1496.551	-1592.402	95.85097	0.6641871	0.3108782	0.474071	0.525929	4.779937
81534	-1499.303	-1594.765	95.46274	0.6641871	0.6953482	0.388016	0.611984	4.632997
81540	-1493.345	-1587.37	94.02446	0.5307032	0.6692371	0.436386	0.563614	5.524149
81546	-1492.079	-1584.786	92.70745	0.5841485	0.8505955	0.532621	0.467379	6.093526
81552	-1491.92	-1586.77	94.85016	0.7955746	0.6115606	0.560179	0.439821	4.965598
81558	-1494.557	-1589.395	94.83731	0.6253268	0.6273938	0.521116	0.478884	5.054795
81570	-1482.947	-1577.889	94.94241	0.6292018	0.5616952	0.439846	0.560154	5.047703
81576	-1493.934	-1588.087	94.15266	0.5642788	0.6956403	0.490584	0.509416	5.415867
81582	-1480.243	-1574.233	93.98939	0.5125019	0.5726004	0.490584	0.509416	5.628792
81588	-1475.54	-1571.136	95.59629	0.5172928	0.5743099	0.558857	0.441143	4.735232
81594	-1484.653	-1579.157	94.50449	0.6441406	0.5874504	0.5207	0.4793	5.260537
81600	-1481.957	-1576.573	94.61591	0.6441406	0.5951761	0.397127	0.602873	5.192655
81606	-1492.888	-1588.924	96.03609	0.6441406	0.5951761	0.583586	0.416414	4.399711
81624	-1488.765	-1583.83	95.0657	0.6642336	0.7713037	0.498591	0.501409	4.801565
81630	-1480.264	-1574.499	94.23517	0.5116236	0.5198854	0.503457	0.496543	5.539306
81636	-1487.35	-1583.034	95.68475	0.6508957	0.6222802	0.424847	0.575153	4.571675
81642	-1485.377	-1580.436	95.05892	0.5196219	0.5958632	0.44933	0.55067	5.015561
81648	-1488.902	-1583.816	94.91357	0.5224976	0.4890936	0.464154	0.535846	5.187125
81654	-1484.551	-1579.414	94.86295	0.5932216	0.4772245	0.475595	0.524405	5.187125
81660	-1491.193	-1586.883	95.6893	0.8126244	0.6027811	0.440833	0.559167	4.493927
81666	-1492.13	-1587.612	95.48235	0.8126244	0.7967431	0.440833	0.559167	4.467781
81672	-1484.131	-1579.824	95.69262	0.8126244	0.502605	0.493348	0.506652	4.578947
81678	-1489.715	-1582.758	93.04233	0.424552	0.7830931	0.381326	0.618674	6.040779
81684	-1481.94	-1576.181	94.24082	0.6203821	0.6356444	0.550195	0.449805	5.381003
81690	-1476.695	-1570.935	94.23927	0.6219266	0.6356444	0.394728	0.605272	5.381003
81696	-1475.059	-1568.763	93.70367	0.6934091	0.6992922	0.413466	0.586534	5.589161
81702	-1474.789	-1568.857	94.06816	0.6934091	0.6992922	0.427117	0.572883	5.388649
81708	-1480.008	-1574.968	94.96034	0.6934091	0.5702709	0.465741	0.534259	4.994875
81714	-1476.792	-1571.619	94.82628	0.7306319	0.6371354	0.549714	0.450286	4.994875
81720	-1484.258	-1579.916	95.65732	0.651626	0.6467858	0.463705	0.536295	4.567449
81726	-1480.197	-1575.794	95.59758	0.7537064	0.4879632	0.474015	0.525985	4.678906
81732	-1475.424	-1569.348	93.92378	0.6788544	0.6953255	0.389865	0.610135	5.479019
81738	-1488.988	-1582.442	93.45353	0.7498867	0.6464329	0.351214	0.648786	5.7342
81762	-1489.941	-1584.524	94.58327	0.6515463	0.7908656	0.382653	0.617347	5.063981
81768	-1489.783	-1585.014	95.23097	0.6075274	0.6649088	0.556183	0.443817	4.8169
81774	-1483.227	-1580.885	97.65798	1.038315	0.6285851	0.537095	0.462905	3.210116
81780	-1477.574	-1575.34	97.76535	1.062737	0.4634278	0.533476	0.466524	3.284601
81786	-1494.028	-1590.793	96.76477	1.163927	0.6986539	0.382038	0.617962	3.604436
81792	-1488.953	-1586.509	97.55605	1.084416	0.6710643	0.500984	0.499016	3.20863
81798	-1489.936	-1587.394	97.4581	0.902851	0.5541949	0.353234	0.646766	3.471618
81804	-1494.999	-1591.507	96.5075	0.9800058	0.9581061	0.353234	0.646766	3.686277
81810	-1489.657	-1586.022	96.36525	0.9051157	0.9545595	0.41611	0.58389	3.813668
81816	-1492.972	-1588.719	95.74688	0.8843079	0.5155718	0.450432	0.549568	4.496281
81822	-1489.239	-1582.349	93.11029	0.5089925	0.745932	0.438485	0.561515	5.982399
81828	-1493.324	-1588.645	95.32149	0.5427616	0.4765562	0.488459	0.511541	4.961412
81834	-1503.465	-1598.032	94.56718	0.4875259	0.5584754	0.486768	0.513232	5.336425
81840	-1493.849	-1588.792	94.94307	0.6074219	0.5584754	0.486768	0.513232	5.062149
81846	-1494.119	-1590.691	96.57187	1.0069	0.5663126	0.538453	0.461547	3.913349
81852	-1500.858	-1596.839	95.98063	0.7054375	0.5211828	0.434225	0.565775	4.460297
81858	-1483.497	-1578.526	95.02933	0.5136313	0.5553296	0.399256	0.600744	5.069006
81864	-1488.382	-1583.443	95.06039	0.4097343	0.5899998	0.424211	0.575789	5.080499
81870	-1487.181	-1579.11	91.92878	0.5353438	0.5708849	0.502861	0.497139	6.738977
81876	-1499.454	-1594.327	94.87245	0.7337703	0.6834626	0.442067	0.557933	4.93249
81882	-1477.895	-1574.37	96.47499	0.9169959	0.6423293	0.56896	0.43104	3.95731
81888	-1494.714	-1591.06	96.34539	0.7916685	0.493798	0.522519	0.477481	4.2308
81894	-1498.033	-1595.233	97.19957	0.7700454	0.489922	0.482311	0.517689	3.758588
81900	-1489.951	-1585.746	95.79488	0.681796	0.6855595	0.453143	0.546857	4.443699
81906	-1486.465	-1582.203	95.73807	0.7767739	0.782059	0.381992	0.618008	4.353659
81912	-1491.391	-1588.103	96.71216	0.9151409	0.5095418	0.436874	0.563126	3.936666
81918	-1488.469	-1585.192	96.7225	0.8152061	0.5058254	0.484955	0.515045	3.991405
81924	-1483.487	-1580.63	97.14207	0.8152061	0.5058254	0.582548	0.417452	3.750493
81930	-1476.27	-1570.807	94.53707	0.6710056	0.6065689	0.480141	0.519859	5.212253
81936	-1483.594	-1576.905	93.31111	0.6907191	0.5124777	0.477271	0.522729	5.953862
81942	-1482.904	-1576.813	93.90871	0.4746363	0.7448936	0.462035	0.537965	5.564836
81948	-1484.524	-1579.449	94.92497	0.6570841	0.5874443	0.577838	0.422162	5.020476
81954	-1473.561	-1570.136	96.57549	0.6468848	0.5680248	0.424099	0.575901	4.115426
81960	-1494.305	-1589.145	94.83963	0.5492133	0.5671726	0.334851	0.665149	5.144419
81966	-1477.773	-1572.652	94.87841	0.6660841	0.5930536	0.42483	0.57517	5.036747
81972	-1475.564	-1571.456	95.89138	0.662321	0.5377842	0.449259	0.550741	4.519938
81978	-1481.145	-1576.855	95.70956	0.7699572	0.4560522	0.438745	0.561255	4.637849
81984	-1476.455	-1572.771	96.31551	0.7239341	0.5881993	0.512817	0.487183	4.20227
81990	-1480.369	-1575.174	94.80538	0.650593	0.7271442	0.401458	0.598542	4.984598
81996	-1483.109	-1576.997	93.88726	0.7970132	0.7049729	0.437194	0.562806	5.427169
82002	-1503.733	-1602.102	98.36907	1.289951	0.5069148	0.472802	0.527198	2.742157
82008	-1500.284	-1599.272	98.98792	1.195282	0.4787676	0.290012	0.709988	2.44654
82014	-1481.892	-1578.697	96.8048	1.195282	1.1274	0.3649	0.6351	3.291164
82020	-1481.394	-1579.339	97.94569	1.195282	0.8560631	0.620767	0.379233	2.771921
82026	-1487.316	-1584.29	96.97471	1.195282	0.5461608	0.665172	0.334828	3.59009
82032	-1479.987	-1577.514	97.52676	1.080638	0.5852234	0.411254	0.588746	3.299578
82038	-1477.587	-1574.597	97.00918	0.9905592	0.8762561	0.47972	0.52028	3.439135
82044	-1486.927	-1583.619	96.69273	0.9550402	0.8762561	0.467475	0.532525	3.64406
82050	-1491.63	-1587.512	95.88231	0.9438081	0.8410592	0.613008	0.386992	4.138181
82056	-1483.565	-1579.404	95.83876	0.8284121	0.4204385	0.572022	0.427978	4.568785
82062	-1478.814	-1574.697	95.8827	0.7894176	0.565212	0.37073	0.62927	4.429451
82068	-1484.519	-1580.341	95.82128	0.7894176	0.739423	0.390414	0.609586	4.329007
82074	-1479.956	-1574.899	94.94293	0.7249829	0.7810909	0.578942	0.421058	4.829579
82080	-1482.018	-1578.75	96.73174	0.8449005	0.7189502	0.481447	0.518553	3.792854
82086	-1500.785	-1597.979	97.19393	0.9374244	0.5558451	0.533472	0.466528	3.603837
82092	-1494.84	-1591.428	96.58752	0.7966323	0.4941174	0.439772	0.560228	4.090072
82098	-1488.504	-1585.853	97.34977	1.021099	0.4941174	0.443153	0.556847	3.521939
82104	-1498.007	-1594.957	96.95009	0.9619483	0.5895281	0.476703	0.523297	3.701562
82110	-1487.614	-1584.082	96.46782	0.7919553	0.386405	0.476703	0.523297	4.271455
82116	-1488.507	-1585.951	97.4442	0.6803796	0.5033205	0.476703	0.523297	3.656162
82122	-1485.5	-1581.792	96.29238	0.6803796	0.5178246	0.465706	0.534294	4.301536
82128	-1496.112	-1592.909	96.79681	0.6803796	0.4162166	0.601489	0.398511	4.115477
82134	-1482.663	-1577.803	95.14009	0.5919787	0.4905047	0.504854	0.495146	5.02174
82212	-1484.63	-1580.91	96.28046	1.047392	0.3859617	0.483787	0.516213	4.233377
82218	-1489.194	-1584.535	95.34088	0.7361824	0.5872803	0.427213	0.572787	4.74486
82224	-1483.17	-1579.414	96.24403	0.7088821	0.7627606	0.511217	0.488783	4.118556
82230	-1478.529	-1575.468	96.93931	0.8774615	0.580628	0.511217	0.488783	3.764168
82236	-1481.663	-1578.31	96.64664	0.7541186	0.580628	0.452966	0.547034	4.002922
82242	-1482.259	-1577.382	95.12313	0.540167	0.5335837	0.577832	0.422168	5.021014
82248	-1490.216	-1587.226	97.01052	0.792069	0.4024942	0.478459	0.521541	3.944587
82254	-1484.905	-1579.737	94.83277	0.7748773	0.4898088	0.36575	0.63425	5.091425
82260	-1485.133	-1579.99	94.85781	0.7944573	0.4179084	0.537857	0.462143	5.137234
82266	-1485.922	-1580.533	94.61121	0.7275992	0.3915734	0.413063	0.586937	5.33834
82272	-1484.356	-1581.28	96.92469	0.7275992	0.3669937	0.479469	0.520531	4.070591
82278	-1481.449	-1577.249	95.80085	0.7081945	0.3902379	0.527263	0.472737	4.689768
82284	-1487.381	-1583.029	95.64781	0.4919103	0.5536991	0.379021	0.620979	4.738126
82290	-1492.744	-1586.355	93.61103	0.6106099	0.4876605	0.568164	0.431836	5.856203
82296	-1491.417	-1586.867	95.45005	0.5653387	0.4459068	0.497922	0.502078	4.907147
82302	-1508.099	-1604.341	96.24214	0.4097586	0.4893389	0.497922	0.502078	4.508944
82308	-1505.241	-1602.755	97.51341	0.6672467	0.753153	0.490668	0.509332	3.41725
82314	-1492.48	-1587.839	95.35927	0.6469886	0.5133211	0.490668	0.509332	4.84825
82320	-1496.863	-1590.849	93.98584	0.5063076	0.5057817	0.55762	0.44238	5.691651
82326	-1487.809	-1582.983	95.17339	0.4714705	0.4887894	0.472841	0.527159	5.071736
82350	-1493.708	-1587.88	94.17211	0.6817053	0.5476028	0.473783	0.526217	5.456358
82356	-1483.906	-1580.354	96.4483	0.9127762	0.7442948	0.580347	0.419653	3.898389
82362	-1485.193	-1581.671	96.47739	0.9723829	0.4039098	0.518204	0.481796	4.144337
82368	-1492.396	-1589.115	96.71979	0.925554	0.7378607	0.456437	0.543563	3.73946
82440	-1486.104	-1581.078	94.97368	0.5074007	0.6639675	0.508456	0.491544	5.016548
82446	-1480.391	-1574.91	94.51975	0.5016856	0.5958816	0.403338	0.596662	5.323932
82452	-1483.924	-1578.403	94.47838	0.3825528	0.4693497	0.536289	0.463711	5.522868
82458	-1493.805	-1587.294	93.48899	0.4062737	0.6126327	0.536289	0.463711	5.928699
82524	-1495.125	-1590.448	95.32255	0.6603456	0.5027468	0.429819	0.570181	4.870911
82884	-1484.935	-1579.297	94.36224	0.4488946	0.6531913	0.449258	0.550742	5.395235
83844	-1488.258	-1582.699	94.44041	0.5809325	0.5569466	0.508871	0.491129	5.356123
83850	-1494.88	-1588.205	93.32461	0.4419321	0.8258599	0.506221	0.493779	5.849742
83856	-1499.855	-1595.295	95.43948	0.2843131	0.6007958	0.39966	0.60034	4.930819
83862	-1489.797	-1585.25	95.45278	0.4859951	0.5254287	0.454628	0.545372	4.874997
83868	-1491.732	-1587.999	96.26698	0.7305878	0.4581422	0.422659	0.577341	4.344291
83874	-1489.183	-1585.258	96.0755	0.8037527	0.5289908	0.357801	0.642199	4.344291
83880	-1492.491	-1589.676	97.18482	0.9207766	0.6518365	0.331531	0.668469	3.537948
83886	-1487.402	-1583.956	96.55436	0.732977	0.7620974	0.42647	0.57353	3.928072
83892	-1499.241	-1595.788	96.54709	0.7830707	0.6106539	0.514653	0.485347	4.018183
83898	-1505.135	-1600.227	95.09186	0.6013474	0.5421808	0.565587	0.434413	4.996902
83904	-1492.847	-1587.035	94.18758	0.5803951	0.4537104	0.626856	0.373144	5.588959
83910	-1491.381	-1587.365	95.98436	0.594936	0.565099	0.487884	0.512116	4.481824
83916	-1481.674	-1576.982	95.30768	0.5278285	0.5146845	0.493981	0.506019	4.942106
83922	-1481.557	-1576.672	95.11488	0.3921311	0.6149924	0.539926	0.460074	5.039933
83928	-1487.689	-1581.326	93.63699	0.3921311	0.6235245	0.462373	0.537627	5.847087
83934	-1490.765	-1584.171	93.40676	0.6236645	0.827654	0.462373	0.537627	5.704169
83940	-1476.743	-1569.999	93.25628	0.4590247	0.5942273	0.409247	0.590753	6.041421
83946	-1484.034	-1579.417	95.38328	0.8096368	0.5475525	0.552474	0.447526	4.713693
83952	-1489.57	-1585.117	95.54626	0.8745531	0.5255678	0.484131	0.515869	4.605423
83958	-1490.536	-1587.937	97.401	0.8745531	0.7193019	0.466876	0.533124	3.386518
83982	-1483.562	-1579.365	95.80361	0.6160649	0.4001717	0.46701	0.53299	4.72896
83988	-1482.38	-1578.041	95.66049	0.6160649	0.528929	0.625202	0.374798	4.683253
83994	-1485.806	-1580.99	95.18436	0.6160649	0.7525672	0.422631	0.577369	4.775005
84000	-1477.531	-1572.901	95.3695	0.6162482	0.6336058	0.461575	0.538425	4.758704
84006	-1485.469	-1581.531	96.06131	0.6162482	0.6007348	0.458182	0.541818	4.396652
84012	-1483.035	-1578.019	94.98396	0.4369033	0.4564742	0.487272	0.512728	5.226556
84018	-1484.701	-1579.306	94.60458	0.5840215	0.6021541	0.442589	0.557411	5.226556
84024	-1496.519	-1590.485	93.96629	0.7354076	0.6192037	0.39994	0.60006	5.481587
84030	-1496.862	-1592.394	95.53203	0.443792	0.6452944	0.41157	0.58843	4.755174
84036	-1505.474	-1602.084	96.60961	0.7508892	0.586596	0.453855	0.546145	4.020866
84042	-1491.663	-1588.226	96.56276	0.7508892	0.5546751	0.53024	0.46976	4.075027
84048	-1503.481	-1599.021	95.54082	0.7508892	0.7632828	0.488373	0.511627	4.492266
84054	-1500.161	-1595.781	95.6198	0.7508892	0.7006042	0.336575	0.663425	4.492266
84060	-1494.369	-1590.797	96.42839	0.5141232	0.6337639	0.422657	0.577343	4.220157
84066	-1492.358	-1587.89	95.53219	0.7654577	0.5861569	0.482154	0.517846	4.622312
84072	-1489.594	-1585.632	96.03836	0.5831175	0.6601069	0.320667	0.679333	4.381263
84078	-1485.129	-1580.018	94.88873	0.4973648	0.6601069	0.572676	0.427324	5.072168
84084	-1487.788	-1581.877	94.0891	0.3686304	0.6190823	0.491181	0.508819	5.615748
84090	-1490.343	-1585.298	94.95487	0.3865393	0.6190823	0.65906	0.34094	5.128531
84096	-1492.542	-1587.772	95.2299	0.5160349	0.6582056	0.396049	0.603951	4.87357
84102	-1485.311	-1580.699	95.38779	0.5452309	0.6126931	0.434932	0.565068	4.804667
84108	-1485.073	-1582.267	97.19407	0.9018314	0.518535	0.527241	0.472759	3.658418
84114	-1484.633	-1581.118	96.48485	0.8241856	0.5604902	0.34199	0.65801	4.072581
84120	-1488.165	-1583.67	95.50511	0.7960863	0.5921583	0.464108	0.535892	4.615366
84126	-1487.315	-1583.12	95.80529	0.8018447	0.7348366	0.472143	0.527857	4.334269
84132	-1479.169	-1574.837	95.66819	0.7827068	0.5569422	0.528962	0.471038	4.560998
84138	-1479.769	-1575.381	95.61266	0.7577757	0.6112156	0.473644	0.526356	4.560998
84144	-1475.82	-1572.021	96.20078	0.5584479	0.6579447	0.473644	0.526356	4.305086
84150	-1473.184	-1567.862	94.67801	0.5584479	0.3924967	0.473644	0.526356	5.39378
84156	-1473.292	-1567.709	94.41691	0.4605121	0.5926403	0.456674	0.543326	5.405958
84162	-1482.004	-1576.431	94.42701	0.4504086	0.5926403	0.442334	0.557666	5.405958
84168	-1485.227	-1580.029	94.80172	0.4504086	0.5509606	0.516598	0.483402	5.233781
84174	-1484.122	-1578.815	94.69301	0.7175947	0.7002097	0.47803	0.52197	5.028998
84180	-1487.626	-1583.143	95.51691	0.7560995	0.7095736	0.524069	0.475931	4.540661
84186	-1493.794	-1588.134	94.33934	0.6182158	0.610396	0.538084	0.461916	5.347575
84192	-1484.325	-1579.089	94.76386	0.7580409	0.7666005	0.481627	0.518373	4.920693
84198	-1480.811	-1577.208	96.39688	0.7391677	0.5142332	0.481627	0.518373	4.212315
84204	-1487.422	-1582.49	95.06834	0.8255374	0.6615245	0.434067	0.565933	4.788548
84210	-1484.898	-1581.007	96.10946	0.7207033	0.7844731	0.412826	0.587174	4.173412
84216	-1484.483	-1580.726	96.24257	0.7142234	0.51885	0.458675	0.541325	4.309632
84222	-1484.338	-1578.037	93.6991	0.7051448	0.7436724	0.41308	0.58692	5.554189
84228	-1481.41	-1575.212	93.80237	0.481317	0.7508981	0.466962	0.533038	5.615472
84234	-1485.176	-1578.18	93.00426	0.5692506	0.6915836	0.36436	0.63564	6.045204
84240	-1486.524	-1580.266	93.74186	0.5692506	0.4797928	0.368155	0.631845	5.81456
84246	-1498.839	-1593.319	94.47976	0.6543912	0.6696905	0.409765	0.590235	5.204553
84252	-1493.003	-1588.133	95.13005	0.6928891	0.4549698	0.571957	0.428043	5.005209
84258	-1484.386	-1580.127	95.74094	0.9845081	0.7556849	0.470283	0.529717	4.252645
84264	-1481.181	-1578.191	97.00999	0.8564597	0.5760411	0.53738	0.46262	3.739456
84270	-1477.636	-1572.379	94.74304	0.7554169	0.6123146	0.424225	0.575775	5.046805
84276	-1481.174	-1578.224	97.04926	0.7743323	0.5457212	0.507849	0.492151	3.790832
84282	-1482.241	-1579.806	97.56428	1.035037	0.5001252	0.507849	0.492151	3.382533
84288	-1488.881	-1586.354	97.47239	0.9293869	0.7353309	0.53312	0.46688	3.300381
84294	-1485.861	-1581.201	95.33967	0.9293869	0.6892368	0.445984	0.554016	4.557751
84462	-1486.719	-1583.15	96.43064	0.8484834	0.9210478	0.41636	0.58364	3.828861
84468	-1490.684	-1586.177	95.49354	0.6463284	0.5046473	0.446013	0.553987	4.781609
84474	-1501.595	-1597.711	96.11528	0.6436044	0.678657	0.362786	0.637214	4.289514
84480	-1494.937	-1590.688	95.75134	0.4901154	0.4699622	0.493089	0.506911	4.757485
84486	-1486.683	-1584.848	98.1654	1.09892	0.8044689	0.491746	0.508254	2.732765
84492	-1480.739	-1578.235	97.49515	0.8188654	0.5531722	0.457621	0.542379	3.499938
84498	-1488.896	-1584.746	95.84988	0.8155112	0.7849003	0.457621	0.542379	4.266581
84504	-1497.037	-1593.487	96.45076	0.6928966	0.4531995	0.573431	0.426569	4.266581
84522	-1488.879	-1586.407	97.52816	0.8341696	0.4052973	0.432304	0.567696	3.618955
84528	-1498.59	-1596.268	97.67858	0.9685605	0.2736475	0.459324	0.540676	3.618955
84534	-1498.715	-1595.23	96.51501	0.9409283	0.2736475	0.451214	0.548786	4.300876
84540	-1486.879	-1582.177	95.29715	0.6149548	0.5491187	0.549326	0.450674	4.869103
84546	-1495.822	-1590.056	94.23417	0.4570173	0.431649	0.575353	0.424647	5.652884
84552	-1495.124	-1588.804	93.68061	0.5435698	0.6698928	0.553436	0.446564	5.705336
84558	-1477.552	-1572.106	94.55352	0.5437754	0.5104708	0.607085	0.392915	5.354732
84564	-1481.561	-1575.75	94.18935	0.5130554	0.5968753	0.431311	0.568689	5.498888
84570	-1481.09	-1576.243	95.15252	0.3941285	0.5372535	0.471862	0.528138	5.082537
84576	-1481.81	-1576.588	94.77758	0.6376876	0.6255216	0.442457	0.557543	5.082537
84582	-1485.207	-1579.732	94.52416	0.6376876	0.6017825	0.568604	0.431396	5.241645
84588	-1493.583	-1588.102	94.51934	0.4688466	0.6017825	0.415709	0.584291	5.337538
84594	-1497.927	-1592.203	94.27575	0.6999548	0.5475462	0.621025	0.378975	5.389273
84600	-1490.074	-1585.641	95.56738	0.6876154	0.4878095	0.414817	0.585183	4.732924
84606	-1494.142	-1586.995	92.85308	0.5683886	0.760156	0.50412	0.49588	6.080677
84612	-1488.22	-1582.556	94.33611	0.5357185	0.4899444	0.436221	0.563779	5.497596
84618	-1479.357	-1575.808	96.45137	0.7753512	0.6220256	0.575359	0.424641	4.067945
84624	-1481.689	-1576.005	94.31679	0.5425335	0.6220256	0.474721	0.525279	5.392587
84630	-1479.828	-1574.326	94.49717	0.7114576	0.6001412	0.3687	0.6313	5.217095
84636	-1483.603	-1579.239	95.63635	0.7904709	0.7667448	0.511103	0.488897	4.413786
84642	-1479.031	-1573.116	94.08513	0.6477468	0.5956179	0.467809	0.532191	5.483137
84648	-1480.429	-1574.442	94.0133	0.6438053	0.767964	0.548044	0.451956	5.398609
84654	-1480.752	-1575.776	95.02398	0.6438053	0.8155763	0.484125	0.515875	4.806906
84660	-1469.638	-1564.278	94.64077	0.4182134	0.6086951	0.449267	0.550733	5.292948
84666	-1484.08	-1577.775	93.69549	0.5930171	0.61458	0.359344	0.640656	5.712072
84672	-1485.288	-1577.821	92.53297	0.5930171	0.6087201	0.487082	0.512918	6.35051
84678	-1475.617	-1570.803	95.18553	0.6643217	0.5048043	0.434718	0.565282	4.943098
84684	-1486.129	-1581.063	94.93487	0.6643217	0.674412	0.434718	0.565282	4.943098
84690	-1485.392	-1579.498	94.10636	0.6896108	0.6213513	0.438245	0.561755	5.428015
84696	-1481.8	-1575.779	93.97906	0.6896108	0.7159045	0.468856	0.531144	5.428015
84702	-1476.276	-1570.787	94.51123	0.8602377	0.7018756	0.505543	0.494457	5.049517
84708	-1482.247	-1578.788	96.54077	0.8602377	0.6178554	0.536319	0.463681	3.971805
84714	-1485.631	-1581.418	95.78741	0.5505705	0.6969328	0.524376	0.475624	4.513355
84720	-1474.153	-1568.348	94.19477	0.449231	0.583753	0.499528	0.500472	5.541609
84726	-1487.227	-1579.979	92.75208	0.6291122	0.5504378	0.499528	0.500472	6.259104
84732	-1490.829	-1585.669	94.84008	0.6331856	0.6044847	0.621558	0.378442	5.067038
84738	-1481.119	-1577.085	95.96587	0.6331856	0.4670171	0.56789	0.43211	4.560037
84744	-1477.26	-1572.97	95.70953	0.6331856	0.7183908	0.512725	0.487275	4.495112
84750	-1487.413	-1583.727	96.31403	0.8815372	0.4042268	0.392492	0.607508	4.288202
84756	-1492.123	-1588.48	96.35742	0.8083708	0.5946178	0.365365	0.634635	4.125123
84762	-1489.562	-1585.69	96.12853	0.6684798	0.4922997	0.565239	0.434761	4.424454
84768	-1486.483	-1580.555	94.07244	0.6657547	0.611676	0.38965	0.61035	5.467417
84774	-1485.355	-1580.965	95.60947	0.7569572	0.5765458	0.550317	0.449683	4.591753
84780	-1492.707	-1586.609	93.90234	0.7569572	0.6503239	0.402184	0.597816	5.481007
84786	-1480.819	-1574.679	93.8592	0.519469	0.608054	0.402184	0.597816	5.667778
84792	-1477.316	-1573.167	95.8511	0.5862116	0.608054	0.474185	0.525815	4.525977
84798	-1474.682	-1570.064	95.38158	0.5040938	0.4667241	0.527633	0.472367	4.958912
84804	-1491.689	-1584.904	93.21533	0.5040938	0.4667241	0.377075	0.622925	6.149641
84810	-1487.031	-1579.301	92.26936	0.6672407	0.8489492	0.40533	0.59467	6.287633
84816	-1485.374	-1581.192	95.81774	0.7379022	0.5417742	0.419268	0.580732	4.515334
84822	-1480.024	-1575.815	95.79093	0.4400839	0.4231967	0.488137	0.511863	4.810024
84828	-1491.324	-1585.269	93.94453	0.514927	0.4896144	0.382327	0.617673	5.724259
84834	-1491.032	-1587.493	96.46094	0.7005616	0.7150491	0.387381	0.612619	4.033704
84840	-1487.581	-1584.204	96.62296	0.7005616	0.4878439	0.535201	0.464799	4.130565
84846	-1482.584	-1577.173	94.58872	0.7595828	0.6208341	0.492148	0.507852	5.123335
84852	-1487.389	-1581.952	94.5634	0.6223719	0.8748553	0.535	0.465	5.037768
84858	-1481.009	-1575.4	94.39089	0.6840547	0.7813346	0.519364	0.480636	5.158896
84864	-1476.135	-1570.68	94.54454	0.6103815	0.6540946	0.384374	0.615626	5.204756
84870	-1480.271	-1574.935	94.66444	0.6103815	0.5704872	0.400852	0.599148	5.204756
84876	-1482.115	-1577.432	95.31774	0.6946929	0.5704872	0.327728	0.672272	4.79495
84882	-1490.537	-1585.954	95.41692	0.6946929	0.5658787	0.482838	0.517162	4.743441
84888	-1498.99	-1594.981	95.99147	0.7989675	0.4281913	0.526311	0.473689	4.491433
84894	-1496.188	-1591.209	95.02112	0.8022579	0.6066362	0.500022	0.499978	4.870661
84900	-1502.136	-1598.361	96.22459	0.7047915	0.6830713	0.432971	0.567029	4.18954
84906	-1499.782	-1594.729	94.94725	0.6670232	0.8275043	0.494586	0.505414	4.82906
84912	-1490.217	-1582.902	92.68558	0.6288786	0.5842301	0.585468	0.414532	6.267582
84918	-1487.784	-1582.346	94.56165	0.6472501	0.5819616	0.528283	0.471717	5.231716
84924	-1501.067	-1595.839	94.77184	0.6472501	0.5466867	0.349447	0.650553	5.145059
84984	-1476.419	-1570.289	93.87009	0.5482843	0.5890472	0.347224	0.652776	5.661186
84990	-1491.027	-1582.626	91.59913	0.5090995	0.8282041	0.463917	0.536083	6.749051
84996	-1481.948	-1573.896	91.94827	0.6073439	0.6511945	0.499318	0.500682	6.627198
85014	-1479.756	-1575.342	95.58653	0.5267048	0.6058252	0.490186	0.509814	4.709495
85020	-1468.712	-1562.44	93.72751	0.6443275	0.6746893	0.533971	0.466029	5.620834
85026	-1481.185	-1574.885	93.70069	0.6443275	0.4838293	0.435893	0.564107	5.792257
85032	-1478.533	-1572.896	94.36266	0.7147994	0.6041016	0.303213	0.696787	5.286407
85038	-1483.433	-1580.252	96.81833	0.8230097	0.6343798	0.303213	0.696787	3.820581
85044	-1483.155	-1578.183	95.02826	0.8230097	0.7019349	0.394168	0.605832	4.782403
85050	-1480.657	-1575.027	94.36937	0.4703354	0.5356974	0.394168	0.605832	5.47437
85056	-1475.809	-1569.338	93.52929	0.4110723	0.5880922	0.425404	0.574596	5.923549
85062	-1475.954	-1570.727	94.77332	0.5459147	0.5032238	0.45828	0.54172	5.238747
85068	-1482.036	-1575.744	93.70791	0.6475453	0.5032238	0.432515	0.567485	5.768832
85074	-1479.833	-1574.005	94.17281	0.6305201	0.5754859	0.549854	0.450146	5.460757
85080	-1487.867	-1583.765	95.89857	0.775442	0.883178	0.430441	0.569559	4.197871
85086	-1484.637	-1578.075	93.43784	0.508206	0.5809903	0.430441	0.569559	5.92619
85092	-1483.602	-1577.177	93.57481	0.5541155	0.6576369	0.419705	0.580295	5.766588
85098	-1482.763	-1576.655	93.8922	0.408237	0.5400467	0.381781	0.618219	5.766588
85104	-1493.117	-1588.896	95.77917	0.5349334	0.6022405	0.314402	0.685598	4.599877
85110	-1486.942	-1579.639	92.69737	0.5050938	0.5573525	0.517334	0.482666	6.350385
85116	-1482.846	-1576.403	93.55654	0.3084513	0.4692292	0.409717	0.590283	6.068006
85122	-1487.681	-1580.134	92.45289	0.4479076	0.6322043	0.357595	0.642405	6.454565
85128	-1485.965	-1580.103	94.13777	0.412577	0.6448996	0.485898	0.514102	5.545018
85134	-1480.3	-1574.512	94.21131	0.4153677	0.6448996	0.47202	0.52798	5.503056
85140	-1477.973	-1571.932	93.95951	0.5884346	0.7141754	0.47202	0.52798	5.495679
85146	-1491.172	-1585.066	93.89354	0.5414894	0.640801	0.5928	0.4072	5.611471
85152	-1494.015	-1588.38	94.36525	0.5593501	0.640801	0.426471	0.573529	5.342086
85158	-1488.483	-1582.887	94.40461	0.5511176	0.6186384	0.397051	0.602949	5.342086
85164	-1487.653	-1582.05	94.39675	0.5283531	0.4597046	0.475766	0.524234	5.496805
85170	-1486.775	-1579.825	93.04986	0.5283531	0.7258237	0.475766	0.524234	6.018564
85176	-1488.523	-1583.445	94.92164	0.5459583	0.4544458	0.541871	0.458129	5.202693
85182	-1493.129	-1587.619	94.48988	0.5602949	0.440615	0.551679	0.448321	5.446661
85188	-1491.313	-1584.644	93.33066	0.4374578	0.6012943	0.553707	0.446293	6.007006
85542	-1479.04	-1575.908	96.86754	0.8167309	0.6285413	0.442881	0.557119	3.800582
85548	-1489.478	-1585.123	95.6455	0.6901249	0.5428069	0.545332	0.454668	4.637927
85554	-1488.624	-1583.166	94.54249	0.562894	0.6187919	0.310611	0.689389	5.259346
85560	-1480.824	-1575.62	94.79584	0.445656	0.4855515	0.596779	0.403221	5.297965
85566	-1489.012	-1583.712	94.69952	0.3645641	0.5324965	0.31536	0.68464	5.353545
86100	-1499.922	-1593.506	93.58431	0.530717	0.4862716	0.440421	0.559579	5.915741
86106	-1487.909	-1581.923	94.01397	0.530717	0.6521778	0.408573	0.591427	5.542629
86112	-1490.574	-1588.127	97.55279	0.9648911	0.6521778	0.364786	0.635214	3.2963
86118	-1494.303	-1591.327	97.02428	0.9641423	0.6521778	0.511768	0.488232	3.6058
86124	-1495.096	-1593.154	98.05818	0.9641423	0.7269864	0.525577	0.474423	2.937048
86154	-1484.078	-1578.895	94.81733	0.4064737	0.6348857	0.377147	0.622853	5.181321
86160	-1481.025	-1575.212	94.18755	0.4404541	0.6132081	0.459375	0.540625	5.52682
86166	-1485.209	-1579.962	94.75295	0.4484451	0.5377293	0.455196	0.544804	5.273204
86172	-1483.845	-1578.266	94.42136	0.6152324	0.5549797	0.480603	0.519397	5.349374
86178	-1490.07	-1584.575	94.50422	0.5072258	0.635656	0.381908	0.618092	5.298111
86184	-1499.424	-1594.713	95.28853	0.7708718	0.6490072	0.432162	0.567838	4.705588
86190	-1501.151	-1597.216	96.06532	0.5583015	0.5306435	0.366517	0.633483	4.486951
86196	-1491.225	-1586.539	95.31444	0.6997183	0.5306435	0.39021	0.60979	4.828347
86202	-1490.921	-1585.103	94.18197	0.6515733	0.5448668	0.418851	0.581149	5.469857
86208	-1489.851	-1584.015	94.16347	0.5842186	0.4187038	0.416499	0.583501	5.635019
86214	-1493	-1589.54	96.54005	0.5842186	0.4187038	0.509401	0.490599	4.31305
86220	-1485.662	-1580.336	94.67391	0.5977103	0.5004157	0.460897	0.539103	5.267618
86226	-1487.032	-1581.93	94.89828	0.3711976	0.5017159	0.412932	0.587068	5.267618
86232	-1483.849	-1580.199	96.34986	0.6583209	0.5306946	0.471261	0.528739	4.26983
86238	-1485.936	-1580.73	94.79367	0.4526524	0.5714025	0.553978	0.446022	5.21976
86244	-1487.379	-1582.119	94.73977	0.4763214	0.5117089	0.534255	0.465745	5.288063
86250	-1482.91	-1578.004	95.09418	0.6050021	0.6029185	0.428015	0.571985	4.942802
86256	-1483.604	-1577.633	94.02893	0.6292266	0.6136152	0.492728	0.507272	5.509919
86262	-1479.409	-1574.741	95.33212	0.5035474	0.6180563	0.492728	0.507272	4.854698
86268	-1479.316	-1575.365	96.04849	0.7879872	0.4796874	0.492728	0.507272	4.414192
86274	-1483.919	-1578.595	94.67594	0.7216936	0.9973356	0.492728	0.507272	4.848265
86280	-1479.003	-1573.85	94.84738	0.7216936	0.6735831	0.504914	0.495086	4.960468
86286	-1478.534	-1571.866	93.33236	0.5951199	0.5647474	0.531073	0.468927	5.949647
86292	-1487.11	-1581.449	94.3392	0.465257	0.5232902	0.441848	0.558152	5.504597
86298	-1480.428	-1575.552	95.12337	0.6546814	0.5260677	0.414325	0.585675	4.963883
86304	-1488.792	-1585.417	96.62484	0.6797598	0.5687138	0.639559	0.360441	4.067998
86310	-1489.629	-1586.346	96.71765	0.7532669	0.5687138	0.293647	0.706353	3.973025
86316	-1484.811	-1579.608	94.79767	0.5928165	0.5687138	0.491126	0.508874	5.142222
86322	-1489.238	-1583.401	94.16251	0.7486086	0.6577739	0.444727	0.555273	5.336661
86328	-1486.222	-1580.707	94.48502	0.6081234	0.6577739	0.444727	0.555273	5.236138
86334	-1488.101	-1582.468	94.36746	0.6264566	0.4497267	0.444727	0.555273	5.468644
86340	-1484.942	-1579.447	94.50542	0.7699119	0.5985236	0.433784	0.566216	5.181497
86346	-1481.206	-1576.281	95.07515	0.8124538	0.6693898	0.441392	0.558608	4.78612
86352	-1487.551	-1582.56	95.00867	0.8133227	0.7072924	0.441392	0.558608	4.794878
86358	-1479.246	-1574.639	95.39293	0.637203	0.5589067	0.403817	0.596183	4.794878
86364	-1484.547	-1579.32	94.77381	0.4895591	0.6231683	0.513465	0.486535	5.168538
86370	-1481.715	-1578.024	96.30908	0.4895591	0.4479961	0.508936	0.491064	4.466626
86376	-1482.848	-1577.747	94.89947	0.6944178	0.606951	0.557647	0.442353	4.998097
86382	-1489.898	-1583.21	93.31203	0.4744614	0.5028574	0.40753	0.59247	6.079873
86388	-1489.363	-1582.603	93.24031	0.4336541	0.574504	0.548486	0.451514	6.079873
86394	-1492.834	-1586.845	94.0106	0.483866	0.477348	0.526019	0.473981	5.716457
86400	-1487.337	-1582.519	95.182	0.7539761	0.5093798	0.420195	0.579805	4.890991
86406	-1494.496	-1591.787	97.29157	0.9501345	0.5238518	0.333677	0.666323	3.568855
86412	-1494.843	-1590.4	95.55733	0.5152654	0.5910513	0.473031	0.526969	4.744249
86418	-1492.714	-1587.631	94.91666	0.9050595	0.7802799	0.351965	0.648035	4.744249
86424	-1493.073	-1589.055	95.98176	0.6668921	0.5958281	0.608206	0.391794	4.416986
86430	-1491.927	-1587.078	95.15166	0.6668921	0.701671	0.444984	0.555016	4.800863
86436	-1485.655	-1579.809	94.15406	0.6668921	0.5841981	0.366183	0.633817	5.44391
86442	-1490.359	-1584.535	94.17654	0.4352871	0.5638516	0.48225	0.51775	5.575696
86448	-1499.295	-1594.129	94.83396	0.5671571	0.6205637	0.347956	0.652044	5.094276
86622	-1487.92	-1583.81	95.89006	0.6481916	0.5301927	0.54813	0.45187	4.535359
86628	-1485.257	-1583.921	98.66466	1.079002	0.8160812	0.533881	0.466119	2.426968
86634	-1480.516	-1578.494	97.97815	1.079002	0.8160812	0.389024	0.610976	2.85068
86640	-1490.584	-1588.311	97.72714	1.079002	0.6062962	0.445825	0.554175	3.163799
86646	-1490.615	-1587.751	97.13516	1.079002	0.9146733	0.484964	0.515036	3.2887
86652	-1477.215	-1574.519	97.30487	1.07272	0.7709927	0.457905	0.542095	3.2887
86658	-1484.071	-1581.21	97.13846	0.911251	0.6014619	0.553389	0.446611	3.611717
86664	-1488.543	-1584.156	95.61285	0.9979059	0.8047633	0.553389	0.446611	4.284179
86724	-1493.796	-1587.644	93.84735	0.7520393	0.6686753	0.447687	0.552313	5.500245
86730	-1494.329	-1588.095	93.76674	0.8646073	0.7228955	0.481874	0.518126	5.443656
86736	-1492.283	-1586.605	94.32167	0.5932575	0.5995269	0.481874	0.518126	5.379744
86742	-1485.786	-1579.937	94.15142	0.5218484	0.7550728	0.481874	0.518126	5.398391
86748	-1487.94	-1582.275	94.33446	0.6122789	0.5555943	0.441287	0.558713	5.398391
86754	-1486.752	-1581.813	95.06117	0.7883998	0.6015578	0.353352	0.646648	4.860164
86760	-1482.94	-1578.928	95.98744	0.6927108	0.6814469	0.329046	0.670954	4.331947
86766	-1478.63	-1573.806	95.1767	0.5728042	0.6498725	0.426899	0.573101	4.877926
86772	-1488.485	-1582.194	93.70909	0.5728042	0.6498725	0.441656	0.558344	5.688604
86778	-1478.615	-1572.977	94.3621	0.5673005	0.5299188	0.488832	0.511168	5.430024
86784	-1485.857	-1580.172	94.31559	0.4911064	0.480585	0.314266	0.685734	5.542093
86790	-1493.387	-1585.207	91.81976	0.3225735	0.6688642	0.398748	0.601252	6.837456
86796	-1488.167	-1581.543	93.37657	0.5918622	0.617421	0.365573	0.634427	5.884994
86802	-1488.893	-1582.465	93.57224	0.5918622	0.5651752	0.283905	0.716095	5.819996
86808	-1492.175	-1586.898	94.72252	0.4247713	0.5651752	0.484266	0.515734	5.279688
86814	-1487.722	-1581.971	94.24829	0.6393594	0.515325	0.531998	0.468002	5.465886
86820	-1493.125	-1587.435	94.31018	0.5326218	0.4960074	0.573066	0.426934	5.507995
86826	-1488.195	-1582.323	94.12805	0.5842928	0.5339961	0.444958	0.555042	5.545881
86832	-1486.112	-1580.712	94.59996	0.3476103	0.3989355	0.450304	0.549696	5.545881
86838	-1485.114	-1580.094	94.97969	0.4384938	0.3989355	0.511093	0.488907	5.286633
86844	-1503.36	-1598.355	94.99457	0.4075067	0.5594147	0.500616	0.499384	5.143623
86850	-1491.31	-1585.997	94.68714	0.4836749	0.6290219	0.333587	0.666413	5.215181
86856	-1489.493	-1583.292	93.79913	0.3614414	0.5310416	0.534912	0.465088	5.850872
86940	-1487.957	-1584.397	96.43997	0.8162253	0.6936419	0.528639	0.471361	3.995455
86946	-1489.564	-1585.88	96.31556	0.9654867	0.645886	0.511008	0.488992	4.017922
86952	-1484.267	-1580.005	95.73883	0.8575118	0.5762028	0.511008	0.488992	4.462809
86958	-1473.123	-1568.55	95.42745	0.6779047	0.7429224	0.462748	0.537252	4.611052
86964	-1480.284	-1574.117	93.83334	0.6737673	0.5333846	0.330815	0.669185	5.659085
86970	-1476.906	-1571.676	94.77053	0.460683	0.6777748	0.42952	0.57048	5.144847
86976	-1482.707	-1577.948	95.24099	0.5776562	0.551619	0.42952	0.57048	4.918996
86982	-1480.092	-1575.56	95.46753	0.7100089	0.9274468	0.570434	0.429566	4.45161
86988	-1484.569	-1578.848	94.27929	0.7254314	0.4497482	0.58058	0.41942	5.462677
86994	-1484.632	-1578.989	94.35629	0.7371634	0.7877801	0.483976	0.516024	5.144376
87000	-1486.58	-1582.02	95.43974	0.5566445	0.7682884	0.365866	0.634134	4.654629
87006	-1493.645	-1589.273	95.62761	0.6168204	0.6579619	0.496737	0.503263	4.595067
87012	-1480.505	-1575.47	94.96528	0.7978955	0.4480973	0.410023	0.589977	5.045163
87018	-1482.8	-1579.073	96.27293	0.6479796	0.4814394	0.410023	0.589977	4.364871
87024	-1480.576	-1575.178	94.60222	0.6078438	0.5306205	0.402781	0.597219	5.274613
87030	-1495.638	-1590.815	95.1768	0.5059511	0.6153563	0.389398	0.610602	4.941989
87036	-1486.256	-1582.14	95.88349	0.7896552	0.5202329	0.410042	0.589958	4.468433
87042	-1488.213	-1585.039	96.82606	0.8444273	0.691822	0.609921	0.390079	3.759001
87048	-1489.106	-1584.704	95.5972	0.8444273	0.691822	0.285028	0.714972	4.458793
87054	-1483.169	-1579.1	95.93118	0.754472	0.6409434	0.464004	0.535996	4.359875
87060	-1485.668	-1581.471	95.80217	0.754472	0.7486684	0.631812	0.368188	4.353048
87066	-1481.861	-1578.012	96.15082	0.8844265	0.6201312	0.570348	0.429652	4.178428
87072	-1482.866	-1578.642	95.77642	0.7915135	0.5156029	0.53001	0.46999	4.531821
87078	-1491.832	-1587.664	95.83211	1.05211	0.5732951	0.359749	0.640251	4.302794
87084	-1498.396	-1593.747	95.35074	1.006087	0.7827041	0.375118	0.624882	4.442368
87090	-1486.92	-1583.552	96.63177	0.7584237	0.5276751	0.364575	0.635425	4.055469
87096	-1479.516	-1575.554	96.03857	0.7584237	0.5632995	0.478223	0.521777	4.360635
87102	-1488.027	-1582.763	94.73663	0.6142504	0.615625	0.597617	0.402383	5.126013
87108	-1483.21	-1578.862	95.65249	0.6330853	0.5028011	0.541763	0.458237	4.701868
87114	-1489.155	-1586.32	97.16519	0.7900001	0.4799013	0.442634	0.557366	3.776661
87132	-1483.943	-1579.678	95.73472	0.6819111	0.6362551	0.535494	0.464506	4.51514
87138	-1490.59	-1586.172	95.5818	0.8570264	0.5773722	0.383503	0.616497	4.550414
87144	-1482.129	-1576.703	94.57377	0.3103696	0.46859	0.500401	0.499599	5.510829
87150	-1481.339	-1575.517	94.17782	0.4383483	0.6422769	0.502834	0.497166	5.510829
87156	-1478.269	-1571.942	93.67329	0.5480445	0.6016739	0.535141	0.464859	5.759045
87162	-1486.484	-1580.477	93.99269	0.5627722	0.5971437	0.4426	0.5574	5.579437
87168	-1484.822	-1580.177	95.35547	0.6389839	0.6850126	0.450221	0.549779	4.714776
87174	-1483.909	-1578.804	94.8958	0.5451706	0.7525796	0.450221	0.549779	4.975268
87180	-1488.043	-1583.726	95.68336	0.5451706	0.6469567	0.441648	0.558352	4.61244
87186	-1485.117	-1580.837	95.71991	0.6208313	0.5690922	0.387088	0.612912	4.61244
87192	-1485.511	-1581.482	95.97143	0.7023721	0.4589029	0.584389	0.415611	4.525993
87198	-1495.351	-1592.986	97.63501	0.9498803	0.5912063	0.366676	0.633324	3.30764
87204	-1487.715	-1584.806	97.0914	1.082107	0.9226735	0.503564	0.496436	3.30764
87282	-1488.879	-1584.308	95.4282	0.446663	0.6378844	0.344609	0.655391	4.81728
87288	-1488.99	-1581.883	92.89282	0.6489232	0.7434228	0.338124	0.661876	6.026391
87294	-1485.841	-1580.383	94.54234	0.6207256	0.7299443	0.543143	0.456857	5.14513
87300	-1490.71	-1586.86	96.14983	0.7839087	0.5573036	0.361837	0.638163	4.288497
87306	-1496.984	-1592.806	95.82181	0.7838481	0.5546919	0.371085	0.628915	4.475932
87444	-1491.448	-1586.743	95.2957	1.152276	0.8017436	0.430379	0.569621	4.378202
87450	-1495.644	-1590.785	95.14114	0.7042242	0.6170423	0.48486	0.51514	4.850094
87456	-1497.151	-1591.676	94.52456	0.8034725	0.7367086	0.484494	0.515506	5.048961
87462	-1477.403	-1571.221	93.81867	0.5984693	0.3946666	0.484494	0.515506	5.841167
87468	-1493.198	-1589.736	96.53875	0.7780425	0.478158	0.530124	0.469876	4.143721
87474	-1493.214	-1590.015	96.80065	0.8925288	0.6496572	0.407554	0.592446	3.778547
87702	-1492.795	-1589.442	96.64786	0.8910325	0.5420732	0.365629	0.634371	3.957546
87708	-1491.82	-1586.02	94.19957	0.7870388	0.6625053	0.419335	0.580665	5.29145
87732	-1482.991	-1578.145	95.15425	0.510668	0.5688315	0.562287	0.437713	4.989879
87738	-1484.352	-1579.173	94.82084	0.5242134	0.6444202	0.592648	0.407352	5.106837
88542	-1486.282	-1582.122	95.84015	0.7661923	0.6509436	0.442265	0.557735	4.396857
88548	-1490.794	-1585.234	94.43967	0.77186	0.6306679	0.431653	0.568347	5.191382
88554	-1481.557	-1576.184	94.62668	0.8126662	0.6407809	0.497708	0.502292	5.057337
88560	-1472.93	-1567.325	94.39506	0.6375992	0.6653572	0.497615	0.502385	5.263885
88566	-1473.417	-1569.754	96.33727	0.9012853	0.5029167	0.527639	0.472361	4.164614
88572	-1473.183	-1569.964	96.78089	0.7981032	0.6739713	0.427015	0.572985	3.825315
88578	-1475.568	-1573.174	97.60585	1.094949	0.8134563	0.562924	0.437076	3.066948
88584	-1470.554	-1567.078	96.52352	0.9245814	0.8346075	0.488963	0.511037	3.786456
88590	-1471.58	-1568.759	97.1792	0.7384555	0.4304916	0.505984	0.494016	3.848465
88596	-1467.161	-1562.954	95.79219	0.8223456	0.57586	0.568871	0.431129	4.452851
88602	-1471.281	-1565.481	94.20069	0.6540583	0.6940915	0.446939	0.553061	5.341012
88608	-1480.345	-1575.799	95.45485	0.59539	0.4844275	0.46103	0.53897	4.85041
88614	-1479.938	-1572.728	92.79037	0.6181598	0.6940754	0.505442	0.494558	6.13329
88674	-1484.436	-1579.055	94.61899	0.5047892	0.5118808	0.392386	0.607614	5.338859
88680	-1493.1	-1588.743	95.64275	0.5047892	0.6061813	0.423127	0.576873	4.690017
88686	-1498.315	-1593.639	95.32324	0.7042745	0.7684708	0.267754	0.732246	4.637065
88692	-1490.972	-1586.921	95.949	0.7155384	0.5660414	0.365831	0.634169	4.433014
88698	-1489.701	-1584.715	95.01461	0.665744	0.6427057	0.538829	0.461171	4.921932
88704	-1487.414	-1582.636	95.22145	0.6742459	0.5886335	0.52371	0.47629	4.844986
88710	-1498.946	-1594.307	95.36119	0.7420167	0.4593152	0.365139	0.634861	4.844986
88716	-1492.762	-1588.163	95.40082	0.6086894	0.409889	0.482889	0.517111	4.947329
88722	-1482.94	-1577.619	94.67849	0.4423673	0.4337218	0.500191	0.499809	5.414623
88728	-1483.511	-1578.491	94.9804	0.6102281	0.6919895	0.517888	0.482112	4.934915
88734	-1488.436	-1583.367	94.93139	0.6102281	0.4597714	0.460979	0.539021	5.15654
89244	-1490.156	-1586.558	96.4017	0.7379969	0.4458218	0.370287	0.629713	4.276261
89250	-1486.001	-1581.21	95.209	0.7379969	0.6826446	0.567935	0.432065	4.743063
89256	-1486.931	-1584.151	97.21975	0.8804539	0.5172838	0.409044	0.590956	3.657099
89262	-1488.706	-1583.776	95.06943	0.5066546	0.4644265	0.572903	0.427097	5.132951
89268	-1486.211	-1581.089	94.87866	0.5597873	0.7478624	0.587676	0.412324	4.979912
89274	-1492.907	-1586.337	93.42994	0.4009484	0.7563107	0.493374	0.506626	5.859829
89280	-1485.655	-1579.237	93.58157	0.4294347	0.6769582	0.3805	0.6195	5.816879
89286	-1488.87	-1583.899	95.02941	0.5968023	0.6148426	0.603435	0.396565	4.973835
89292	-1475.499	-1570.387	94.88796	0.59381	0.5979099	0.603435	0.396565	5.067612
89298	-1486.849	-1581.629	94.78055	0.503926	0.6733399	0.624759	0.375241	5.11862
89304	-1477.644	-1571.418	93.77355	0.4778812	0.5230373	0.599219	0.400781	5.808153
89310	-1486.074	-1580.718	94.64412	0.4669796	0.6101888	0.560583	0.439417	5.262978
89316	-1488.951	-1583.716	94.76502	0.4669796	0.5300714	0.500695	0.499305	5.262978
89322	-1497.867	-1592.468	94.60043	0.6315662	0.5300714	0.516328	0.483672	5.262978
89328	-1495.399	-1589.617	94.2176	0.5678985	0.6177383	0.388874	0.611126	5.436609
89334	-1495.233	-1589.98	94.74639	0.4881224	0.6308981	0.406733	0.593267	5.178486
89340	-1494.478	-1589.08	94.60157	0.6674713	0.4776934	0.465643	0.534357	5.290119
89346	-1497.186	-1591.532	94.34545	0.6674713	0.7606556	0.432183	0.567817	5.207099
89352	-1483.585	-1579.204	95.61917	0.7853442	0.439782	0.391839	0.608161	4.696111
89358	-1489.211	-1584.332	95.12112	0.6190191	0.5213976	0.426172	0.573828	4.989115
89364	-1482.848	-1578.74	95.89156	0.6157255	0.5213976	0.426665	0.573335	4.560639
89370	-1486.148	-1581.189	95.04122	0.6710068	0.6009485	0.603504	0.396496	4.937134
89376	-1494.636	-1589.753	95.11663	0.717527	0.5709017	0.428656	0.571344	4.893995
89382	-1486.067	-1582.129	96.06198	0.7410958	0.5864908	0.421684	0.578316	4.337562
89388	-1488.155	-1583.674	95.519	0.7685264	0.5864908	0.421684	0.578316	4.627709
89394	-1482.917	-1578.131	95.21402	0.7225875	0.5488846	0.360936	0.639064	4.855649
89400	-1484.931	-1581.193	96.26208	0.8250027	0.5033276	0.392899	0.607101	4.250177
89406	-1489.414	-1584.601	95.18688	0.7369423	0.774257	0.470261	0.529739	4.691209
89412	-1495.15	-1590.529	95.37934	0.6459183	0.6361454	0.524288	0.475712	4.734638
89418	-1476.5	-1571.161	94.6607	0.6459183	0.7227234	0.396074	0.603926	5.070638
89424	-1486.898	-1581.742	94.84427	0.752535	0.525759	0.570785	0.429215	5.064819
89430	-1486.041	-1581.42	95.3789	0.7036908	0.9337893	0.423936	0.576064	4.501281
89436	-1483.589	-1579.386	95.79666	0.6704737	0.617897	0.511969	0.488031	4.501281
89442	-1485.734	-1582.753	97.01908	0.8350761	0.617897	0.502613	0.497387	3.711279
89448	-1484.131	-1580.811	96.67924	0.8829489	0.5346598	0.509626	0.490374	3.950872
89454	-1485.465	-1580.922	95.4568	0.93589	0.8299177	0.475974	0.524026	4.390906
89460	-1476.28	-1571.557	95.27751	0.93589	0.5947705	0.475974	0.524026	4.662426
89466	-1484.731	-1581.523	96.79261	0.9378154	0.3764152	0.557556	0.442444	4.015125
89472	-1482.442	-1578.553	96.11137	0.7047871	0.4083193	0.450659	0.549341	4.497872
89478	-1484.854	-1580.246	95.39272	1.06125	0.574276	0.552366	0.447634	4.54451
89484	-1476.771	-1572.679	95.90797	0.6633079	0.574276	0.410033	0.589967	4.478543
89490	-1473.033	-1568.857	95.82401	0.8266932	0.5942481	0.410033	0.589967	4.417129
89496	-1483.444	-1579.459	96.01543	0.8266932	0.6916783	0.426983	0.573017	4.232609
89502	-1479.654	-1575.853	96.19957	0.6527168	0.5643068	0.426983	0.573017	4.328529
89508	-1479.335	-1574.544	95.20911	0.6044449	0.5906353	0.481412	0.518588	4.889116
89514	-1478.934	-1575.261	96.32736	0.646087	0.5906353	0.381252	0.618748	4.23767
89520	-1487.482	-1583.668	96.18598	0.7205133	0.5432307	0.379505	0.620495	4.316218
89526	-1487.043	-1582.664	95.6213	0.5798316	0.4888573	0.527716	0.472284	4.762041
89532	-1483.43	-1577.668	94.23784	0.3836808	0.5700045	0.430515	0.569485	5.565258
89538	-1488.634	-1584.53	95.896	0.5663826	0.5179249	0.37862	0.62138	4.588987
89544	-1490.72	-1585.323	94.60251	0.4862155	0.6063583	0.443924	0.556076	5.278385
89550	-1488.961	-1583.905	94.94405	0.4862155	0.6125973	0.454904	0.545096	5.084409
89556	-1487.922	-1582.741	94.81878	0.5912435	0.5881479	0.491858	0.508142	5.115327
89562	-1479.976	-1576.515	96.53893	0.5525864	0.4251879	0.542593	0.457407	4.324756
89568	-1478.003	-1573.525	95.52137	0.7600602	0.6006844	0.542593	0.457407	4.619472
89574	-1485.162	-1581.689	96.52665	0.894038	0.6226169	0.509589	0.490411	3.956678
89580	-1494.254	-1590.641	96.38674	0.9892809	0.3944757	0.586983	0.413017	4.196581
89586	-1487.354	-1583.678	96.32373	0.7046724	0.6026119	0.472705	0.527295	4.196581
89592	-1495.499	-1593.458	97.95863	0.9467185	0.6245409	0.492937	0.507063	3.089249
89598	-1491.666	-1588.816	97.14976	0.9467185	0.5938693	0.369924	0.630076	3.59099
89604	-1477.955	-1573.032	95.07755	0.6160894	0.5242605	0.364803	0.635197	5.012398
89610	-1492.691	-1587.771	95.08076	0.7402495	0.4487616	0.463941	0.536059	5.012398
89616	-1478.162	-1573.822	95.65994	0.6914794	0.4634944	0.463941	0.536059	4.702277
89622	-1480.684	-1574.792	94.10845	0.5988714	0.4634944	0.433598	0.566402	5.612829
89628	-1477.494	-1571.047	93.55323	0.4441453	0.6753896	0.40287	0.59713	5.825476
89634	-1474.217	-1566.957	92.73914	0.4407407	0.7602009	0.501812	0.498188	6.212137
89640	-1480.736	-1574.854	94.11826	0.4467869	0.5655436	0.603656	0.396344	5.599975
89646	-1487.123	-1580.819	93.69507	0.7606819	0.6409556	0.603656	0.396344	5.599975
89652	-1491.828	-1587.103	95.27484	0.5433525	0.5416966	0.5939	0.4061	4.927826
89658	-1484.91	-1578.885	93.97512	0.4452434	0.6256551	0.479331	0.520669	5.631148
89664	-1479.649	-1574.947	95.29797	0.6645714	0.7261414	0.492323	0.507677	4.702859
89670	-1488.273	-1582.392	94.11926	0.5321188	0.6431925	0.455312	0.544688	5.490767
89676	-1503.432	-1598.741	95.30879	0.5142133	0.5198251	0.455312	0.544688	4.944448
89682	-1489.759	-1584.818	95.05912	0.5842661	0.8444013	0.465697	0.534303	4.802043
89688	-1490.469	-1584.277	93.80864	0.3691122	0.5484239	0.480832	0.519168	5.826579
89694	-1487.664	-1581.494	93.83057	0.5723768	0.7274991	0.480832	0.519168	5.566054
89700	-1495.176	-1590.265	95.08853	0.6663263	0.7383108	0.480832	0.519168	4.810339
89706	-1484.299	-1578.381	94.08255	0.5563315	0.4263751	0.421708	0.578292	5.686882
89712	-1494.136	-1588.291	94.15432	0.5868112	0.7451854	0.422266	0.577734	5.367731
89718	-1490.623	-1586.462	95.83877	0.4604516	0.4387711	0.613565	0.386435	4.756009
89724	-1480.199	-1574.892	94.69342	0.621216	0.6097265	0.535181	0.464819	5.150768
89730	-1469.815	-1564.549	94.73433	0.7576563	0.7637058	0.490841	0.509159	4.9393
89736	-1466.822	-1562.958	96.13679	0.6412196	0.4617249	0.490841	0.509159	4.464592
89742	-1481.775	-1576.78	95.00531	0.8068806	0.5911129	0.444772	0.555228	4.889487
89748	-1483.5	-1580.323	96.82308	0.8068806	0.5679409	0.635322	0.364678	3.88257
89754	-1482.031	-1578.572	96.54062	0.8113806	0.7741795	0.558418	0.441582	3.88257
89760	-1485.668	-1580.342	94.67388	0.5599601	0.699454	0.373017	0.626983	5.127578
89766	-1486.921	-1582.248	95.32686	0.8705172	0.6459409	0.492839	0.507161	4.63069
89772	-1483.409	-1578.121	94.71176	0.6235498	0.6459409	0.52832	0.47168	5.111076
89778	-1477.904	-1573.477	95.57304	0.803233	0.4803506	0.52832	0.47168	4.672124
89784	-1474.707	-1570.486	95.7785	0.8233742	0.4582856	0.539564	0.460436	4.56701
89790	-1478.967	-1574.679	95.71216	0.8103127	0.6183376	0.415846	0.584154	4.469788
89796	-1480.662	-1576.253	95.59153	0.7045897	0.5384688	0.415846	0.584154	4.663866
89802	-1489.729	-1585.361	95.6323	0.8259679	0.5384688	0.566158	0.433842	4.572946
89808	-1483.002	-1579.277	96.27439	0.7638959	0.5384688	0.49514	0.50486	4.245826
89814	-1485.947	-1582.539	96.59203	0.9099513	0.5388411	0.512678	0.487322	3.981553
89820	-1502.128	-1599.066	96.93823	0.9099513	0.4971954	0.39883	0.60117	3.821547
89826	-1493.128	-1590.569	97.44077	0.8620999	0.7056492	0.44361	0.55639	3.380779
89832	-1497.694	-1595.033	97.33902	1.008263	0.6473666	0.544371	0.455629	3.400337
89838	-1488.034	-1583.897	95.86324	1.008263	0.6415612	0.526002	0.473998	4.254259
89844	-1481.037	-1577.684	96.64691	1.008263	0.5840685	0.526002	0.473998	3.854233
89850	-1488.782	-1582.487	93.70514	0.7060474	0.6854381	0.443414	0.556586	5.591394
89856	-1485.501	-1581.004	95.50321	0.5621775	0.5514802	0.443414	0.556586	4.781566
89862	-1482.658	-1576.104	93.44603	0.5621775	0.6015568	0.443414	0.556586	5.875724
89868	-1480.648	-1576.225	95.57673	0.5866131	0.5960121	0.448985	0.551015	4.689431
89874	-1483.648	-1577.702	94.05393	0.554802	0.5960121	0.519013	0.480987	5.551078
89880	-1481.219	-1575.478	94.25925	0.4439865	0.5614404	0.449823	0.550177	5.527485
89886	-1478.275	-1572.652	94.37767	0.5764389	0.403366	0.39012	0.60988	5.537601
89892	-1481.889	-1576.34	94.45092	0.4440365	0.4914058	0.44153	0.55847	5.483528
89898	-1483.293	-1577.734	94.44179	0.5475934	0.5979204	0.5416	0.4584	5.339974
89904	-1477.329	-1572.156	94.82693	0.5997442	0.446867	0.662194	0.337806	5.232768
89910	-1475.443	-1570.28	94.83708	0.5470586	0.6464999	0.586884	0.413116	5.083575
89916	-1473.116	-1568.575	95.4586	0.7247337	0.5825285	0.455055	0.544945	4.689359
89922	-1476.288	-1572.917	96.62832	0.7247337	0.7414555	0.464797	0.535203	3.905022
89928	-1486.224	-1580.94	94.71549	0.6706124	0.5307774	0.368837	0.631163	5.177145
89934	-1482.289	-1576.963	94.67395	0.3732149	0.4964806	0.48936	0.51064	5.395062
89940	-1481.247	-1576.647	95.39969	0.4493751	0.5877805	0.458503	0.541497	4.871679
89946	-1498.324	-1592.401	94.0773	0.3122008	0.648918	0.449021	0.550979	5.630308
89964	-1496.663	-1590.148	93.48478	0.5307819	0.4008076	0.518564	0.481436	6.053903
89970	-1486.806	-1583.028	96.22147	0.7264721	0.5865383	0.426817	0.573183	4.255548
89976	-1489.557	-1583.804	94.24731	0.5781304	0.886588	0.527114	0.472886	5.230227
89982	-1491.014	-1585.649	94.63507	0.5781304	0.5192478	0.398891	0.601109	5.282923
89988	-1485.968	-1581.587	95.61885	0.7075045	0.5192478	0.452278	0.547722	4.664044
89994	-1497.015	-1594.054	97.03837	0.9470576	0.4823417	0.640988	0.359012	3.75684
90000	-1493.665	-1591.099	97.43397	1.084946	0.7303543	0.616814	0.383186	3.234927
90006	-1484.602	-1580.684	96.08148	1.004909	0.4809334	0.464451	0.535549	4.271779
90012	-1480.842	-1576.318	95.47603	0.6634161	0.6458231	0.417237	0.582763	4.66324
90018	-1473.425	-1568.164	94.73903	0.54369	0.5359894	0.475063	0.524937	5.229774
90024	-1478.645	-1572.682	94.03686	0.5492852	0.5113438	0.366505	0.633495	5.635116
90030	-1477.704	-1572.52	94.81655	0.6051731	0.5143268	0.518644	0.481356	5.172028
90036	-1481.135	-1577.644	96.50899	0.781205	0.4646904	0.471138	0.528862	4.172028
90042	-1483.507	-1578.714	95.20674	0.7619335	0.761662	0.540542	0.459458	4.674674
90048	-1493.316	-1588.603	95.28657	0.7619335	0.658743	0.459219	0.540781	4.70424
90054	-1490.855	-1585.631	94.77612	0.7103974	0.8163851	0.559478	0.440522	4.907415
90060	-1493.954	-1589.897	95.94322	0.7021346	0.7538886	0.419787	0.580213	4.299249
90066	-1479.635	-1575.411	95.77637	0.9452067	0.5333408	0.461351	0.538649	4.429381
90072	-1474.873	-1571.37	96.49704	0.7041378	0.5866318	0.432093	0.567907	4.111662
90078	-1479.132	-1573.018	93.88688	0.8159684	0.5558374	0.517165	0.482835	5.53241
90084	-1484.249	-1580.989	96.74025	0.9505703	0.4921404	0.564848	0.435152	3.916737
90090	-1485.55	-1582.112	96.56201	0.9053833	0.6390357	0.328217	0.671783	3.916737
90096	-1486.09	-1583.268	97.17865	1.044088	0.5745362	0.471689	0.528311	3.534216
90102	-1476.582	-1573.397	96.81444	0.7927817	0.6798401	0.49705	0.50295	3.804571
90108	-1480.812	-1578.168	97.35588	1.062531	0.6840347	0.50695	0.49305	3.329503
90114	-1479.463	-1576.65	97.18733	0.8671703	0.6585856	0.539815	0.460185	3.562325
90120	-1487.75	-1584.879	97.12958	0.8671703	0.4498823	0.50608	0.49392	3.782806
90126	-1486.848	-1580.578	93.72945	0.6679936	0.5438015	0.387389	0.612611	5.71024
90132	-1481.06	-1575.645	94.5858	0.7188381	0.6570309	0.439969	0.560031	5.119647
90138	-1474.923	-1571.156	96.23297	0.797717	0.3950376	0.44911	0.55089	4.391391
90144	-1476.585	-1572.553	95.96759	0.7335901	0.568026	0.432005	0.567995	4.410663
90150	-1476.773	-1572.079	95.30656	0.5886521	0.5290636	0.435546	0.564454	4.896035
90156	-1474.81	-1571.671	96.8605	0.7455795	0.5120779	0.470081	0.529919	3.94645
90162	-1484.492	-1581.274	96.7819	1.002443	0.5120779	0.280805	0.719195	3.844194
90168	-1475.591	-1573.754	98.16301	1.002443	0.4385222	0.46812	0.53188	3.110863
90192	-1482.139	-1577.039	94.89933	0.7824366	0.5274318	0.53902	0.46098	5.016178
90198	-1485.631	-1582.675	97.04334	0.940519	0.4834337	0.516172	0.483828	3.75668
90204	-1474.244	-1571.192	96.94821	0.8288001	0.4629868	0.556944	0.443056	3.89586
90210	-1489.862	-1586.205	96.34307	0.7362687	0.6204805	0.464705	0.535295	4.153089
90216	-1486.942	-1581.003	94.06113	0.7406324	0.6324796	0.39932	0.60068	5.416189
90222	-1490.435	-1585.715	95.28031	0.7258177	0.532144	0.576041	0.423959	4.831501
90228	-1489.862	-1584.544	94.68221	0.7670206	0.7799422	0.557009	0.442991	4.95214
90300	-1499.694	-1595.314	95.62003	0.9928993	0.609611	0.4892	0.5108	4.425867
90306	-1496.026	-1592.097	96.07102	0.938903	1.00452	0.413364	0.586636	3.934058
90990	-1487.155	-1582.051	94.89666	0.6070781	0.7128123	0.482815	0.517185	4.968202
90996	-1490.689	-1585.543	94.85327	0.5583662	0.5139401	0.395914	0.604086	5.177958
91002	-1487.092	-1582.729	95.63627	0.5663926	0.5942952	0.395914	0.604086	4.668829
91008	-1483.998	-1578.915	94.91708	0.7355464	0.5721558	0.325904	0.674096	4.993926
91014	-1485.204	-1581.312	96.10737	0.970194	0.3978351	0.357072	0.642928	4.361868
91020	-1485.072	-1580.753	95.68163	0.8843558	0.5661207	0.357072	0.642928	4.488439
91026	-1488.349	-1585.34	96.99101	0.8908445	0.7763692	0.55012	0.44988	3.575061
91032	-1483.113	-1579.834	96.72099	0.8522506	0.639418	0.551694	0.448306	3.855693
91038	-1481.586	-1576.706	95.12019	0.8364591	0.5912266	0.4809	0.5191	4.808862
91044	-1488.799	-1583.913	95.11424	0.8364591	0.6844036	0.424599	0.575401	4.739689
91050	-1485.827	-1579.567	93.74025	0.5350456	0.5955479	0.387421	0.612579	5.73438
91056	-1489.101	-1584.306	95.20483	0.5864436	0.526199	0.569023	0.430977	4.956416
91062	-1496.148	-1589.452	93.3037	0.7253825	0.6162155	0.522603	0.477397	5.852788
91068	-1496.586	-1591.886	95.29976	0.6241978	0.7564435	0.415114	0.584886	4.703287
91104	-1486.991	-1582.295	95.30385	0.8901427	0.670145	0.425415	0.574585	4.614122
91110	-1477.056	-1572.896	95.83984	0.931255	0.5605218	0.416656	0.583344	4.377644
91116	-1487.107	-1582.791	95.6837	0.8483496	0.6590079	0.380755	0.619245	4.432541
91134	-1498.862	-1594.233	95.37092	0.4963172	0.630188	0.474135	0.525865	4.827534
91140	-1496.493	-1592.435	95.94205	0.5699594	0.630188	0.33263	0.66737	4.466255
91146	-1491.15	-1586.715	95.56515	0.5208876	0.630188	0.524698	0.475302	4.70531
91152	-1491.848	-1584.937	93.08907	0.5552289	0.630188	0.499629	0.500371	6.05203
91158	-1494.242	-1587.222	92.98077	0.4222816	0.7105384	0.580479	0.419521	6.124638
91164	-1494.229	-1588.264	94.03482	0.5973787	0.7048064	0.571509	0.428491	5.455959
91212	-1491.554	-1587.641	96.08721	0.7930438	0.5170558	0.618111	0.381889	4.354529
91218	-1489.351	-1585.208	95.85752	0.6490131	0.4933484	0.492248	0.507752	4.586838
91224	-1490.03	-1584.809	94.77914	0.4852892	0.65942	0.494769	0.505231	5.140124
91560	-1493.094	-1589.245	96.15102	0.7014454	0.5817341	0.484108	0.515892	4.313621
91566	-1491.032	-1586.896	95.86395	0.9031371	0.616484	0.596869	0.403131	4.333297
91572	-1497.088	-1592.654	95.56576	0.7450542	0.4100186	0.380404	0.619596	4.779271
91578	-1492.287	-1587.536	95.24858	0.7450542	0.4279458	0.467502	0.532498	4.937394
91722	-1499.36	-1593.078	93.71831	0.1417447	0.4485959	0.325113	0.674887	6.090422
91728	-1486.315	-1579.958	93.64254	0.05366699	0.5472287	0.515209	0.484791	6.090422
91734	-1495.161	-1588.659	93.49804	0.1251243	0.6386699	0.506543	0.493457	6.057091
92040	-1501.815	-1597.677	95.8621	0.5421673	0.7000522	0.509578	0.490422	4.473773
92046	-1484.676	-1578.788	94.11246	0.7520665	0.742241	0.462194	0.537806	5.301676
92052	-1480.482	-1574.704	94.22253	0.7520665	0.6703597	0.430081	0.569919	5.292233
92058	-1481.297	-1576.24	94.94282	0.7430278	0.73585	0.578337	0.421663	4.850548
92064	-1495.293	-1590.421	95.12736	0.9685943	0.6145637	0.502541	0.497459	4.712142
92070	-1487.674	-1581.747	94.07276	0.5343617	0.684284	0.502541	0.497459	5.484538
92076	-1488.706	-1585.186	96.47978	0.8035851	0.5258569	0.52783	0.47217	4.117985
92082	-1488.899	-1584.266	95.36738	0.6312739	0.6770388	0.466467	0.533533	4.718345
92088	-1490.82	-1586.155	95.33449	0.8116445	0.477704	0.466467	0.533533	4.803291
92100	-1484.978	-1578.822	93.84394	0.5867927	0.7104731	0.42307	0.57693	5.562725
92106	-1481.247	-1576.075	94.8275	0.7520522	0.6321902	0.448856	0.551144	4.986131
92130	-1489.176	-1583.652	94.4761	0.395263	0.5962118	0.513076	0.486924	5.406413
92136	-1494.789	-1588.892	94.10314	0.6337585	0.5962118	0.611903	0.388097	5.480447
92142	-1491.781	-1586.55	94.76902	0.609334	0.6399234	0.419423	0.580577	5.091827
92148	-1488.341	-1583.427	95.08557	0.5514739	0.5528074	0.452521	0.547479	5.018939
92274	-1492.183	-1589.868	97.68489	0.9691987	0.5097059	0.429014	0.570986	3.341123
92490	-1485.768	-1579.137	93.36805	0.5758992	0.7054931	0.454761	0.545239	5.833056
92496	-1491.517	-1584.948	93.43055	0.58891	0.7054931	0.600453	0.399547	5.791746
92502	-1492.95	-1588.276	95.32603	0.7295215	0.5381545	0.407283	0.592717	4.798637
92508	-1482.751	-1578.215	95.46333	0.6604393	0.6581075	0.503535	0.496465	4.66259
92520	-1498.168	-1591.821	93.65335	0.6069685	0.3974407	0.31041	0.68959	5.923924
92526	-1489.097	-1583.312	94.21525	0.6069685	0.4861175	0.505593	0.494407	5.528417
92532	-1483.705	-1577.194	93.48917	0.5028118	0.4759634	0.49937	0.50063	5.992459
92538	-1483.56	-1576.955	93.39521	0.5739741	0.527101	0.415709	0.584291	5.958838
92544	-1496.464	-1588.99	92.526	0.5845744	0.5587767	0.535196	0.464804	6.399059
92694	-1495.461	-1589.996	94.53474	0.5911717	0.6672959	0.536134	0.463866	5.210891
92700	-1495.649	-1590.384	94.7353	0.5674949	0.5449778	0.490077	0.509923	5.210891
92706	-1495.639	-1589.928	94.28868	0.6060665	0.5072711	0.462549	0.537451	5.469197
93432	-1481.73	-1576.219	94.48832	0.602199	0.6080458	0.482066	0.517934	5.276054
93438	-1488.785	-1581.785	93.00002	0.5438423	0.8235247	0.456349	0.543651	5.972845
93444	-1490.608	-1585.864	95.25662	0.5321355	0.6733356	0.508729	0.491271	4.838322
93450	-1489.643	-1586.411	96.76784	0.6983752	0.4481587	0.393471	0.606529	4.088457
93456	-1486.433	-1581.973	95.54052	0.5833424	0.701213	0.40573	0.59427	4.630428
93462	-1494.332	-1589.143	94.81032	0.7071287	0.5235122	0.356865	0.643135	5.110811
93468	-1481.8	-1577.118	95.31826	0.5834681	0.5226565	0.589447	0.410553	4.898102
93474	-1488.483	-1583.768	95.28454	0.6972199	0.4557752	0.589447	0.410553	4.916106
93480	-1479.283	-1576.249	96.96612	0.8141127	0.4557752	0.585544	0.414456	3.901261
93486	-1484.881	-1581.054	96.17268	0.7504307	0.5891535	0.407173	0.592827	4.267428
93492	-1486.283	-1582.576	96.29314	0.6299739	0.5891535	0.605468	0.394532	4.267428
93498	-1480.341	-1574.702	94.36147	0.6418675	0.6390795	0.400727	0.599273	5.299954
94830	-1489.913	-1588.102	98.18933	0.8697067	0.5115891	0.438111	0.561889	3.099595
94836	-1491.628	-1588.631	97.00312	1.114075	0.8304993	0.455511	0.544489	3.400512
94842	-1487.895	-1584.706	96.81134	1.114075	0.9881528	0.535042	0.464958	3.413562
94848	-1489.462	-1587.205	97.74261	1.114075	0.5962476	0.462514	0.537486	3.14243
94854	-1484.859	-1581.361	96.50179	1.114075	0.5491472	0.542636	0.457364	3.907152
94860	-1473.869	-1569.772	95.90309	0.639221	0.5238264	0.473245	0.526755	4.538777
94866	-1483.156	-1578.995	95.83944	0.9118963	0.4041585	0.387076	0.612924	4.538777
94872	-1473.6	-1570.379	96.77892	0.7729503	0.5190023	0.399722	0.600278	3.97106
94878	-1478.59	-1574.536	95.9453	0.7729503	0.4452603	0.473509	0.526491	4.514605
94890	-1484.521	-1578.24	93.71897	0.6289367	0.7062987	0.389757	0.610243	5.611167
94896	-1491.55	-1586.135	94.5852	0.6289367	0.594059	0.418396	0.581604	5.218956
95160	-1502.432	-1597.584	95.15192	0.7343163	0.7819113	0.438759	0.561241	4.707077
95166	-1489.567	-1584.594	95.02662	0.5830908	0.420412	0.454993	0.545007	5.158208
95184	-1495.185	-1591.114	95.92973	0.8322811	0.6171691	0.475657	0.524343	4.335615
95190	-1482.775	-1577.959	95.18463	0.8322811	0.8133534	0.475657	0.524343	4.613056
95196	-1487.275	-1584.665	97.38973	0.7865212	0.5705483	0.503216	0.496784	3.564761
95202	-1478.103	-1575.145	97.0416	0.9019535	0.9262372	0.503216	0.496784	3.440402
95208	-1475.664	-1570.185	94.52063	0.5052828	0.5282699	0.490175	0.509825	5.378291
95214	-1481.424	-1575.846	94.42182	0.5581068	0.5282699	0.578053	0.421947	5.403631
95220	-1480.448	-1576.629	96.1808	0.8678805	0.4676216	0.366952	0.633048	4.306046
95226	-1484.022	-1580.907	96.8848	0.8239008	0.6974152	0.366952	0.633048	3.732726
95232	-1479.415	-1576.22	96.80502	0.8348784	0.634518	0.524093	0.475907	3.821296
95238	-1474.325	-1570.542	96.21705	0.681074	0.5104794	0.366058	0.633942	4.350461
95244	-1474.565	-1569.065	94.50053	0.7277525	0.6045573	0.467803	0.532197	5.202686
95250	-1477.976	-1571.315	93.33885	0.6889551	0.5472522	0.466181	0.533819	5.909528
95256	-1488.193	-1582.446	94.25316	0.5112538	0.6935412	0.441373	0.558627	5.391223
95262	-1481.916	-1575.265	93.34819	0.6466262	0.4696488	0.426299	0.573701	5.996831
95268	-1487.787	-1582.007	94.22081	0.5673715	0.5241885	0.384104	0.615896	5.512759
95274	-1491.388	-1585.925	94.53712	0.5533662	0.3576437	0.429773	0.570227	5.512759
95280	-1493.965	-1587.575	93.60986	0.6675481	0.4427972	0.519127	0.480873	5.868365
95286	-1491.577	-1584.391	92.81459	0.3880435	0.5446284	0.548486	0.451514	6.360962
95292	-1489.226	-1582.392	93.16661	0.2860415	0.5535565	0.467683	0.532317	6.217643
95298	-1483.664	-1577.05	93.3854	0.6097983	0.7707186	0.292106	0.707894	5.760315
95304	-1489.052	-1582.654	93.60267	0.5642255	0.8740579	0.529721	0.470279	5.600602
95310	-1483.4	-1580.031	96.63153	0.9949443	0.5818282	0.529721	0.470279	3.872624
95316	-1483.937	-1577.751	93.81449	0.5586905	0.6686145	0.51004	0.48996	5.624567
95490	-1498.357	-1594.606	96.2495	0.8173309	0.8476535	0.457319	0.542681	3.996688
95496	-1501.855	-1598.904	97.04914	0.6747992	0.3960519	0.517659	0.482341	3.996688
95814	-1490.225	-1585.444	95.21825	0.3653287	0.6548296	0.45655	0.54345	4.966492
95820	-1484.971	-1578.168	93.19704	0.5355833	0.468624	0.443393	0.556607	6.140664
95826	-1487.39	-1582.605	95.21493	0.462274	0.5391449	0.397976	0.602024	5.008429
95832	-1483.328	-1579.191	95.86306	0.4969587	0.4080052	0.375127	0.624873	4.753922
95838	-1503.141	-1598.392	95.25066	0.8484104	0.8986846	0.375127	0.624873	4.513095
96030	-1491.141	-1586.312	95.17159	0.7438832	0.5089143	0.57206	0.42794	4.902828
96036	-1498.882	-1594.483	95.60094	0.7479885	0.5871394	0.487367	0.512633	4.592738
96540	-1486.726	-1581.907	95.18116	0.4348352	0.5716926	0.242364	0.757636	5.01466
96546	-1489.96	-1584.519	94.55886	0.5255907	0.7426298	0.516506	0.483494	5.179845
96552	-1489.45	-1584.761	95.31074	0.5432584	0.5825734	0.32912	0.67088	4.873222
96558	-1482.417	-1577.646	95.22855	0.6933974	0.5380688	0.504363	0.495637	4.873222
96564	-1485.533	-1578.816	93.28317	0.3420004	0.5823413	0.437497	0.562503	6.100081
96570	-1489.723	-1584.304	94.58142	0.5696562	0.5288005	0.400787	0.599213	5.308782
96576	-1497.603	-1592.555	94.95193	0.5191535	0.4059004	0.431798	0.568202	5.250025
96582	-1497.04	-1591.498	94.45725	0.3390308	0.4366436	0.503543	0.496457	5.590209
96588	-1489.097	-1583.461	94.36375	0.154465	0.5599359	0.503543	0.496457	5.630365
96594	-1491.21	-1585.393	94.18336	0.3348541	0.5599359	0.477038	0.522962	5.630365
96600	-1481.306	-1575.78	94.4744	0.3998175	0.4651448	0.51025	0.48975	5.519569
96606	-1496.801	-1592.357	95.55567	0.6077807	0.4959311	0.485149	0.514851	4.776484
96612	-1488.449	-1582.664	94.21413	0.5277264	0.5655666	0.553023	0.446977	5.5028
96618	-1489.616	-1584.988	95.37141	0.8051576	0.4774154	0.560175	0.439825	4.786582
96624	-1487.587	-1584.347	96.75984	0.895234	0.6398635	0.559309	0.440691	3.80828
96630	-1480.456	-1575.195	94.73857	0.6103361	0.6398635	0.559309	0.440691	5.108198
96636	-1476.723	-1572.023	95.30021	0.5256803	0.6714291	0.498125	0.501875	4.819039
96642	-1488.504	-1582.763	94.2591	0.4931699	0.5302048	0.552577	0.447423	5.527232
96648	-1494.263	-1589.08	94.81699	0.6185507	0.5667532	0.487428	0.512572	5.118901
96654	-1481.808	-1575.54	93.73177	0.4740073	0.5014043	0.559817	0.440183	5.85236
96660	-1479.556	-1574.379	94.82352	0.6357298	0.5044326	0.390861	0.609139	5.160194
96666	-1490.296	-1583.301	93.00482	0.5033522	0.6276419	0.402415	0.597585	6.128129
96672	-1489.606	-1583.313	93.7064	0.6710686	0.5874891	0.409849	0.590151	5.684877
96678	-1489.82	-1584.58	94.75943	0.6633356	0.6704125	0.47836	0.52164	5.044105
96684	-1485.907	-1583.355	97.4474	0.9190625	0.4808415	0.403878	0.596122	3.53752
96690	-1488.259	-1584.986	96.7276	0.9308305	0.7277924	0.545348	0.454652	3.739221
96696	-1486.264	-1580.852	94.58814	0.9075053	0.6273062	0.489693	0.510307	5.036547
96702	-1485.665	-1581.058	95.3935	0.6706092	0.5945014	0.535869	0.464131	4.746165
96708	-1493.695	-1589.338	95.64267	0.7444329	0.4737794	0.357357	0.642643	4.672348
96852	-1498.597	-1594.759	96.16171	0.7251269	0.5905015	0.457048	0.542952	4.286841
96858	-1489.91	-1585.631	95.721	0.7455901	0.5579358	0.418459	0.581541	4.551326
96864	-1484.91	-1579.565	94.65444	0.4735312	0.5800018	0.459886	0.540114	5.278049
96930	-1491.599	-1587.348	95.74926	0.721928	0.6224061	0.360031	0.639969	4.495401
96936	-1485.513	-1581.017	95.504	0.8220814	0.4359995	0.426849	0.573151	4.743805
96984	-1493.212	-1589.551	96.33978	0.8858821	0.6168255	0.458957	0.541043	4.072762
96990	-1482.845	-1578.34	95.49497	0.7952379	0.4563784	0.474045	0.525955	4.743477
96996	-1484.273	-1579.306	95.03302	0.6290644	0.4563784	0.415894	0.584106	5.093097
97002	-1489.28	-1584.479	95.19921	0.5542309	0.4520278	0.390735	0.609265	5.046684
97008	-1485.27	-1580.377	95.10709	0.7718537	0.7128025	0.491876	0.508124	4.759111
97014	-1495.978	-1592.068	96.09013	0.8262946	0.5219402	0.491876	0.508124	4.329648
97020	-1489.031	-1584.784	95.7536	0.8262946	0.6866775	0.378162	0.621838	4.384664
97026	-1479.079	-1575.26	96.18157	0.6596947	0.4517736	0.475619	0.524381	4.43883
97032	-1482.211	-1578.072	95.8612	0.6594995	0.7910688	0.475619	0.524381	4.344273
97038	-1493.042	-1587.971	94.92834	0.7898173	0.6626477	0.427942	0.572058	4.88569
97044	-1492.509	-1586.333	93.82343	0.5097779	0.5267767	0.427942	0.572058	5.760126
97050	-1490.681	-1585.178	94.49693	0.4970509	0.8185341	0.499774	0.500226	5.179408
97056	-1491.383	-1587.653	96.2693	0.8732307	0.6078071	0.539304	0.460696	4.127461
97062	-1497.179	-1593.638	96.45963	0.8732307	0.6222569	0.574014	0.425986	4.007191
97068	-1493.745	-1589.379	95.63413	0.7321526	0.8911175	0.349536	0.650464	4.367165
97074	-1487.986	-1583.754	95.76793	0.7548728	0.9985061	0.37582	0.62418	4.215122
97080	-1488.478	-1583.857	95.37932	0.8375415	0.9985061	0.37582	0.62418	4.388218
97086	-1481.307	-1576.849	95.54184	0.72914	0.8700032	0.487006	0.512994	4.434021
97092	-1487.381	-1582.793	95.41218	0.72914	0.5818751	0.550535	0.449465	4.713408
97098	-1485.07	-1581.315	96.24572	0.7903626	0.5183146	0.451031	0.548969	4.265242
97104	-1485.198	-1581.26	96.0619	0.6854768	0.7204123	0.54802	0.45198	4.265242
97110	-1480.655	-1577.271	96.61608	0.6593149	0.5673189	0.481015	0.518985	4.085838
97116	-1488.621	-1585.356	96.73429	1.030418	0.4394998	0.354903	0.645097	3.926817
97122	-1481.894	-1575.804	93.91009	0.7846305	0.6426009	0.461262	0.538738	5.467373
97128	-1470.743	-1565.117	94.37367	0.5673567	0.6558479	0.522157	0.477843	5.321605
97134	-1476.698	-1573.254	96.55511	0.7712294	0.6117161	0.428537	0.571463	4.019493
97140	-1482.147	-1576.303	94.15646	0.7712294	0.8275114	0.569768	0.430232	5.210344
97146	-1478.732	-1573.08	94.34847	0.4773064	0.5969595	0.440178	0.559822	5.430923
97152	-1487.825	-1582.23	94.40468	0.5415458	0.5969595	0.602668	0.397332	5.364549
97158	-1477.088	-1572.929	95.84084	0.65139	0.6354476	0.560683	0.439317	4.473241
97164	-1481.928	-1574.884	92.95616	0.5561184	0.6052686	0.477789	0.522211	6.143267
97170	-1483.487	-1575.893	92.4057	0.3429348	0.6052686	0.477789	0.522211	6.557727
97176	-1485.606	-1580.263	94.65762	0.5405525	0.6052686	0.480423	0.519577	5.21877
97182	-1501.69	-1596.77	95.07957	0.623771	0.6034107	0.590348	0.409652	4.940087
97188	-1491.749	-1586.516	94.76647	0.5092234	0.6086536	0.403742	0.596258	5.173182
97194	-1487.734	-1581.466	93.73215	0.5092234	0.4396026	0.603128	0.396872	5.891206
97200	-1485.225	-1580.318	95.09262	0.6371264	0.5516277	0.522712	0.477288	4.968443
97206	-1474.136	-1568.802	94.66633	0.7063102	0.4949658	0.522712	0.477288	5.216783
97212	-1480.842	-1576.747	95.90558	0.5446567	0.5898875	0.548851	0.451149	4.533578
97218	-1492.396	-1587.646	95.2496	0.7757675	0.5794173	0.579024	0.420976	4.780254
97224	-1484.183	-1579.243	95.06022	0.6915677	0.6988321	0.388089	0.611911	4.840168
97230	-1483.863	-1578.47	94.6073	0.7463972	0.5721366	0.388089	0.611911	5.159735
97236	-1496.214	-1591.677	95.46238	0.6215735	0.5775034	0.375341	0.624659	4.74912
97242	-1488.662	-1583.328	94.66559	0.6860598	0.4252825	0.44982	0.55018	5.295893
97248	-1479.539	-1575.019	95.48015	0.6561683	0.5116085	0.423503	0.576497	4.777235
97254	-1495.039	-1591.434	96.39495	0.5282096	0.5052175	0.401652	0.598348	4.34118
97260	-1495.216	-1591.25	96.03394	0.6402868	0.7608423	0.564159	0.435841	4.278071
97266	-1482.351	-1576.126	93.77456	0.5847687	0.7608423	0.464916	0.535084	5.567217
97272	-1479.04	-1573.844	94.80425	0.4769059	0.6011756	0.450187	0.549813	5.176143
97278	-1480.153	-1574.663	94.5099	0.526714	0.577523	0.480982	0.519018	5.330522
97284	-1484.328	-1579.111	94.78371	0.8233694	0.7604521	0.480982	0.519018	4.877446
97290	-1475.603	-1571.434	95.83111	0.8372365	0.4726378	0.547591	0.452409	4.515653
97296	-1484.555	-1581.184	96.62938	0.7733833	0.7047321	0.422366	0.577634	3.903281
97302	-1475.873	-1572.242	96.36897	0.7690003	0.4298972	0.414165	0.585835	4.293574
97308	-1494.021	-1588.111	94.09008	0.6866628	0.4298972	0.353357	0.646643	5.607697
97314	-1488.837	-1582.644	93.80685	0.5919157	0.524461	0.521693	0.478307	5.726243
97320	-1487.186	-1581.723	94.53707	0.5800102	0.6539292	0.521693	0.478307	5.225803
97326	-1486.128	-1580.373	94.2445	0.3935829	0.6539292	0.464029	0.535971	5.489962
97332	-1491.799	-1585.507	93.70881	0.3626086	0.5971141	0.424045	0.575955	5.844702
97338	-1494.166	-1587.501	93.33462	0.8366801	0.5313891	0.585029	0.414971	5.844702
97344	-1492.809	-1587.006	94.19744	0.4540593	0.6024103	0.41128	0.58872	5.522452
97350	-1497.603	-1591.773	94.17069	0.48081	0.6024103	0.445521	0.554479	5.522452
97356	-1494.972	-1588.822	93.85034	0.3944203	0.701284	0.542076	0.457924	5.671323
97362	-1492.812	-1586.971	94.15951	0.4497346	0.4586127	0.436312	0.563688	5.671323
97368	-1494.897	-1588.667	93.77018	0.4911411	0.5453702	0.316221	0.683779	5.78345
97374	-1485.212	-1579.449	94.23661	0.6407957	0.5640986	0.56733	0.43267	5.429427
97380	-1489.589	-1585.762	96.1731	0.7497142	0.314741	0.582054	0.417946	4.546717
97386	-1477.432	-1572.847	95.41445	0.5305274	0.4283716	0.401754	0.598246	4.964019
97410	-1492.768	-1589.788	97.02064	0.7483426	0.7023837	0.456081	0.543919	3.694163
97416	-1487.155	-1581.789	94.63349	0.5491902	0.4621884	0.402368	0.597632	5.35255
97422	-1488.521	-1582.963	94.44204	0.6258529	0.5907116	0.617221	0.382779	5.302475
97428	-1478.955	-1572.721	93.76611	0.4878379	0.5378787	0.617221	0.382779	5.793893
97434	-1476.746	-1573.403	96.65709	0.797888	0.5083221	0.501311	0.498689	4.036324
97482	-1483.231	-1577.516	94.28471	0.6126627	0.4970398	0.428447	0.571553	5.47703
97488	-1489.031	-1583.715	94.68395	0.5049384	0.6208067	0.658555	0.341445	5.211599
97890	-1488.001	-1583.653	95.65193	0.566042	0.6346592	0.51408	0.48592	4.627921
97896	-1489.318	-1582.079	92.76181	0.5487684	0.7328146	0.531325	0.468675	6.159545
97902	-1477.14	-1571.798	94.65827	0.6242439	0.5960392	0.540472	0.459528	5.179528
97908	-1484.62	-1580.331	95.71146	0.5709983	0.6531819	0.366039	0.633961	4.577386
97914	-1484.375	-1578.051	93.67644	0.5638873	0.6544217	0.486048	0.513952	5.707975
97920	-1484.991	-1581.372	96.38098	0.7946382	0.6544217	0.543923	0.456077	4.071387
97926	-1485.886	-1582.542	96.65556	0.804108	0.4689461	0.458791	0.541209	4.071387
97932	-1475.931	-1572.724	96.79312	0.7640466	0.6371022	0.478759	0.521241	3.866779
97938	-1478.664	-1573.865	95.20051	0.7640466	0.8319772	0.51074	0.48926	4.630335
97944	-1478.599	-1572.739	94.13932	0.6421307	0.7192644	0.473777	0.526223	5.363496
97950	-1478.074	-1572.721	94.64663	0.6617072	0.5960142	0.377788	0.622212	5.165253
97956	-1481.08	-1578.101	97.02128	0.9418808	0.5500665	0.44044	0.55956	3.70642
97962	-1482.281	-1579.763	97.48103	1.016651	0.5808266	0.444164	0.555836	3.367951
97968	-1487.13	-1583.332	96.20176	1.049232	0.7238799	0.29126	0.70874	3.976138
98004	-1477.382	-1571.694	94.31169	0.6265418	0.7864748	0.451367	0.548633	5.231128
98034	-1491.041	-1584.866	93.82553	0.4926355	0.6127222	0.639731	0.360269	5.697273
98040	-1479.069	-1574.023	94.95388	0.6158611	0.8102776	0.531228	0.468772	4.865027
98046	-1477.775	-1574.277	96.50168	0.8882959	0.4452388	0.54419	0.45581	4.134828
98052	-1474.89	-1568.619	93.72882	0.5531445	0.6416033	0.490462	0.509538	5.694817
98058	-1480.559	-1572.165	91.60625	0.3696037	0.5168027	0.490462	0.509538	7.047678
98064	-1484.797	-1578.192	93.39415	0.4156726	0.5168027	0.522192	0.477808	6.054765
98070	-1483.537	-1579.305	95.76774	0.7615336	0.6194186	0.522192	0.477808	4.465094
98076	-1478.772	-1575.553	96.78063	0.8209738	0.6194186	0.346169	0.653831	3.855541
98082	-1483.348	-1579.271	95.92215	0.7856743	0.5957701	0.394455	0.605545	4.383653
98088	-1495.669	-1593.274	97.60469	0.8070413	0.6413021	0.423916	0.576084	3.367441
98094	-1478.285	-1574.388	96.10219	0.8070413	0.5270805	0.424438	0.575562	4.329068
98100	-1484.516	-1580.533	96.01746	0.5503037	0.5765346	0.393559	0.606441	4.47862
98106	-1484.136	-1578.383	94.24672	0.7308474	0.6995005	0.576773	0.423227	5.269316
98112	-1479.563	-1576.056	96.4934	0.8036814	0.4894879	0.368168	0.631832	4.144036
98118	-1487.222	-1583.653	96.43095	0.8036814	0.3726473	0.47613	0.52387	4.301236
98124	-1493.253	-1589.858	96.60501	0.6184178	0.4076351	0.47613	0.52387	4.268745
98130	-1500.001	-1594.58	94.5791	0.5704545	0.633907	0.537199	0.462801	5.223152
98136	-1497.414	-1593.179	95.76522	0.6160036	0.576231	0.455298	0.544702	4.583711
98154	-1491.264	-1585.792	94.5286	0.6525985	0.6701915	0.464739	0.535261	5.178149
98220	-1491.694	-1588.536	96.84237	0.7120362	0.5220108	0.550115	0.449885	3.966841
98226	-1484.059	-1579.729	95.67083	0.711442	0.7796562	0.566028	0.433972	4.430089
98232	-1478.764	-1574.322	95.55768	0.6922049	0.5585282	0.448243	0.551757	4.672349
98238	-1496.046	-1592.296	96.25082	0.6700017	0.6371927	0.446105	0.553895	4.229748
98244	-1498.335	-1594.491	96.15595	0.8076348	1.114853	0.41141	0.58859	3.900041
98250	-1494.278	-1589.949	95.67145	0.8076348	1.114853	0.49521	0.50479	4.176538
98256	-1500.88	-1595.45	94.57059	0.6379827	0.7159615	0.4782	0.5218	5.129771
98784	-1489.049	-1583.673	94.62327	0.4539953	0.4822639	0.463646	0.536354	5.391622
98850	-1498.429	-1595.394	96.96478	0.9704957	0.445047	0.458067	0.541933	3.823166
98856	-1503.003	-1596.832	93.82917	0.6454018	0.4563018	0.327238	0.672762	5.747346
98862	-1485.082	-1578.477	93.39508	0.6454018	0.5245513	0.401016	0.598984	5.922131
98868	-1480.215	-1575.758	95.54247	0.6382177	0.6477411	0.48652	0.51348	4.63865
98874	-1482.25	-1577.822	95.57233	0.89642	0.6402905	0.421765	0.578235	4.482669
98880	-1487.838	-1584.965	97.1271	0.89642	0.6819291	0.437368	0.562632	3.562109
98886	-1492.421	-1588.487	96.0652	0.9382327	0.4717572	0.417144	0.582856	4.327596
98892	-1490.62	-1586.836	96.21627	0.7203755	0.728678	0.396537	0.603463	4.151899
98898	-1482.054	-1577.965	95.91169	0.7203755	0.653199	0.510897	0.489103	4.380601
98982	-1489.488	-1587.085	97.59679	0.99855	0.4546551	0.398385	0.601615	3.430383
98988	-1489.918	-1587.308	97.39012	0.99855	0.6906615	0.411188	0.588812	3.341857
99012	-1483.49	-1578.444	94.95341	0.608806	0.5968449	0.583393	0.416607	5.023829
